Id,CreationTime,Operation,UserKey,UserId,WorkspaceId,DatasetId,ReportId,CapacityId,ObjectType
act-000001,2026-06-24T06:05:00Z,View,key-1,user058@contoso.example,ws-049,ds-0147,,,Dataset
act-000002,2026-06-02T11:10:00Z,ViewReport,key-2,user067@contoso.example,ws-043,ds-0127,,,Dataset
act-000003,2026-06-23T06:24:00Z,Export,key-3,user047@contoso.example,ws-049,ds-0147,,,Dataset
act-000004,2026-06-06T11:52:00Z,ViewReport,key-4,user109@contoso.example,ws-049,ds-0145,,,Dataset
act-000005,2026-06-09T04:15:00Z,RefreshDataset,key-5,user035@contoso.example,ws-001,ds-0002,,,Dataset
act-000006,2026-06-16T09:25:00Z,RefreshDataset,key-6,user003@contoso.example,ws-050,ds-0151,,,Dataset
act-000007,2026-06-04T15:24:00Z,ViewDashboard,key-7,user024@contoso.example,ws-019,ds-0053,,,Dataset
act-000008,2026-06-19T16:55:00Z,View,key-8,user005@contoso.example,ws-038,ds-0109,,,Dataset
act-000009,2026-06-27T16:23:00Z,View,key-9,user100@contoso.example,ws-057,ds-0171,,,Dataset
act-000010,2026-06-01T13:50:00Z,View,key-10,user004@contoso.example,ws-014,ds-0039,,,Dataset
act-000011,2026-06-14T06:22:00Z,View,key-11,user091@contoso.example,ws-037,ds-0107,,,Dataset
act-000012,2026-06-16T14:23:00Z,ViewReport,key-12,user075@contoso.example,ws-035,ds-0101,,,Dataset
act-000013,2026-06-06T19:33:00Z,ViewReport,key-13,user001@contoso.example,ws-028,ds-0080,,,Dataset
act-000014,2026-06-26T09:56:00Z,ViewReport,key-14,user010@contoso.example,ws-001,ds-0003,,,Dataset
act-000015,2026-06-07T23:10:00Z,View,key-15,user056@contoso.example,ws-041,ds-0121,,,Dataset
act-000016,2026-06-25T04:19:00Z,View,key-16,user114@contoso.example,ws-045,ds-0135,,,Dataset
act-000017,2026-06-10T22:24:00Z,ViewReport,key-17,user084@contoso.example,ws-019,ds-0053,,,Dataset
act-000018,2026-06-05T21:46:00Z,ViewReport,key-18,user106@contoso.example,ws-021,ds-0059,,,Dataset
act-000019,2026-06-03T03:35:00Z,ViewReport,key-19,user039@contoso.example,ws-045,ds-0132,,,Dataset
act-000020,2026-06-01T07:53:00Z,View,key-20,user110@contoso.example,ws-046,ds-0139,,,Dataset
act-000021,2026-06-28T21:45:00Z,View,key-21,user130@contoso.example,ws-061,ds-0185,,,Dataset
act-000022,2026-06-22T13:08:00Z,View,key-22,user086@contoso.example,ws-056,ds-0170,,,Dataset
act-000023,2026-06-07T20:42:00Z,ViewReport,key-23,user025@contoso.example,ws-006,ds-0017,,,Dataset
act-000024,2026-06-21T05:32:00Z,View,key-24,user008@contoso.example,ws-008,ds-0021,,,Dataset
act-000025,2026-06-26T06:40:00Z,View,key-25,user101@contoso.example,ws-035,ds-0101,,,Dataset
act-000026,2026-06-08T12:41:00Z,RefreshDataset,key-26,user078@contoso.example,ws-061,ds-0185,,,Dataset
act-000027,2026-06-16T05:32:00Z,ViewReport,key-27,user041@contoso.example,ws-007,ds-0019,,,Dataset
act-000028,2026-06-14T10:37:00Z,View,key-28,user003@contoso.example,ws-045,ds-0132,,,Dataset
act-000029,2026-06-07T06:43:00Z,ViewReport,key-29,user045@contoso.example,ws-043,ds-0126,,,Dataset
act-000030,2026-06-22T21:38:00Z,ViewDashboard,key-30,user008@contoso.example,ws-026,ds-0072,,,Dataset
act-000031,2026-06-27T07:31:00Z,View,key-31,user051@contoso.example,ws-032,ds-0093,,,Dataset
act-000032,2026-06-22T23:06:00Z,View,key-32,user065@contoso.example,ws-056,ds-0169,,,Dataset
act-000033,2026-06-24T10:08:00Z,View,key-33,user085@contoso.example,ws-059,ds-0177,,,Dataset
act-000034,2026-06-14T14:53:00Z,View,key-34,user088@contoso.example,ws-009,ds-0026,,,Dataset
act-000035,2026-06-02T23:15:00Z,View,key-35,user129@contoso.example,ws-005,ds-0014,,,Dataset
act-000036,2026-06-15T17:03:00Z,ViewReport,key-36,user033@contoso.example,ws-040,ds-0117,,,Dataset
act-000037,2026-06-23T12:21:00Z,View,key-37,user075@contoso.example,ws-014,ds-0039,,,Dataset
act-000038,2026-06-26T17:38:00Z,View,key-38,user041@contoso.example,ws-007,ds-0019,,,Dataset
act-000039,2026-06-26T23:38:00Z,View,key-39,user129@contoso.example,ws-044,ds-0130,,,Dataset
act-000040,2026-06-29T05:58:00Z,RefreshDataset,key-40,user019@contoso.example,ws-001,ds-0002,,,Dataset
act-000041,2026-06-11T03:17:00Z,View,key-41,user128@contoso.example,ws-050,ds-0151,,,Dataset
act-000042,2026-06-14T08:36:00Z,View,key-42,user022@contoso.example,ws-009,ds-0023,,,Dataset
act-000043,2026-06-14T11:28:00Z,ViewReport,key-43,user036@contoso.example,ws-037,ds-0106,,,Dataset
act-000044,2026-06-17T05:08:00Z,RefreshDataset,key-44,user100@contoso.example,ws-060,ds-0181,,,Dataset
act-000045,2026-06-04T18:41:00Z,ViewReport,key-45,user145@contoso.example,ws-029,ds-0084,,,Dataset
act-000046,2026-06-22T00:56:00Z,View,key-46,user144@contoso.example,ws-012,ds-0034,,,Dataset
act-000047,2026-06-28T08:37:00Z,View,key-47,user066@contoso.example,ws-027,ds-0076,,,Dataset
act-000048,2026-06-24T10:29:00Z,ViewReport,key-48,user105@contoso.example,ws-042,ds-0123,,,Dataset
act-000049,2026-06-28T12:04:00Z,Export,key-49,user139@contoso.example,ws-061,ds-0185,,,Dataset
act-000050,2026-06-18T13:21:00Z,View,key-50,user009@contoso.example,ws-053,ds-0161,,,Dataset
act-000051,2026-06-23T18:54:00Z,ViewReport,key-51,user089@contoso.example,ws-009,ds-0024,,,Dataset
act-000052,2026-06-24T12:47:00Z,View,key-52,user037@contoso.example,ws-039,ds-0114,,,Dataset
act-000053,2026-06-07T18:44:00Z,ViewDashboard,key-53,user094@contoso.example,ws-055,ds-0167,,,Dataset
act-000054,2026-06-30T18:48:00Z,View,key-54,user004@contoso.example,ws-018,ds-0049,,,Dataset
act-000055,2026-06-30T03:37:00Z,View,key-55,user118@contoso.example,ws-026,ds-0073,,,Dataset
act-000056,2026-06-01T13:24:00Z,View,key-56,user084@contoso.example,ws-010,ds-0028,,,Dataset
act-000057,2026-06-22T07:26:00Z,ViewReport,key-57,user127@contoso.example,ws-003,ds-0009,,,Dataset
act-000058,2026-06-18T01:59:00Z,View,key-58,user036@contoso.example,ws-039,ds-0113,,,Dataset
act-000059,2026-06-01T07:59:00Z,ViewReport,key-59,user141@contoso.example,ws-054,ds-0163,,,Dataset
act-000060,2026-06-18T03:04:00Z,View,key-60,user148@contoso.example,ws-015,ds-0041,,,Dataset
act-000061,2026-06-20T13:25:00Z,View,key-61,user057@contoso.example,ws-042,ds-0123,,,Dataset
act-000062,2026-06-15T05:01:00Z,ViewReport,key-62,user058@contoso.example,ws-019,ds-0052,,,Dataset
act-000063,2026-06-10T08:32:00Z,ViewDashboard,key-63,user097@contoso.example,ws-021,ds-0058,,,Dataset
act-000064,2026-06-12T13:30:00Z,View,key-64,user026@contoso.example,ws-001,ds-0001,,,Dataset
act-000065,2026-06-19T20:44:00Z,View,key-65,user084@contoso.example,ws-001,ds-0001,,,Dataset
act-000066,2026-06-16T09:53:00Z,View,key-66,user126@contoso.example,ws-018,ds-0050,,,Dataset
act-000067,2026-06-16T01:20:00Z,View,key-67,user116@contoso.example,ws-024,ds-0067,,,Dataset
act-000068,2026-06-07T19:15:00Z,View,key-68,user002@contoso.example,ws-008,ds-0020,,,Dataset
act-000069,2026-06-19T23:21:00Z,ViewDashboard,key-69,user141@contoso.example,ws-025,ds-0070,,,Dataset
act-000070,2026-06-21T17:31:00Z,ViewReport,key-70,user013@contoso.example,ws-022,ds-0062,,,Dataset
act-000071,2026-06-25T11:33:00Z,View,key-71,user032@contoso.example,ws-044,ds-0129,,,Dataset
act-000072,2026-06-02T05:21:00Z,ViewDashboard,key-72,user035@contoso.example,ws-019,ds-0055,,,Dataset
act-000073,2026-06-19T05:27:00Z,View,key-73,user070@contoso.example,ws-037,ds-0108,,,Dataset
act-000074,2026-06-16T16:57:00Z,ViewReport,key-74,user145@contoso.example,ws-005,ds-0013,,,Dataset
act-000075,2026-06-11T16:03:00Z,View,key-75,user024@contoso.example,ws-028,ds-0079,,,Dataset
act-000076,2026-06-25T09:24:00Z,ViewReport,key-76,user120@contoso.example,ws-011,ds-0032,,,Dataset
act-000077,2026-06-25T23:00:00Z,View,key-77,user149@contoso.example,ws-004,ds-0011,,,Dataset
act-000078,2026-06-22T01:56:00Z,View,key-78,user133@contoso.example,ws-003,ds-0009,,,Dataset
act-000079,2026-06-17T10:16:00Z,View,key-79,user060@contoso.example,ws-035,ds-0101,,,Dataset
act-000080,2026-06-21T09:46:00Z,View,key-80,user103@contoso.example,ws-044,ds-0128,,,Dataset
act-000081,2026-06-25T18:14:00Z,ViewReport,key-81,user009@contoso.example,ws-049,ds-0147,,,Dataset
act-000082,2026-06-18T19:17:00Z,View,key-82,user148@contoso.example,ws-010,ds-0027,,,Dataset
act-000083,2026-06-17T10:36:00Z,View,key-83,user135@contoso.example,ws-034,ds-0097,,,Dataset
act-000084,2026-06-08T04:06:00Z,ViewDashboard,key-84,user090@contoso.example,ws-019,ds-0052,,,Dataset
act-000085,2026-06-10T04:59:00Z,View,key-85,user065@contoso.example,ws-056,ds-0170,,,Dataset
act-000086,2026-06-21T22:11:00Z,ViewReport,key-86,user027@contoso.example,ws-032,ds-0092,,,Dataset
act-000087,2026-06-03T18:41:00Z,View,key-87,user091@contoso.example,ws-004,ds-0011,,,Dataset
act-000088,2026-06-20T09:55:00Z,View,key-88,user043@contoso.example,ws-001,ds-0004,,,Dataset
act-000089,2026-06-22T18:18:00Z,ViewReport,key-89,user081@contoso.example,ws-006,ds-0017,,,Dataset
act-000090,2026-06-19T14:39:00Z,ViewReport,key-90,user010@contoso.example,ws-053,ds-0160,,,Dataset
act-000091,2026-06-24T21:14:00Z,View,key-91,user139@contoso.example,ws-012,ds-0036,,,Dataset
act-000092,2026-06-23T14:43:00Z,ViewDashboard,key-92,user100@contoso.example,ws-037,ds-0108,,,Dataset
act-000093,2026-06-28T13:02:00Z,View,key-93,user043@contoso.example,ws-054,ds-0162,,,Dataset
act-000094,2026-06-27T23:33:00Z,RefreshDataset,key-94,user019@contoso.example,ws-049,ds-0148,,,Dataset
act-000095,2026-06-29T06:49:00Z,View,key-95,user055@contoso.example,ws-028,ds-0080,,,Dataset
act-000096,2026-06-19T19:52:00Z,View,key-96,user137@contoso.example,ws-041,ds-0121,,,Dataset
act-000097,2026-06-15T09:18:00Z,ViewReport,key-97,user050@contoso.example,ws-057,ds-0172,,,Dataset
act-000098,2026-06-01T16:06:00Z,View,key-98,user062@contoso.example,ws-044,ds-0131,,,Dataset
act-000099,2026-06-06T22:48:00Z,ViewReport,key-99,user115@contoso.example,ws-049,ds-0146,,,Dataset
act-000100,2026-06-23T00:11:00Z,ViewReport,key-100,user063@contoso.example,ws-034,ds-0099,,,Dataset
act-000101,2026-06-17T05:56:00Z,View,key-101,user090@contoso.example,ws-001,ds-0002,,,Dataset
act-000102,2026-06-30T09:35:00Z,View,key-102,user031@contoso.example,ws-008,ds-0021,,,Dataset
act-000103,2026-06-08T07:52:00Z,View,key-103,user121@contoso.example,ws-010,ds-0027,,,Dataset
act-000104,2026-06-17T13:03:00Z,View,key-104,user115@contoso.example,ws-030,ds-0088,,,Dataset
act-000105,2026-06-13T14:31:00Z,View,key-105,user144@contoso.example,ws-007,ds-0019,,,Dataset
act-000106,2026-06-18T19:08:00Z,Export,key-106,user016@contoso.example,ws-003,ds-0009,,,Dataset
act-000107,2026-06-30T04:33:00Z,View,key-107,user113@contoso.example,ws-039,ds-0114,,,Dataset
act-000108,2026-06-09T01:22:00Z,ViewReport,key-108,user048@contoso.example,ws-044,ds-0129,,,Dataset
act-000109,2026-06-08T21:53:00Z,View,key-109,user004@contoso.example,ws-001,ds-0004,,,Dataset
act-000110,2026-06-13T14:31:00Z,View,key-110,user044@contoso.example,ws-046,ds-0136,,,Dataset
act-000111,2026-06-09T19:30:00Z,RefreshDataset,key-111,user097@contoso.example,ws-056,ds-0170,,,Dataset
act-000112,2026-06-11T10:48:00Z,View,key-112,user104@contoso.example,ws-041,ds-0120,,,Dataset
act-000113,2026-06-10T18:53:00Z,View,key-113,user067@contoso.example,ws-037,ds-0107,,,Dataset
act-000114,2026-06-23T11:06:00Z,ViewReport,key-114,user081@contoso.example,ws-059,ds-0178,,,Dataset
act-000115,2026-06-08T14:22:00Z,View,key-115,user077@contoso.example,ws-017,ds-0046,,,Dataset
act-000116,2026-06-26T09:43:00Z,View,key-116,user083@contoso.example,ws-045,ds-0133,,,Dataset
act-000117,2026-06-05T23:26:00Z,ViewReport,key-117,user147@contoso.example,ws-056,ds-0168,,,Dataset
act-000118,2026-06-02T22:07:00Z,View,key-118,user027@contoso.example,ws-045,ds-0134,,,Dataset
act-000119,2026-06-25T03:52:00Z,View,key-119,user111@contoso.example,ws-010,ds-0029,,,Dataset
act-000120,2026-06-16T07:50:00Z,View,key-120,user089@contoso.example,ws-021,ds-0060,,,Dataset
act-000121,2026-06-03T10:29:00Z,View,key-121,user108@contoso.example,ws-038,ds-0110,,,Dataset
act-000122,2026-06-16T01:41:00Z,View,key-122,user106@contoso.example,ws-033,ds-0095,,,Dataset
act-000123,2026-06-25T17:00:00Z,View,key-123,user130@contoso.example,ws-051,ds-0156,,,Dataset
act-000124,2026-06-24T06:04:00Z,View,key-124,user112@contoso.example,ws-050,ds-0150,,,Dataset
act-000125,2026-06-11T22:03:00Z,ViewReport,key-125,user082@contoso.example,ws-017,ds-0046,,,Dataset
act-000126,2026-06-17T13:03:00Z,RefreshDataset,key-126,user077@contoso.example,ws-022,ds-0064,,,Dataset
act-000127,2026-06-24T23:57:00Z,View,key-127,user062@contoso.example,ws-030,ds-0089,,,Dataset
act-000128,2026-06-28T06:49:00Z,View,key-128,user063@contoso.example,ws-046,ds-0139,,,Dataset
act-000129,2026-06-10T19:56:00Z,View,key-129,user083@contoso.example,ws-032,ds-0093,,,Dataset
act-000130,2026-06-15T01:21:00Z,View,key-130,user087@contoso.example,ws-008,ds-0020,,,Dataset
act-000131,2026-06-24T15:54:00Z,RefreshDataset,key-131,user035@contoso.example,ws-046,ds-0136,,,Dataset
act-000132,2026-06-13T06:34:00Z,View,key-132,user052@contoso.example,ws-047,ds-0140,,,Dataset
act-000133,2026-06-26T05:17:00Z,ViewReport,key-133,user038@contoso.example,ws-058,ds-0174,,,Dataset
act-000134,2026-06-15T02:24:00Z,ViewReport,key-134,user100@contoso.example,ws-010,ds-0029,,,Dataset
act-000135,2026-06-25T05:45:00Z,View,key-135,user097@contoso.example,ws-059,ds-0177,,,Dataset
act-000136,2026-06-19T14:47:00Z,View,key-136,user047@contoso.example,ws-023,ds-0065,,,Dataset
act-000137,2026-06-29T06:40:00Z,View,key-137,user143@contoso.example,ws-041,ds-0121,,,Dataset
act-000138,2026-06-12T20:17:00Z,View,key-138,user114@contoso.example,ws-041,ds-0121,,,Dataset
act-000139,2026-06-25T22:11:00Z,View,key-139,user147@contoso.example,ws-037,ds-0106,,,Dataset
act-000140,2026-06-28T06:58:00Z,ViewReport,key-140,user040@contoso.example,ws-011,ds-0032,,,Dataset
act-000141,2026-06-06T23:36:00Z,View,key-141,user045@contoso.example,ws-026,ds-0072,,,Dataset
act-000142,2026-06-30T22:14:00Z,View,key-142,user001@contoso.example,ws-012,ds-0036,,,Dataset
act-000143,2026-06-28T12:11:00Z,View,key-143,user149@contoso.example,ws-031,ds-0090,,,Dataset
act-000144,2026-06-09T23:06:00Z,View,key-144,user088@contoso.example,ws-044,ds-0129,,,Dataset
act-000145,2026-06-12T08:04:00Z,ViewReport,key-145,user082@contoso.example,ws-046,ds-0139,,,Dataset
act-000146,2026-06-18T16:56:00Z,View,key-146,user001@contoso.example,ws-022,ds-0062,,,Dataset
act-000147,2026-06-02T07:22:00Z,View,key-147,user052@contoso.example,ws-036,ds-0103,,,Dataset
act-000148,2026-06-29T05:32:00Z,View,key-148,user049@contoso.example,ws-014,ds-0039,,,Dataset
act-000149,2026-06-11T21:19:00Z,View,key-149,user115@contoso.example,ws-052,ds-0157,,,Dataset
act-000150,2026-06-19T17:24:00Z,View,key-150,user110@contoso.example,ws-032,ds-0093,,,Dataset
act-000151,2026-06-27T16:37:00Z,View,key-151,user036@contoso.example,ws-061,ds-0183,,,Dataset
act-000152,2026-06-03T06:09:00Z,View,key-152,user107@contoso.example,ws-032,ds-0094,,,Dataset
act-000153,2026-06-06T17:26:00Z,View,key-153,user075@contoso.example,ws-046,ds-0138,,,Dataset
act-000154,2026-06-21T06:19:00Z,View,key-154,user135@contoso.example,ws-039,ds-0113,,,Dataset
act-000155,2026-06-27T17:11:00Z,View,key-155,user044@contoso.example,ws-019,ds-0054,,,Dataset
act-000156,2026-06-28T11:34:00Z,View,key-156,user075@contoso.example,ws-039,ds-0113,,,Dataset
act-000157,2026-06-13T14:59:00Z,View,key-157,user054@contoso.example,ws-057,ds-0171,,,Dataset
act-000158,2026-06-03T12:12:00Z,View,key-158,user142@contoso.example,ws-022,ds-0063,,,Dataset
act-000159,2026-06-10T12:02:00Z,View,key-159,user101@contoso.example,ws-010,ds-0027,,,Dataset
act-000160,2026-06-29T04:32:00Z,View,key-160,user054@contoso.example,ws-001,ds-0004,,,Dataset
act-000161,2026-06-23T12:19:00Z,View,key-161,user073@contoso.example,ws-051,ds-0156,,,Dataset
act-000162,2026-06-26T21:31:00Z,View,key-162,user024@contoso.example,ws-026,ds-0073,,,Dataset
act-000163,2026-06-14T07:16:00Z,ViewReport,key-163,user009@contoso.example,ws-055,ds-0167,,,Dataset
act-000164,2026-06-08T03:03:00Z,ViewDashboard,key-164,user026@contoso.example,ws-061,ds-0183,,,Dataset
act-000165,2026-06-13T13:15:00Z,View,key-165,user037@contoso.example,ws-034,ds-0097,,,Dataset
act-000166,2026-06-17T08:23:00Z,View,key-166,user075@contoso.example,ws-028,ds-0082,,,Dataset
act-000167,2026-06-25T00:34:00Z,View,key-167,user097@contoso.example,ws-054,ds-0163,,,Dataset
act-000168,2026-06-05T05:57:00Z,View,key-168,user027@contoso.example,ws-049,ds-0148,,,Dataset
act-000169,2026-06-21T00:32:00Z,View,key-169,user021@contoso.example,ws-028,ds-0080,,,Dataset
act-000170,2026-06-02T12:46:00Z,ViewReport,key-170,user016@contoso.example,ws-037,ds-0107,,,Dataset
act-000171,2026-06-06T12:57:00Z,View,key-171,user005@contoso.example,ws-001,ds-0002,,,Dataset
act-000172,2026-06-21T03:28:00Z,ViewReport,key-172,user086@contoso.example,ws-024,ds-0068,,,Dataset
act-000173,2026-06-07T16:53:00Z,ViewReport,key-173,user098@contoso.example,ws-054,ds-0163,,,Dataset
act-000174,2026-06-29T04:57:00Z,View,key-174,user007@contoso.example,ws-028,ds-0080,,,Dataset
act-000175,2026-06-14T12:40:00Z,View,key-175,user074@contoso.example,ws-043,ds-0126,,,Dataset
act-000176,2026-06-11T15:55:00Z,ViewReport,key-176,user038@contoso.example,ws-020,ds-0057,,,Dataset
act-000177,2026-06-30T02:27:00Z,View,key-177,user046@contoso.example,ws-031,ds-0090,,,Dataset
act-000178,2026-06-30T21:17:00Z,Export,key-178,user135@contoso.example,ws-014,ds-0040,,,Dataset
act-000179,2026-06-19T06:22:00Z,ViewReport,key-179,user004@contoso.example,ws-024,ds-0069,,,Dataset
act-000180,2026-06-15T02:51:00Z,ViewReport,key-180,user004@contoso.example,ws-007,ds-0018,,,Dataset
act-000181,2026-06-22T14:48:00Z,ViewReport,key-181,user096@contoso.example,ws-016,ds-0044,,,Dataset
act-000182,2026-06-01T05:15:00Z,ViewReport,key-182,user089@contoso.example,ws-056,ds-0170,,,Dataset
act-000183,2026-06-21T23:01:00Z,View,key-183,user025@contoso.example,ws-038,ds-0109,,,Dataset
act-000184,2026-06-09T17:21:00Z,RefreshDataset,key-184,user051@contoso.example,ws-021,ds-0060,,,Dataset
act-000185,2026-06-25T03:31:00Z,View,key-185,user148@contoso.example,ws-008,ds-0021,,,Dataset
act-000186,2026-06-25T10:22:00Z,ViewReport,key-186,user017@contoso.example,ws-023,ds-0066,,,Dataset
act-000187,2026-06-06T18:58:00Z,ViewReport,key-187,user075@contoso.example,ws-048,ds-0142,,,Dataset
act-000188,2026-06-25T18:11:00Z,View,key-188,user047@contoso.example,ws-015,ds-0041,,,Dataset
act-000189,2026-06-17T21:57:00Z,View,key-189,user047@contoso.example,ws-047,ds-0141,,,Dataset
act-000190,2026-06-02T16:37:00Z,View,key-190,user029@contoso.example,ws-058,ds-0175,,,Dataset
act-000191,2026-06-28T14:55:00Z,View,key-191,user031@contoso.example,ws-035,ds-0101,,,Dataset
act-000192,2026-06-27T05:26:00Z,View,key-192,user086@contoso.example,ws-051,ds-0156,,,Dataset
act-000193,2026-06-02T10:48:00Z,View,key-193,user059@contoso.example,ws-006,ds-0015,,,Dataset
act-000194,2026-06-23T04:17:00Z,View,key-194,user076@contoso.example,ws-051,ds-0154,,,Dataset
act-000195,2026-06-08T01:15:00Z,ViewReport,key-195,user094@contoso.example,ws-059,ds-0177,,,Dataset
act-000196,2026-06-02T23:48:00Z,View,key-196,user102@contoso.example,ws-016,ds-0044,,,Dataset
act-000197,2026-06-27T04:50:00Z,View,key-197,user130@contoso.example,ws-022,ds-0062,,,Dataset
act-000198,2026-06-10T09:03:00Z,ViewReport,key-198,user124@contoso.example,ws-058,ds-0174,,,Dataset
act-000199,2026-06-21T12:22:00Z,View,key-199,user150@contoso.example,ws-023,ds-0066,,,Dataset
act-000200,2026-06-19T08:09:00Z,View,key-200,user092@contoso.example,ws-062,ds-0188,,,Dataset
act-000201,2026-06-24T16:01:00Z,View,key-201,user007@contoso.example,ws-018,ds-0049,,,Dataset
act-000202,2026-06-17T13:40:00Z,ViewReport,key-202,user074@contoso.example,ws-023,ds-0066,,,Dataset
act-000203,2026-06-18T13:41:00Z,ViewReport,key-203,user012@contoso.example,ws-022,ds-0063,,,Dataset
act-000204,2026-06-17T10:51:00Z,View,key-204,user015@contoso.example,ws-002,ds-0006,,,Dataset
act-000205,2026-06-25T08:59:00Z,View,key-205,user127@contoso.example,ws-057,ds-0172,,,Dataset
act-000206,2026-06-22T03:21:00Z,View,key-206,user081@contoso.example,ws-050,ds-0150,,,Dataset
act-000207,2026-06-04T17:08:00Z,View,key-207,user044@contoso.example,ws-019,ds-0055,,,Dataset
act-000208,2026-06-04T01:39:00Z,View,key-208,user074@contoso.example,ws-005,ds-0014,,,Dataset
act-000209,2026-06-09T15:36:00Z,View,key-209,user028@contoso.example,ws-059,ds-0177,,,Dataset
act-000210,2026-06-23T02:30:00Z,View,key-210,user065@contoso.example,ws-011,ds-0032,,,Dataset
act-000211,2026-06-28T22:00:00Z,View,key-211,user066@contoso.example,ws-003,ds-0008,,,Dataset
act-000212,2026-06-12T12:33:00Z,Export,key-212,user071@contoso.example,ws-058,ds-0174,,,Dataset
act-000213,2026-06-30T16:25:00Z,ViewReport,key-213,user125@contoso.example,ws-029,ds-0085,,,Dataset
act-000214,2026-06-25T06:30:00Z,ViewReport,key-214,user097@contoso.example,ws-027,ds-0076,,,Dataset
act-000215,2026-06-13T12:00:00Z,View,key-215,user101@contoso.example,ws-039,ds-0114,,,Dataset
act-000216,2026-06-13T23:03:00Z,Export,key-216,user121@contoso.example,ws-027,ds-0075,,,Dataset
act-000217,2026-06-09T03:09:00Z,View,key-217,user140@contoso.example,ws-001,ds-0002,,,Dataset
act-000218,2026-06-01T06:27:00Z,View,key-218,user129@contoso.example,ws-045,ds-0133,,,Dataset
act-000219,2026-06-21T04:22:00Z,ViewReport,key-219,user150@contoso.example,ws-012,ds-0034,,,Dataset
act-000220,2026-06-21T09:00:00Z,View,key-220,user064@contoso.example,ws-028,ds-0079,,,Dataset
act-000221,2026-06-25T11:07:00Z,View,key-221,user102@contoso.example,ws-036,ds-0103,,,Dataset
act-000222,2026-06-20T22:21:00Z,ViewDashboard,key-222,user096@contoso.example,ws-042,ds-0124,,,Dataset
act-000223,2026-06-05T22:58:00Z,View,key-223,user075@contoso.example,ws-038,ds-0111,,,Dataset
act-000224,2026-06-18T01:13:00Z,ViewReport,key-224,user110@contoso.example,ws-057,ds-0171,,,Dataset
act-000225,2026-06-07T12:30:00Z,View,key-225,user081@contoso.example,ws-045,ds-0134,,,Dataset
act-000226,2026-06-05T08:53:00Z,View,key-226,user064@contoso.example,ws-055,ds-0166,,,Dataset
act-000227,2026-06-11T07:31:00Z,Export,key-227,user041@contoso.example,ws-034,ds-0099,,,Dataset
act-000228,2026-06-20T16:14:00Z,View,key-228,user054@contoso.example,ws-052,ds-0157,,,Dataset
act-000229,2026-06-20T11:15:00Z,View,key-229,user102@contoso.example,ws-051,ds-0154,,,Dataset
act-000230,2026-06-02T16:41:00Z,ViewDashboard,key-230,user049@contoso.example,ws-046,ds-0138,,,Dataset
act-000231,2026-06-06T19:51:00Z,ViewReport,key-231,user061@contoso.example,ws-048,ds-0144,,,Dataset
act-000232,2026-06-10T22:55:00Z,View,key-232,user066@contoso.example,ws-003,ds-0008,,,Dataset
act-000233,2026-06-20T19:31:00Z,View,key-233,user085@contoso.example,ws-061,ds-0185,,,Dataset
act-000234,2026-06-09T23:31:00Z,ViewReport,key-234,user116@contoso.example,ws-019,ds-0052,,,Dataset
act-000235,2026-06-28T14:02:00Z,ViewReport,key-235,user011@contoso.example,ws-025,ds-0071,,,Dataset
act-000236,2026-06-19T13:29:00Z,View,key-236,user080@contoso.example,ws-046,ds-0137,,,Dataset
act-000237,2026-06-12T12:55:00Z,View,key-237,user116@contoso.example,ws-030,ds-0087,,,Dataset
act-000238,2026-06-08T19:24:00Z,ViewReport,key-238,user009@contoso.example,ws-009,ds-0025,,,Dataset
act-000239,2026-06-22T06:49:00Z,View,key-239,user088@contoso.example,ws-058,ds-0176,,,Dataset
act-000240,2026-06-16T06:58:00Z,View,key-240,user149@contoso.example,ws-036,ds-0103,,,Dataset
act-000241,2026-06-04T01:33:00Z,View,key-241,user029@contoso.example,ws-002,ds-0006,,,Dataset
act-000242,2026-06-23T21:31:00Z,View,key-242,user072@contoso.example,ws-028,ds-0081,,,Dataset
act-000243,2026-06-29T06:02:00Z,Export,key-243,user042@contoso.example,ws-041,ds-0122,,,Dataset
act-000244,2026-06-26T03:57:00Z,View,key-244,user130@contoso.example,ws-058,ds-0176,,,Dataset
act-000245,2026-06-15T21:29:00Z,ViewReport,key-245,user109@contoso.example,ws-007,ds-0018,,,Dataset
act-000246,2026-06-30T18:37:00Z,View,key-246,user130@contoso.example,ws-009,ds-0026,,,Dataset
act-000247,2026-06-15T05:14:00Z,View,key-247,user018@contoso.example,ws-037,ds-0106,,,Dataset
act-000248,2026-06-04T01:16:00Z,Export,key-248,user113@contoso.example,ws-046,ds-0138,,,Dataset
act-000249,2026-06-18T22:26:00Z,RefreshDataset,key-249,user029@contoso.example,ws-040,ds-0116,,,Dataset
act-000250,2026-06-05T12:20:00Z,ViewReport,key-250,user141@contoso.example,ws-042,ds-0123,,,Dataset
act-000251,2026-06-27T02:35:00Z,ViewReport,key-251,user031@contoso.example,ws-013,ds-0037,,,Dataset
act-000252,2026-06-06T15:48:00Z,ViewReport,key-252,user137@contoso.example,ws-048,ds-0144,,,Dataset
act-000253,2026-06-17T11:58:00Z,View,key-253,user148@contoso.example,ws-055,ds-0167,,,Dataset
act-000254,2026-06-22T18:04:00Z,Export,key-254,user007@contoso.example,ws-053,ds-0160,,,Dataset
act-000255,2026-06-21T16:18:00Z,ViewReport,key-255,user090@contoso.example,ws-009,ds-0026,,,Dataset
act-000256,2026-06-22T17:49:00Z,Export,key-256,user050@contoso.example,ws-029,ds-0086,,,Dataset
act-000257,2026-06-15T22:14:00Z,ViewReport,key-257,user072@contoso.example,ws-006,ds-0016,,,Dataset
act-000258,2026-06-07T14:57:00Z,View,key-258,user136@contoso.example,ws-037,ds-0107,,,Dataset
act-000259,2026-06-11T11:36:00Z,ViewDashboard,key-259,user006@contoso.example,ws-036,ds-0104,,,Dataset
act-000260,2026-06-16T03:27:00Z,ViewReport,key-260,user066@contoso.example,ws-053,ds-0160,,,Dataset
act-000261,2026-06-18T22:59:00Z,View,key-261,user079@contoso.example,ws-009,ds-0025,,,Dataset
act-000262,2026-06-01T00:03:00Z,View,key-262,user114@contoso.example,ws-062,ds-0188,,,Dataset
act-000263,2026-06-12T13:02:00Z,View,key-263,user032@contoso.example,ws-014,ds-0039,,,Dataset
act-000264,2026-06-02T23:27:00Z,ViewDashboard,key-264,user011@contoso.example,ws-028,ds-0080,,,Dataset
act-000265,2026-06-15T19:31:00Z,View,key-265,user135@contoso.example,ws-015,ds-0041,,,Dataset
act-000266,2026-06-24T05:11:00Z,View,key-266,user085@contoso.example,ws-062,ds-0188,,,Dataset
act-000267,2026-06-24T09:09:00Z,RefreshDataset,key-267,user069@contoso.example,ws-040,ds-0117,,,Dataset
act-000268,2026-06-09T18:45:00Z,View,key-268,user039@contoso.example,ws-042,ds-0125,,,Dataset
act-000269,2026-06-29T11:07:00Z,RefreshDataset,key-269,user123@contoso.example,ws-055,ds-0165,,,Dataset
act-000270,2026-06-23T06:51:00Z,View,key-270,user083@contoso.example,ws-037,ds-0106,,,Dataset
act-000271,2026-06-09T14:46:00Z,View,key-271,user119@contoso.example,ws-032,ds-0094,,,Dataset
act-000272,2026-06-27T17:44:00Z,ViewDashboard,key-272,user063@contoso.example,ws-057,ds-0171,,,Dataset
act-000273,2026-06-22T15:58:00Z,RefreshDataset,key-273,user083@contoso.example,ws-007,ds-0018,,,Dataset
act-000274,2026-06-07T18:47:00Z,View,key-274,user015@contoso.example,ws-060,ds-0179,,,Dataset
act-000275,2026-06-26T13:44:00Z,View,key-275,user143@contoso.example,ws-043,ds-0127,,,Dataset
act-000276,2026-06-11T06:45:00Z,View,key-276,user028@contoso.example,ws-036,ds-0103,,,Dataset
act-000277,2026-06-16T09:59:00Z,ViewReport,key-277,user066@contoso.example,ws-021,ds-0058,,,Dataset
act-000278,2026-06-02T05:22:00Z,ViewDashboard,key-278,user016@contoso.example,ws-034,ds-0097,,,Dataset
act-000279,2026-06-02T09:07:00Z,RefreshDataset,key-279,user105@contoso.example,ws-019,ds-0052,,,Dataset
act-000280,2026-06-22T12:54:00Z,View,key-280,user038@contoso.example,ws-043,ds-0127,,,Dataset
act-000281,2026-06-16T00:28:00Z,ViewDashboard,key-281,user115@contoso.example,ws-010,ds-0029,,,Dataset
act-000282,2026-06-19T22:47:00Z,View,key-282,user113@contoso.example,ws-059,ds-0177,,,Dataset
act-000283,2026-06-14T06:47:00Z,View,key-283,user076@contoso.example,ws-029,ds-0084,,,Dataset
act-000284,2026-06-06T22:29:00Z,View,key-284,user007@contoso.example,ws-015,ds-0041,,,Dataset
act-000285,2026-06-23T09:13:00Z,View,key-285,user026@contoso.example,ws-045,ds-0132,,,Dataset
act-000286,2026-06-16T23:26:00Z,View,key-286,user043@contoso.example,ws-041,ds-0119,,,Dataset
act-000287,2026-06-28T14:02:00Z,ViewReport,key-287,user080@contoso.example,ws-013,ds-0037,,,Dataset
act-000288,2026-06-08T02:25:00Z,ViewDashboard,key-288,user060@contoso.example,ws-055,ds-0164,,,Dataset
act-000289,2026-06-19T02:20:00Z,View,key-289,user108@contoso.example,ws-044,ds-0131,,,Dataset
act-000290,2026-06-09T15:08:00Z,View,key-290,user073@contoso.example,ws-029,ds-0086,,,Dataset
act-000291,2026-06-13T14:57:00Z,View,key-291,user012@contoso.example,ws-045,ds-0132,,,Dataset
act-000292,2026-06-22T06:27:00Z,View,key-292,user028@contoso.example,ws-053,ds-0159,,,Dataset
act-000293,2026-06-11T22:50:00Z,View,key-293,user048@contoso.example,ws-060,ds-0180,,,Dataset
act-000294,2026-06-13T02:15:00Z,View,key-294,user121@contoso.example,ws-023,ds-0066,,,Dataset
act-000295,2026-06-08T02:55:00Z,View,key-295,user015@contoso.example,ws-012,ds-0035,,,Dataset
act-000296,2026-06-27T22:27:00Z,View,key-296,user104@contoso.example,ws-034,ds-0099,,,Dataset
act-000297,2026-06-11T09:41:00Z,View,key-297,user046@contoso.example,ws-001,ds-0002,,,Dataset
act-000298,2026-06-09T05:40:00Z,View,key-298,user106@contoso.example,ws-055,ds-0167,,,Dataset
act-000299,2026-06-19T08:14:00Z,View,key-299,user043@contoso.example,ws-029,ds-0086,,,Dataset
act-000300,2026-06-17T23:27:00Z,View,key-300,user004@contoso.example,ws-007,ds-0019,,,Dataset
act-000301,2026-06-12T17:56:00Z,View,key-301,user133@contoso.example,ws-007,ds-0018,,,Dataset
act-000302,2026-06-02T10:28:00Z,View,key-302,user058@contoso.example,ws-021,ds-0058,,,Dataset
act-000303,2026-06-13T14:54:00Z,ViewReport,key-303,user144@contoso.example,ws-048,ds-0143,,,Dataset
act-000304,2026-06-13T09:22:00Z,ViewReport,key-304,user035@contoso.example,ws-029,ds-0086,,,Dataset
act-000305,2026-06-14T03:20:00Z,View,key-305,user003@contoso.example,ws-011,ds-0031,,,Dataset
act-000306,2026-06-24T11:42:00Z,ViewDashboard,key-306,user003@contoso.example,ws-032,ds-0094,,,Dataset
act-000307,2026-06-12T05:39:00Z,View,key-307,user103@contoso.example,ws-033,ds-0096,,,Dataset
act-000308,2026-06-18T15:56:00Z,View,key-308,user033@contoso.example,ws-024,ds-0069,,,Dataset
act-000309,2026-06-25T06:21:00Z,View,key-309,user140@contoso.example,ws-058,ds-0173,,,Dataset
act-000310,2026-06-19T13:41:00Z,RefreshDataset,key-310,user082@contoso.example,ws-017,ds-0045,,,Dataset
act-000311,2026-06-18T12:38:00Z,Export,key-311,user064@contoso.example,ws-014,ds-0039,,,Dataset
act-000312,2026-06-11T13:01:00Z,View,key-312,user048@contoso.example,ws-003,ds-0009,,,Dataset
act-000313,2026-06-11T21:22:00Z,View,key-313,user124@contoso.example,ws-006,ds-0017,,,Dataset
act-000314,2026-06-26T18:55:00Z,ViewReport,key-314,user093@contoso.example,ws-039,ds-0115,,,Dataset
act-000315,2026-06-03T18:12:00Z,Export,key-315,user065@contoso.example,ws-041,ds-0122,,,Dataset
act-000316,2026-06-19T10:13:00Z,ViewReport,key-316,user045@contoso.example,ws-007,ds-0018,,,Dataset
act-000317,2026-06-15T06:17:00Z,ViewReport,key-317,user086@contoso.example,ws-023,ds-0065,,,Dataset
act-000318,2026-06-17T20:01:00Z,View,key-318,user127@contoso.example,ws-057,ds-0172,,,Dataset
act-000319,2026-06-14T22:10:00Z,View,key-319,user069@contoso.example,ws-010,ds-0029,,,Dataset
act-000320,2026-06-14T02:25:00Z,ViewReport,key-320,user020@contoso.example,ws-025,ds-0071,,,Dataset
act-000321,2026-06-11T04:44:00Z,ViewReport,key-321,user064@contoso.example,ws-038,ds-0111,,,Dataset
act-000322,2026-06-05T04:08:00Z,ViewReport,key-322,user116@contoso.example,ws-058,ds-0173,,,Dataset
act-000323,2026-06-02T23:43:00Z,View,key-323,user001@contoso.example,ws-044,ds-0131,,,Dataset
act-000324,2026-06-04T08:33:00Z,View,key-324,user150@contoso.example,ws-059,ds-0177,,,Dataset
act-000325,2026-06-24T14:04:00Z,View,key-325,user070@contoso.example,ws-052,ds-0158,,,Dataset
act-000326,2026-06-02T17:38:00Z,View,key-326,user115@contoso.example,ws-056,ds-0169,,,Dataset
act-000327,2026-06-25T09:35:00Z,ViewReport,key-327,user031@contoso.example,ws-057,ds-0171,,,Dataset
act-000328,2026-06-26T04:57:00Z,View,key-328,user125@contoso.example,ws-036,ds-0103,,,Dataset
act-000329,2026-06-25T19:15:00Z,ViewReport,key-329,user134@contoso.example,ws-001,ds-0003,,,Dataset
act-000330,2026-06-28T00:20:00Z,View,key-330,user004@contoso.example,ws-045,ds-0132,,,Dataset
act-000331,2026-06-11T20:58:00Z,View,key-331,user031@contoso.example,ws-044,ds-0131,,,Dataset
act-000332,2026-06-09T00:12:00Z,View,key-332,user007@contoso.example,ws-020,ds-0056,,,Dataset
act-000333,2026-06-11T01:35:00Z,ViewReport,key-333,user013@contoso.example,ws-010,ds-0029,,,Dataset
act-000334,2026-06-11T12:45:00Z,View,key-334,user133@contoso.example,ws-020,ds-0057,,,Dataset
act-000335,2026-06-24T21:27:00Z,View,key-335,user048@contoso.example,ws-050,ds-0152,,,Dataset
act-000336,2026-06-04T07:04:00Z,View,key-336,user107@contoso.example,ws-009,ds-0025,,,Dataset
act-000337,2026-06-19T09:26:00Z,Export,key-337,user020@contoso.example,ws-002,ds-0006,,,Dataset
act-000338,2026-06-06T09:57:00Z,ViewDashboard,key-338,user109@contoso.example,ws-038,ds-0111,,,Dataset
act-000339,2026-06-25T08:09:00Z,View,key-339,user089@contoso.example,ws-044,ds-0130,,,Dataset
act-000340,2026-06-19T16:55:00Z,View,key-340,user041@contoso.example,ws-018,ds-0049,,,Dataset
act-000341,2026-06-02T14:52:00Z,ViewReport,key-341,user144@contoso.example,ws-024,ds-0069,,,Dataset
act-000342,2026-06-26T08:37:00Z,ViewReport,key-342,user020@contoso.example,ws-059,ds-0177,,,Dataset
act-000343,2026-06-28T05:24:00Z,Export,key-343,user039@contoso.example,ws-001,ds-0002,,,Dataset
act-000344,2026-06-01T07:14:00Z,ViewReport,key-344,user067@contoso.example,ws-008,ds-0021,,,Dataset
act-000345,2026-06-24T13:23:00Z,ViewDashboard,key-345,user091@contoso.example,ws-037,ds-0107,,,Dataset
act-000346,2026-06-16T22:57:00Z,ViewReport,key-346,user101@contoso.example,ws-011,ds-0031,,,Dataset
act-000347,2026-06-12T15:54:00Z,ViewReport,key-347,user055@contoso.example,ws-045,ds-0132,,,Dataset
act-000348,2026-06-01T09:36:00Z,View,key-348,user015@contoso.example,ws-053,ds-0160,,,Dataset
act-000349,2026-06-10T07:59:00Z,View,key-349,user102@contoso.example,ws-044,ds-0129,,,Dataset
act-000350,2026-06-10T20:06:00Z,View,key-350,user011@contoso.example,ws-035,ds-0102,,,Dataset
act-000351,2026-06-17T12:09:00Z,ViewReport,key-351,user145@contoso.example,ws-062,ds-0186,,,Dataset
act-000352,2026-06-29T10:12:00Z,ViewReport,key-352,user058@contoso.example,ws-012,ds-0034,,,Dataset
act-000353,2026-06-01T15:09:00Z,Export,key-353,user142@contoso.example,ws-025,ds-0070,,,Dataset
act-000354,2026-06-30T15:24:00Z,View,key-354,user048@contoso.example,ws-023,ds-0066,,,Dataset
act-000355,2026-06-14T03:57:00Z,ViewReport,key-355,user146@contoso.example,ws-020,ds-0056,,,Dataset
act-000356,2026-06-12T11:31:00Z,View,key-356,user102@contoso.example,ws-023,ds-0065,,,Dataset
act-000357,2026-06-04T16:47:00Z,ViewReport,key-357,user130@contoso.example,ws-001,ds-0004,,,Dataset
act-000358,2026-06-07T18:15:00Z,Export,key-358,user010@contoso.example,ws-028,ds-0080,,,Dataset
act-000359,2026-06-17T07:23:00Z,ViewReport,key-359,user072@contoso.example,ws-025,ds-0070,,,Dataset
act-000360,2026-06-27T04:43:00Z,View,key-360,user136@contoso.example,ws-055,ds-0164,,,Dataset
act-000361,2026-06-12T18:34:00Z,View,key-361,user045@contoso.example,ws-044,ds-0131,,,Dataset
act-000362,2026-06-01T13:39:00Z,View,key-362,user051@contoso.example,ws-034,ds-0099,,,Dataset
act-000363,2026-06-06T11:42:00Z,View,key-363,user037@contoso.example,ws-051,ds-0154,,,Dataset
act-000364,2026-06-15T13:44:00Z,View,key-364,user107@contoso.example,ws-015,ds-0042,,,Dataset
act-000365,2026-06-18T07:05:00Z,View,key-365,user060@contoso.example,ws-017,ds-0045,,,Dataset
act-000366,2026-06-29T08:07:00Z,View,key-366,user089@contoso.example,ws-046,ds-0137,,,Dataset
act-000367,2026-06-11T20:30:00Z,ViewReport,key-367,user009@contoso.example,ws-048,ds-0144,,,Dataset
act-000368,2026-06-06T04:57:00Z,View,key-368,user117@contoso.example,ws-045,ds-0132,,,Dataset
act-000369,2026-06-16T02:43:00Z,View,key-369,user145@contoso.example,ws-003,ds-0007,,,Dataset
act-000370,2026-06-10T11:55:00Z,View,key-370,user099@contoso.example,ws-002,ds-0005,,,Dataset
act-000371,2026-06-22T18:18:00Z,View,key-371,user094@contoso.example,ws-024,ds-0069,,,Dataset
act-000372,2026-06-22T06:17:00Z,ViewDashboard,key-372,user073@contoso.example,ws-009,ds-0025,,,Dataset
act-000373,2026-06-23T07:39:00Z,View,key-373,user056@contoso.example,ws-007,ds-0019,,,Dataset
act-000374,2026-06-06T07:47:00Z,View,key-374,user136@contoso.example,ws-060,ds-0180,,,Dataset
act-000375,2026-06-14T21:47:00Z,ViewDashboard,key-375,user147@contoso.example,ws-038,ds-0110,,,Dataset
act-000376,2026-06-21T01:56:00Z,View,key-376,user125@contoso.example,ws-038,ds-0109,,,Dataset
act-000377,2026-06-24T08:30:00Z,ViewReport,key-377,user035@contoso.example,ws-042,ds-0124,,,Dataset
act-000378,2026-06-25T01:45:00Z,View,key-378,user016@contoso.example,ws-009,ds-0025,,,Dataset
act-000379,2026-06-10T00:35:00Z,View,key-379,user064@contoso.example,ws-021,ds-0059,,,Dataset
act-000380,2026-06-24T14:54:00Z,View,key-380,user005@contoso.example,ws-048,ds-0143,,,Dataset
act-000381,2026-06-26T02:41:00Z,View,key-381,user122@contoso.example,ws-047,ds-0140,,,Dataset
act-000382,2026-06-26T19:48:00Z,ViewReport,key-382,user049@contoso.example,ws-030,ds-0089,,,Dataset
act-000383,2026-06-28T23:59:00Z,View,key-383,user084@contoso.example,ws-026,ds-0073,,,Dataset
act-000384,2026-06-07T18:14:00Z,View,key-384,user068@contoso.example,ws-052,ds-0158,,,Dataset
act-000385,2026-06-05T11:56:00Z,View,key-385,user047@contoso.example,ws-043,ds-0127,,,Dataset
act-000386,2026-06-15T14:16:00Z,View,key-386,user087@contoso.example,ws-032,ds-0093,,,Dataset
act-000387,2026-06-02T05:06:00Z,ViewReport,key-387,user135@contoso.example,ws-056,ds-0169,,,Dataset
act-000388,2026-06-29T11:11:00Z,View,key-388,user073@contoso.example,ws-009,ds-0024,,,Dataset
act-000389,2026-06-17T09:27:00Z,View,key-389,user097@contoso.example,ws-003,ds-0009,,,Dataset
act-000390,2026-06-07T16:14:00Z,ViewReport,key-390,user137@contoso.example,ws-050,ds-0150,,,Dataset
act-000391,2026-06-16T17:53:00Z,Export,key-391,user046@contoso.example,ws-044,ds-0130,,,Dataset
act-000392,2026-06-26T00:48:00Z,View,key-392,user085@contoso.example,ws-057,ds-0171,,,Dataset
act-000393,2026-06-29T22:40:00Z,Export,key-393,user144@contoso.example,ws-059,ds-0178,,,Dataset
act-000394,2026-06-08T11:42:00Z,ViewReport,key-394,user080@contoso.example,ws-044,ds-0129,,,Dataset
act-000395,2026-06-15T15:03:00Z,View,key-395,user063@contoso.example,ws-034,ds-0099,,,Dataset
act-000396,2026-06-22T18:11:00Z,View,key-396,user034@contoso.example,ws-045,ds-0135,,,Dataset
act-000397,2026-06-21T20:03:00Z,ViewDashboard,key-397,user082@contoso.example,ws-014,ds-0039,,,Dataset
act-000398,2026-06-10T13:05:00Z,ViewReport,key-398,user122@contoso.example,ws-037,ds-0108,,,Dataset
act-000399,2026-06-19T09:26:00Z,ViewReport,key-399,user135@contoso.example,ws-039,ds-0114,,,Dataset
act-000400,2026-06-22T02:33:00Z,View,key-400,user112@contoso.example,ws-049,ds-0146,,,Dataset
act-000401,2026-06-07T22:26:00Z,Export,key-401,user147@contoso.example,ws-008,ds-0021,,,Dataset
act-000402,2026-06-11T19:45:00Z,ViewReport,key-402,user084@contoso.example,ws-027,ds-0075,,,Dataset
act-000403,2026-06-26T18:08:00Z,ViewDashboard,key-403,user030@contoso.example,ws-060,ds-0181,,,Dataset
act-000404,2026-06-23T17:21:00Z,View,key-404,user086@contoso.example,ws-039,ds-0113,,,Dataset
act-000405,2026-06-21T01:05:00Z,View,key-405,user055@contoso.example,ws-053,ds-0159,,,Dataset
act-000406,2026-06-16T15:36:00Z,View,key-406,user051@contoso.example,ws-038,ds-0109,,,Dataset
act-000407,2026-06-17T18:24:00Z,View,key-407,user145@contoso.example,ws-031,ds-0091,,,Dataset
act-000408,2026-06-20T15:43:00Z,View,key-408,user123@contoso.example,ws-041,ds-0119,,,Dataset
act-000409,2026-06-18T20:40:00Z,ViewReport,key-409,user035@contoso.example,ws-014,ds-0040,,,Dataset
act-000410,2026-06-01T01:35:00Z,ViewReport,key-410,user006@contoso.example,ws-061,ds-0184,,,Dataset
act-000411,2026-06-26T00:06:00Z,View,key-411,user105@contoso.example,ws-023,ds-0066,,,Dataset
act-000412,2026-06-22T13:38:00Z,View,key-412,user082@contoso.example,ws-006,ds-0015,,,Dataset
act-000413,2026-06-03T10:31:00Z,View,key-413,user028@contoso.example,ws-029,ds-0083,,,Dataset
act-000414,2026-06-09T18:49:00Z,View,key-414,user102@contoso.example,ws-004,ds-0011,,,Dataset
act-000415,2026-06-15T03:40:00Z,ViewReport,key-415,user004@contoso.example,ws-060,ds-0179,,,Dataset
act-000416,2026-06-22T16:00:00Z,ViewReport,key-416,user091@contoso.example,ws-001,ds-0001,,,Dataset
act-000417,2026-06-17T22:30:00Z,View,key-417,user045@contoso.example,ws-017,ds-0047,,,Dataset
act-000418,2026-06-16T21:57:00Z,View,key-418,user101@contoso.example,ws-055,ds-0165,,,Dataset
act-000419,2026-06-14T11:45:00Z,View,key-419,user077@contoso.example,ws-056,ds-0169,,,Dataset
act-000420,2026-06-27T16:12:00Z,RefreshDataset,key-420,user089@contoso.example,ws-004,ds-0012,,,Dataset
act-000421,2026-06-04T14:07:00Z,View,key-421,user085@contoso.example,ws-050,ds-0151,,,Dataset
act-000422,2026-06-03T05:41:00Z,Export,key-422,user066@contoso.example,ws-020,ds-0056,,,Dataset
act-000423,2026-06-07T07:20:00Z,RefreshDataset,key-423,user119@contoso.example,ws-021,ds-0060,,,Dataset
act-000424,2026-06-12T21:28:00Z,View,key-424,user114@contoso.example,ws-058,ds-0175,,,Dataset
act-000425,2026-06-07T08:57:00Z,ViewReport,key-425,user034@contoso.example,ws-061,ds-0185,,,Dataset
act-000426,2026-06-13T10:34:00Z,View,key-426,user053@contoso.example,ws-042,ds-0124,,,Dataset
act-000427,2026-06-22T02:00:00Z,ViewReport,key-427,user113@contoso.example,ws-027,ds-0077,,,Dataset
act-000428,2026-06-20T02:16:00Z,View,key-428,user123@contoso.example,ws-001,ds-0001,,,Dataset
act-000429,2026-06-03T20:57:00Z,ViewReport,key-429,user131@contoso.example,ws-058,ds-0176,,,Dataset
act-000430,2026-06-01T13:05:00Z,ViewDashboard,key-430,user010@contoso.example,ws-056,ds-0170,,,Dataset
act-000431,2026-06-16T08:25:00Z,Export,key-431,user106@contoso.example,ws-035,ds-0101,,,Dataset
act-000432,2026-06-20T15:53:00Z,View,key-432,user039@contoso.example,ws-057,ds-0172,,,Dataset
act-000433,2026-06-26T23:05:00Z,View,key-433,user044@contoso.example,ws-040,ds-0118,,,Dataset
act-000434,2026-06-10T07:23:00Z,View,key-434,user063@contoso.example,ws-034,ds-0100,,,Dataset
act-000435,2026-06-26T23:03:00Z,View,key-435,user051@contoso.example,ws-020,ds-0056,,,Dataset
act-000436,2026-06-13T18:23:00Z,View,key-436,user093@contoso.example,ws-061,ds-0184,,,Dataset
act-000437,2026-06-11T17:28:00Z,ViewReport,key-437,user098@contoso.example,ws-062,ds-0187,,,Dataset
act-000438,2026-06-16T06:20:00Z,View,key-438,user144@contoso.example,ws-062,ds-0187,,,Dataset
act-000439,2026-06-25T02:47:00Z,ViewReport,key-439,user046@contoso.example,ws-006,ds-0015,,,Dataset
act-000440,2026-06-17T22:14:00Z,View,key-440,user119@contoso.example,ws-056,ds-0168,,,Dataset
act-000441,2026-06-27T12:17:00Z,View,key-441,user019@contoso.example,ws-062,ds-0186,,,Dataset
act-000442,2026-06-06T21:24:00Z,View,key-442,user053@contoso.example,ws-009,ds-0023,,,Dataset
act-000443,2026-06-22T12:42:00Z,View,key-443,user147@contoso.example,ws-021,ds-0061,,,Dataset
act-000444,2026-06-13T05:55:00Z,View,key-444,user077@contoso.example,ws-039,ds-0113,,,Dataset
act-000445,2026-06-09T07:37:00Z,View,key-445,user017@contoso.example,ws-004,ds-0010,,,Dataset
act-000446,2026-06-21T19:53:00Z,View,key-446,user103@contoso.example,ws-030,ds-0087,,,Dataset
act-000447,2026-06-07T00:03:00Z,View,key-447,user100@contoso.example,ws-055,ds-0167,,,Dataset
act-000448,2026-06-05T22:59:00Z,ViewReport,key-448,user014@contoso.example,ws-011,ds-0031,,,Dataset
act-000449,2026-06-12T21:04:00Z,View,key-449,user115@contoso.example,ws-034,ds-0100,,,Dataset
act-000450,2026-06-17T14:55:00Z,ViewReport,key-450,user015@contoso.example,ws-061,ds-0183,,,Dataset
act-000451,2026-06-28T09:53:00Z,View,key-451,user053@contoso.example,ws-044,ds-0129,,,Dataset
act-000452,2026-06-24T20:23:00Z,Export,key-452,user122@contoso.example,ws-018,ds-0051,,,Dataset
act-000453,2026-06-24T20:42:00Z,View,key-453,user107@contoso.example,ws-054,ds-0162,,,Dataset
act-000454,2026-06-12T05:30:00Z,Export,key-454,user082@contoso.example,ws-053,ds-0161,,,Dataset
act-000455,2026-06-19T23:34:00Z,View,key-455,user121@contoso.example,ws-035,ds-0101,,,Dataset
act-000456,2026-06-23T01:21:00Z,View,key-456,user150@contoso.example,ws-032,ds-0093,,,Dataset
act-000457,2026-06-23T01:30:00Z,ViewDashboard,key-457,user099@contoso.example,ws-009,ds-0023,,,Dataset
act-000458,2026-06-20T19:59:00Z,View,key-458,user141@contoso.example,ws-009,ds-0025,,,Dataset
act-000459,2026-06-06T15:00:00Z,ViewReport,key-459,user147@contoso.example,ws-005,ds-0013,,,Dataset
act-000460,2026-06-08T06:49:00Z,ViewReport,key-460,user055@contoso.example,ws-060,ds-0179,,,Dataset
act-000461,2026-06-05T12:32:00Z,View,key-461,user068@contoso.example,ws-049,ds-0147,,,Dataset
act-000462,2026-06-14T00:10:00Z,View,key-462,user140@contoso.example,ws-006,ds-0017,,,Dataset
act-000463,2026-06-28T17:18:00Z,View,key-463,user124@contoso.example,ws-008,ds-0020,,,Dataset
act-000464,2026-06-03T22:08:00Z,ViewDashboard,key-464,user135@contoso.example,ws-051,ds-0156,,,Dataset
act-000465,2026-06-09T05:44:00Z,ViewReport,key-465,user017@contoso.example,ws-053,ds-0161,,,Dataset
act-000466,2026-06-24T18:22:00Z,ViewReport,key-466,user122@contoso.example,ws-037,ds-0106,,,Dataset
act-000467,2026-06-14T21:58:00Z,View,key-467,user041@contoso.example,ws-032,ds-0094,,,Dataset
act-000468,2026-06-05T07:44:00Z,View,key-468,user034@contoso.example,ws-033,ds-0095,,,Dataset
act-000469,2026-06-23T17:20:00Z,View,key-469,user007@contoso.example,ws-048,ds-0143,,,Dataset
act-000470,2026-06-28T13:12:00Z,ViewReport,key-470,user039@contoso.example,ws-001,ds-0002,,,Dataset
act-000471,2026-06-25T04:35:00Z,View,key-471,user058@contoso.example,ws-061,ds-0183,,,Dataset
act-000472,2026-06-26T07:22:00Z,View,key-472,user113@contoso.example,ws-013,ds-0037,,,Dataset
act-000473,2026-06-17T19:31:00Z,View,key-473,user050@contoso.example,ws-010,ds-0027,,,Dataset
act-000474,2026-06-12T19:41:00Z,View,key-474,user041@contoso.example,ws-036,ds-0105,,,Dataset
act-000475,2026-06-14T16:42:00Z,Export,key-475,user128@contoso.example,ws-028,ds-0080,,,Dataset
act-000476,2026-06-09T13:17:00Z,View,key-476,user009@contoso.example,ws-058,ds-0174,,,Dataset
act-000477,2026-06-15T21:09:00Z,View,key-477,user003@contoso.example,ws-045,ds-0134,,,Dataset
act-000478,2026-06-30T03:35:00Z,ViewReport,key-478,user013@contoso.example,ws-031,ds-0091,,,Dataset
act-000479,2026-06-17T17:03:00Z,View,key-479,user104@contoso.example,ws-046,ds-0139,,,Dataset
act-000480,2026-06-24T09:52:00Z,ViewReport,key-480,user087@contoso.example,ws-031,ds-0090,,,Dataset
act-000481,2026-06-18T03:41:00Z,View,key-481,user003@contoso.example,ws-001,ds-0004,,,Dataset
act-000482,2026-06-04T00:35:00Z,View,key-482,user108@contoso.example,ws-055,ds-0165,,,Dataset
act-000483,2026-06-16T19:31:00Z,View,key-483,user112@contoso.example,ws-024,ds-0067,,,Dataset
act-000484,2026-06-03T18:13:00Z,View,key-484,user141@contoso.example,ws-039,ds-0115,,,Dataset
act-000485,2026-06-14T12:12:00Z,ViewReport,key-485,user076@contoso.example,ws-034,ds-0099,,,Dataset
act-000486,2026-06-13T10:15:00Z,View,key-486,user114@contoso.example,ws-020,ds-0057,,,Dataset
act-000487,2026-06-15T08:47:00Z,View,key-487,user059@contoso.example,ws-049,ds-0147,,,Dataset
act-000488,2026-06-07T15:36:00Z,View,key-488,user111@contoso.example,ws-013,ds-0038,,,Dataset
act-000489,2026-06-30T05:32:00Z,ViewReport,key-489,user020@contoso.example,ws-011,ds-0030,,,Dataset
act-000490,2026-06-12T00:11:00Z,View,key-490,user053@contoso.example,ws-020,ds-0056,,,Dataset
act-000491,2026-06-18T20:31:00Z,View,key-491,user081@contoso.example,ws-022,ds-0063,,,Dataset
act-000492,2026-06-02T10:10:00Z,ViewReport,key-492,user003@contoso.example,ws-011,ds-0030,,,Dataset
act-000493,2026-06-11T20:00:00Z,View,key-493,user107@contoso.example,ws-023,ds-0065,,,Dataset
act-000494,2026-06-01T19:30:00Z,View,key-494,user042@contoso.example,ws-055,ds-0165,,,Dataset
act-000495,2026-06-20T02:17:00Z,RefreshDataset,key-495,user125@contoso.example,ws-031,ds-0091,,,Dataset
act-000496,2026-06-15T07:26:00Z,View,key-496,user137@contoso.example,ws-034,ds-0097,,,Dataset
act-000497,2026-06-25T23:59:00Z,View,key-497,user143@contoso.example,ws-028,ds-0082,,,Dataset
act-000498,2026-06-03T14:48:00Z,View,key-498,user060@contoso.example,ws-027,ds-0077,,,Dataset
act-000499,2026-06-13T13:23:00Z,ViewReport,key-499,user136@contoso.example,ws-019,ds-0053,,,Dataset
act-000500,2026-06-17T11:33:00Z,ViewReport,key-500,user130@contoso.example,ws-040,ds-0116,,,Dataset
act-000501,2026-06-24T19:43:00Z,View,key-501,user093@contoso.example,ws-058,ds-0175,,,Dataset
act-000502,2026-06-15T03:15:00Z,ViewReport,key-502,user138@contoso.example,ws-010,ds-0029,,,Dataset
act-000503,2026-06-09T08:16:00Z,ViewReport,key-503,user100@contoso.example,ws-062,ds-0186,,,Dataset
act-000504,2026-06-03T13:15:00Z,View,key-504,user087@contoso.example,ws-049,ds-0145,,,Dataset
act-000505,2026-06-16T08:30:00Z,View,key-505,user061@contoso.example,ws-042,ds-0123,,,Dataset
act-000506,2026-06-15T20:10:00Z,View,key-506,user130@contoso.example,ws-008,ds-0021,,,Dataset
act-000507,2026-06-09T16:29:00Z,View,key-507,user019@contoso.example,ws-039,ds-0114,,,Dataset
act-000508,2026-06-26T19:05:00Z,ViewReport,key-508,user133@contoso.example,ws-047,ds-0141,,,Dataset
act-000509,2026-06-16T10:23:00Z,View,key-509,user138@contoso.example,ws-043,ds-0127,,,Dataset
act-000510,2026-06-28T07:08:00Z,View,key-510,user011@contoso.example,ws-062,ds-0188,,,Dataset
act-000511,2026-06-21T00:58:00Z,View,key-511,user004@contoso.example,ws-006,ds-0016,,,Dataset
act-000512,2026-06-11T09:22:00Z,View,key-512,user098@contoso.example,ws-011,ds-0030,,,Dataset
act-000513,2026-06-11T17:23:00Z,View,key-513,user146@contoso.example,ws-026,ds-0073,,,Dataset
act-000514,2026-06-03T18:14:00Z,View,key-514,user048@contoso.example,ws-025,ds-0071,,,Dataset
act-000515,2026-06-10T13:08:00Z,ViewReport,key-515,user121@contoso.example,ws-056,ds-0169,,,Dataset
act-000516,2026-06-04T04:12:00Z,View,key-516,user015@contoso.example,ws-052,ds-0157,,,Dataset
act-000517,2026-06-25T13:21:00Z,View,key-517,user050@contoso.example,ws-021,ds-0061,,,Dataset
act-000518,2026-06-29T22:23:00Z,RefreshDataset,key-518,user081@contoso.example,ws-052,ds-0157,,,Dataset
act-000519,2026-06-30T18:42:00Z,View,key-519,user102@contoso.example,ws-046,ds-0139,,,Dataset
act-000520,2026-06-26T05:32:00Z,ViewReport,key-520,user031@contoso.example,ws-018,ds-0048,,,Dataset
act-000521,2026-06-20T12:58:00Z,View,key-521,user144@contoso.example,ws-001,ds-0001,,,Dataset
act-000522,2026-06-16T20:20:00Z,View,key-522,user142@contoso.example,ws-054,ds-0163,,,Dataset
act-000523,2026-06-05T22:50:00Z,ViewDashboard,key-523,user120@contoso.example,ws-041,ds-0122,,,Dataset
act-000524,2026-06-28T13:15:00Z,View,key-524,user121@contoso.example,ws-005,ds-0013,,,Dataset
act-000525,2026-06-15T07:37:00Z,ViewReport,key-525,user064@contoso.example,ws-055,ds-0165,,,Dataset
act-000526,2026-06-28T13:54:00Z,View,key-526,user146@contoso.example,ws-034,ds-0099,,,Dataset
act-000527,2026-06-16T21:36:00Z,View,key-527,user084@contoso.example,ws-044,ds-0128,,,Dataset
act-000528,2026-06-30T10:00:00Z,ViewReport,key-528,user075@contoso.example,ws-006,ds-0015,,,Dataset
act-000529,2026-06-09T11:42:00Z,View,key-529,user036@contoso.example,ws-004,ds-0012,,,Dataset
act-000530,2026-06-20T12:10:00Z,Export,key-530,user007@contoso.example,ws-052,ds-0157,,,Dataset
act-000531,2026-06-22T02:01:00Z,ViewReport,key-531,user047@contoso.example,ws-039,ds-0114,,,Dataset
act-000532,2026-06-23T04:25:00Z,View,key-532,user133@contoso.example,ws-032,ds-0092,,,Dataset
act-000533,2026-06-06T11:18:00Z,View,key-533,user086@contoso.example,ws-034,ds-0099,,,Dataset
act-000534,2026-06-20T09:42:00Z,ViewReport,key-534,user109@contoso.example,ws-008,ds-0021,,,Dataset
act-000535,2026-06-16T03:04:00Z,View,key-535,user053@contoso.example,ws-040,ds-0118,,,Dataset
act-000536,2026-06-19T17:53:00Z,RefreshDataset,key-536,user114@contoso.example,ws-062,ds-0186,,,Dataset
act-000537,2026-06-06T08:51:00Z,View,key-537,user024@contoso.example,ws-055,ds-0164,,,Dataset
act-000538,2026-06-23T18:50:00Z,View,key-538,user009@contoso.example,ws-048,ds-0142,,,Dataset
act-000539,2026-06-17T21:32:00Z,View,key-539,user085@contoso.example,ws-027,ds-0078,,,Dataset
act-000540,2026-06-23T10:48:00Z,ViewReport,key-540,user001@contoso.example,ws-019,ds-0052,,,Dataset
act-000541,2026-06-12T06:47:00Z,View,key-541,user123@contoso.example,ws-035,ds-0101,,,Dataset
act-000542,2026-06-05T13:33:00Z,Export,key-542,user095@contoso.example,ws-020,ds-0056,,,Dataset
act-000543,2026-06-02T14:47:00Z,ViewDashboard,key-543,user090@contoso.example,ws-060,ds-0179,,,Dataset
act-000544,2026-06-03T06:54:00Z,View,key-544,user107@contoso.example,ws-004,ds-0012,,,Dataset
act-000545,2026-06-15T05:04:00Z,View,key-545,user082@contoso.example,ws-011,ds-0033,,,Dataset
act-000546,2026-06-13T17:15:00Z,View,key-546,user008@contoso.example,ws-048,ds-0142,,,Dataset
act-000547,2026-06-27T05:30:00Z,RefreshDataset,key-547,user058@contoso.example,ws-045,ds-0134,,,Dataset
act-000548,2026-06-15T18:56:00Z,ViewReport,key-548,user029@contoso.example,ws-048,ds-0143,,,Dataset
act-000549,2026-06-10T23:36:00Z,View,key-549,user058@contoso.example,ws-016,ds-0044,,,Dataset
act-000550,2026-06-16T03:30:00Z,View,key-550,user110@contoso.example,ws-022,ds-0062,,,Dataset
act-000551,2026-06-23T06:36:00Z,ViewReport,key-551,user136@contoso.example,ws-004,ds-0010,,,Dataset
act-000552,2026-06-12T16:13:00Z,View,key-552,user067@contoso.example,ws-003,ds-0009,,,Dataset
act-000553,2026-06-22T16:13:00Z,ViewReport,key-553,user133@contoso.example,ws-038,ds-0109,,,Dataset
act-000554,2026-06-30T03:27:00Z,View,key-554,user138@contoso.example,ws-039,ds-0114,,,Dataset
act-000555,2026-06-13T13:21:00Z,View,key-555,user103@contoso.example,ws-057,ds-0171,,,Dataset
act-000556,2026-06-16T15:23:00Z,View,key-556,user115@contoso.example,ws-031,ds-0090,,,Dataset
act-000557,2026-06-26T07:47:00Z,View,key-557,user001@contoso.example,ws-029,ds-0084,,,Dataset
act-000558,2026-06-11T23:48:00Z,ViewReport,key-558,user114@contoso.example,ws-055,ds-0164,,,Dataset
act-000559,2026-06-16T21:08:00Z,ViewDashboard,key-559,user076@contoso.example,ws-031,ds-0091,,,Dataset
act-000560,2026-06-02T05:21:00Z,ViewReport,key-560,user137@contoso.example,ws-059,ds-0177,,,Dataset
act-000561,2026-06-21T19:47:00Z,View,key-561,user007@contoso.example,ws-044,ds-0129,,,Dataset
act-000562,2026-06-21T17:58:00Z,ViewReport,key-562,user136@contoso.example,ws-028,ds-0082,,,Dataset
act-000563,2026-06-15T04:13:00Z,View,key-563,user075@contoso.example,ws-030,ds-0088,,,Dataset
act-000564,2026-06-25T11:50:00Z,ViewReport,key-564,user012@contoso.example,ws-041,ds-0121,,,Dataset
act-000565,2026-06-17T00:09:00Z,RefreshDataset,key-565,user005@contoso.example,ws-026,ds-0074,,,Dataset
act-000566,2026-06-26T09:05:00Z,View,key-566,user120@contoso.example,ws-033,ds-0095,,,Dataset
act-000567,2026-06-24T09:37:00Z,View,key-567,user098@contoso.example,ws-022,ds-0063,,,Dataset
act-000568,2026-06-01T16:42:00Z,View,key-568,user030@contoso.example,ws-011,ds-0031,,,Dataset
act-000569,2026-06-03T10:40:00Z,ViewReport,key-569,user112@contoso.example,ws-032,ds-0094,,,Dataset
act-000570,2026-06-03T07:41:00Z,View,key-570,user071@contoso.example,ws-026,ds-0073,,,Dataset
act-000571,2026-06-15T21:41:00Z,View,key-571,user011@contoso.example,ws-032,ds-0092,,,Dataset
act-000572,2026-06-28T09:21:00Z,View,key-572,user142@contoso.example,ws-048,ds-0142,,,Dataset
act-000573,2026-06-19T04:08:00Z,View,key-573,user104@contoso.example,ws-053,ds-0161,,,Dataset
act-000574,2026-06-28T18:39:00Z,View,key-574,user099@contoso.example,ws-058,ds-0175,,,Dataset
act-000575,2026-06-10T19:50:00Z,ViewReport,key-575,user086@contoso.example,ws-028,ds-0079,,,Dataset
act-000576,2026-06-14T20:22:00Z,Export,key-576,user130@contoso.example,ws-060,ds-0179,,,Dataset
act-000577,2026-06-02T21:14:00Z,View,key-577,user144@contoso.example,ws-056,ds-0168,,,Dataset
act-000578,2026-06-07T12:18:00Z,View,key-578,user043@contoso.example,ws-042,ds-0125,,,Dataset
act-000579,2026-06-10T11:20:00Z,RefreshDataset,key-579,user025@contoso.example,ws-044,ds-0131,,,Dataset
act-000580,2026-06-16T01:33:00Z,View,key-580,user090@contoso.example,ws-062,ds-0187,,,Dataset
act-000581,2026-06-03T09:55:00Z,ViewReport,key-581,user067@contoso.example,ws-055,ds-0165,,,Dataset
act-000582,2026-06-09T20:40:00Z,ViewReport,key-582,user105@contoso.example,ws-052,ds-0157,,,Dataset
act-000583,2026-06-13T22:15:00Z,ViewReport,key-583,user011@contoso.example,ws-057,ds-0172,,,Dataset
act-000584,2026-06-24T01:16:00Z,View,key-584,user141@contoso.example,ws-032,ds-0092,,,Dataset
act-000585,2026-06-01T08:44:00Z,View,key-585,user140@contoso.example,ws-062,ds-0186,,,Dataset
act-000586,2026-06-26T23:26:00Z,ViewReport,key-586,user081@contoso.example,ws-043,ds-0127,,,Dataset
act-000587,2026-06-04T09:00:00Z,View,key-587,user029@contoso.example,ws-058,ds-0176,,,Dataset
act-000588,2026-06-24T14:03:00Z,View,key-588,user115@contoso.example,ws-049,ds-0145,,,Dataset
act-000589,2026-06-07T02:31:00Z,ViewDashboard,key-589,user129@contoso.example,ws-001,ds-0004,,,Dataset
act-000590,2026-06-04T12:26:00Z,RefreshDataset,key-590,user027@contoso.example,ws-046,ds-0137,,,Dataset
act-000591,2026-06-08T00:14:00Z,View,key-591,user098@contoso.example,ws-053,ds-0161,,,Dataset
act-000592,2026-06-20T03:43:00Z,View,key-592,user094@contoso.example,ws-017,ds-0047,,,Dataset
act-000593,2026-06-02T03:24:00Z,View,key-593,user105@contoso.example,ws-023,ds-0065,,,Dataset
act-000594,2026-06-13T04:23:00Z,View,key-594,user040@contoso.example,ws-039,ds-0113,,,Dataset
act-000595,2026-06-28T11:14:00Z,View,key-595,user113@contoso.example,ws-037,ds-0108,,,Dataset
act-000596,2026-06-13T18:32:00Z,View,key-596,user042@contoso.example,ws-040,ds-0116,,,Dataset
act-000597,2026-06-26T18:22:00Z,ViewReport,key-597,user150@contoso.example,ws-044,ds-0128,,,Dataset
act-000598,2026-06-10T15:17:00Z,View,key-598,user016@contoso.example,ws-032,ds-0094,,,Dataset
act-000599,2026-06-21T18:41:00Z,ViewReport,key-599,user116@contoso.example,ws-044,ds-0130,,,Dataset
act-000600,2026-06-04T14:57:00Z,ViewReport,key-600,user023@contoso.example,ws-021,ds-0060,,,Dataset
act-000601,2026-06-25T10:49:00Z,View,key-601,user109@contoso.example,ws-043,ds-0127,,,Dataset
act-000602,2026-06-02T08:11:00Z,RefreshDataset,key-602,user022@contoso.example,ws-034,ds-0098,,,Dataset
act-000603,2026-06-09T08:28:00Z,Export,key-603,user086@contoso.example,ws-009,ds-0023,,,Dataset
act-000604,2026-06-02T08:16:00Z,View,key-604,user111@contoso.example,ws-010,ds-0027,,,Dataset
act-000605,2026-06-09T09:22:00Z,ViewReport,key-605,user037@contoso.example,ws-058,ds-0175,,,Dataset
act-000606,2026-06-20T13:47:00Z,View,key-606,user095@contoso.example,ws-051,ds-0153,,,Dataset
act-000607,2026-06-09T02:42:00Z,ViewReport,key-607,user030@contoso.example,ws-058,ds-0173,,,Dataset
act-000608,2026-06-27T07:59:00Z,ViewReport,key-608,user143@contoso.example,ws-062,ds-0187,,,Dataset
act-000609,2026-06-02T08:38:00Z,View,key-609,user110@contoso.example,ws-044,ds-0130,,,Dataset
act-000610,2026-06-05T00:38:00Z,ViewReport,key-610,user050@contoso.example,ws-018,ds-0049,,,Dataset
act-000611,2026-06-15T07:38:00Z,RefreshDataset,key-611,user043@contoso.example,ws-035,ds-0101,,,Dataset
act-000612,2026-06-10T05:52:00Z,ViewReport,key-612,user001@contoso.example,ws-041,ds-0122,,,Dataset
act-000613,2026-06-23T15:18:00Z,ViewReport,key-613,user080@contoso.example,ws-056,ds-0169,,,Dataset
act-000614,2026-06-14T08:54:00Z,View,key-614,user044@contoso.example,ws-025,ds-0070,,,Dataset
act-000615,2026-06-14T22:07:00Z,View,key-615,user073@contoso.example,ws-018,ds-0049,,,Dataset
act-000616,2026-06-05T10:22:00Z,View,key-616,user143@contoso.example,ws-030,ds-0088,,,Dataset
act-000617,2026-06-07T04:52:00Z,ViewReport,key-617,user023@contoso.example,ws-038,ds-0111,,,Dataset
act-000618,2026-06-07T17:16:00Z,Export,key-618,user093@contoso.example,ws-011,ds-0032,,,Dataset
act-000619,2026-06-12T02:53:00Z,View,key-619,user091@contoso.example,ws-001,ds-0003,,,Dataset
act-000620,2026-06-09T04:55:00Z,View,key-620,user037@contoso.example,ws-053,ds-0161,,,Dataset
act-000621,2026-06-28T15:21:00Z,View,key-621,user139@contoso.example,ws-001,ds-0002,,,Dataset
act-000622,2026-06-17T20:03:00Z,RefreshDataset,key-622,user135@contoso.example,ws-044,ds-0131,,,Dataset
act-000623,2026-06-30T05:44:00Z,View,key-623,user121@contoso.example,ws-001,ds-0004,,,Dataset
act-000624,2026-06-03T04:25:00Z,View,key-624,user009@contoso.example,ws-018,ds-0049,,,Dataset
act-000625,2026-06-23T21:11:00Z,ViewReport,key-625,user126@contoso.example,ws-056,ds-0169,,,Dataset
act-000626,2026-06-17T03:46:00Z,View,key-626,user121@contoso.example,ws-022,ds-0064,,,Dataset
act-000627,2026-06-06T14:15:00Z,View,key-627,user105@contoso.example,ws-022,ds-0063,,,Dataset
act-000628,2026-06-05T14:28:00Z,View,key-628,user075@contoso.example,ws-061,ds-0185,,,Dataset
act-000629,2026-06-14T19:21:00Z,ViewReport,key-629,user032@contoso.example,ws-044,ds-0130,,,Dataset
act-000630,2026-06-19T20:54:00Z,ViewReport,key-630,user138@contoso.example,ws-027,ds-0075,,,Dataset
act-000631,2026-06-15T20:45:00Z,ViewReport,key-631,user150@contoso.example,ws-040,ds-0118,,,Dataset
act-000632,2026-06-22T04:36:00Z,View,key-632,user050@contoso.example,ws-027,ds-0075,,,Dataset
act-000633,2026-06-26T02:12:00Z,View,key-633,user127@contoso.example,ws-037,ds-0107,,,Dataset
act-000634,2026-06-06T23:48:00Z,View,key-634,user067@contoso.example,ws-036,ds-0104,,,Dataset
act-000635,2026-06-23T19:56:00Z,RefreshDataset,key-635,user085@contoso.example,ws-001,ds-0002,,,Dataset
act-000636,2026-06-08T12:41:00Z,Export,key-636,user129@contoso.example,ws-038,ds-0109,,,Dataset
act-000637,2026-06-07T05:02:00Z,View,key-637,user032@contoso.example,ws-018,ds-0049,,,Dataset
act-000638,2026-06-29T22:45:00Z,Export,key-638,user124@contoso.example,ws-019,ds-0053,,,Dataset
act-000639,2026-06-15T19:00:00Z,View,key-639,user011@contoso.example,ws-030,ds-0088,,,Dataset
act-000640,2026-06-30T06:35:00Z,View,key-640,user049@contoso.example,ws-058,ds-0175,,,Dataset
act-000641,2026-06-07T03:41:00Z,ViewReport,key-641,user025@contoso.example,ws-028,ds-0082,,,Dataset
act-000642,2026-06-17T00:06:00Z,View,key-642,user139@contoso.example,ws-035,ds-0102,,,Dataset
act-000643,2026-06-27T00:10:00Z,View,key-643,user138@contoso.example,ws-022,ds-0064,,,Dataset
act-000644,2026-06-02T03:55:00Z,View,key-644,user136@contoso.example,ws-051,ds-0153,,,Dataset
act-000645,2026-06-27T22:47:00Z,ViewReport,key-645,user094@contoso.example,ws-052,ds-0158,,,Dataset
act-000646,2026-06-07T02:07:00Z,View,key-646,user062@contoso.example,ws-031,ds-0091,,,Dataset
act-000647,2026-06-19T15:34:00Z,View,key-647,user063@contoso.example,ws-009,ds-0025,,,Dataset
act-000648,2026-06-09T02:55:00Z,View,key-648,user022@contoso.example,ws-028,ds-0082,,,Dataset
act-000649,2026-06-01T21:24:00Z,View,key-649,user108@contoso.example,ws-038,ds-0110,,,Dataset
act-000650,2026-06-28T05:15:00Z,View,key-650,user016@contoso.example,ws-061,ds-0184,,,Dataset
act-000651,2026-06-10T12:02:00Z,View,key-651,user045@contoso.example,ws-013,ds-0037,,,Dataset
act-000652,2026-06-26T04:19:00Z,View,key-652,user034@contoso.example,ws-043,ds-0127,,,Dataset
act-000653,2026-06-05T10:06:00Z,ViewReport,key-653,user038@contoso.example,ws-055,ds-0164,,,Dataset
act-000654,2026-06-28T13:41:00Z,RefreshDataset,key-654,user063@contoso.example,ws-009,ds-0026,,,Dataset
act-000655,2026-06-11T01:26:00Z,View,key-655,user136@contoso.example,ws-011,ds-0033,,,Dataset
act-000656,2026-06-10T01:04:00Z,Export,key-656,user149@contoso.example,ws-029,ds-0083,,,Dataset
act-000657,2026-06-16T20:01:00Z,View,key-657,user135@contoso.example,ws-035,ds-0102,,,Dataset
act-000658,2026-06-03T01:36:00Z,View,key-658,user091@contoso.example,ws-052,ds-0157,,,Dataset
act-000659,2026-06-06T13:33:00Z,View,key-659,user096@contoso.example,ws-035,ds-0102,,,Dataset
act-000660,2026-06-02T17:13:00Z,View,key-660,user101@contoso.example,ws-037,ds-0108,,,Dataset
act-000661,2026-06-18T21:59:00Z,View,key-661,user011@contoso.example,ws-015,ds-0042,,,Dataset
act-000662,2026-06-15T07:30:00Z,View,key-662,user117@contoso.example,ws-018,ds-0051,,,Dataset
act-000663,2026-06-03T08:48:00Z,View,key-663,user050@contoso.example,ws-018,ds-0051,,,Dataset
act-000664,2026-06-20T00:38:00Z,View,key-664,user014@contoso.example,ws-014,ds-0040,,,Dataset
act-000665,2026-06-11T23:42:00Z,View,key-665,user011@contoso.example,ws-035,ds-0101,,,Dataset
act-000666,2026-06-16T00:40:00Z,ViewDashboard,key-666,user073@contoso.example,ws-017,ds-0046,,,Dataset
act-000667,2026-06-16T09:32:00Z,Export,key-667,user115@contoso.example,ws-029,ds-0084,,,Dataset
act-000668,2026-06-20T16:45:00Z,ViewReport,key-668,user044@contoso.example,ws-046,ds-0137,,,Dataset
act-000669,2026-06-03T07:10:00Z,View,key-669,user031@contoso.example,ws-041,ds-0119,,,Dataset
act-000670,2026-06-29T10:11:00Z,View,key-670,user054@contoso.example,ws-014,ds-0040,,,Dataset
act-000671,2026-06-06T04:36:00Z,ViewReport,key-671,user045@contoso.example,ws-040,ds-0117,,,Dataset
act-000672,2026-06-25T10:16:00Z,View,key-672,user064@contoso.example,ws-004,ds-0010,,,Dataset
act-000673,2026-06-18T21:54:00Z,View,key-673,user095@contoso.example,ws-027,ds-0076,,,Dataset
act-000674,2026-06-10T07:41:00Z,View,key-674,user103@contoso.example,ws-008,ds-0022,,,Dataset
act-000675,2026-06-26T09:23:00Z,View,key-675,user140@contoso.example,ws-051,ds-0154,,,Dataset
act-000676,2026-06-02T01:30:00Z,ViewReport,key-676,user147@contoso.example,ws-054,ds-0162,,,Dataset
act-000677,2026-06-06T23:17:00Z,View,key-677,user106@contoso.example,ws-038,ds-0110,,,Dataset
act-000678,2026-06-20T16:15:00Z,ViewReport,key-678,user093@contoso.example,ws-042,ds-0123,,,Dataset
act-000679,2026-06-21T20:23:00Z,View,key-679,user087@contoso.example,ws-055,ds-0166,,,Dataset
act-000680,2026-06-18T07:34:00Z,View,key-680,user004@contoso.example,ws-043,ds-0127,,,Dataset
act-000681,2026-06-28T23:31:00Z,ViewDashboard,key-681,user149@contoso.example,ws-041,ds-0119,,,Dataset
act-000682,2026-06-02T23:12:00Z,View,key-682,user038@contoso.example,ws-011,ds-0030,,,Dataset
act-000683,2026-06-04T20:56:00Z,ViewReport,key-683,user093@contoso.example,ws-008,ds-0020,,,Dataset
act-000684,2026-06-19T22:32:00Z,View,key-684,user054@contoso.example,ws-001,ds-0001,,,Dataset
act-000685,2026-06-08T03:51:00Z,ViewReport,key-685,user149@contoso.example,ws-033,ds-0096,,,Dataset
act-000686,2026-06-14T08:01:00Z,View,key-686,user080@contoso.example,ws-011,ds-0030,,,Dataset
act-000687,2026-06-13T00:05:00Z,ViewReport,key-687,user054@contoso.example,ws-053,ds-0159,,,Dataset
act-000688,2026-06-11T05:00:00Z,View,key-688,user045@contoso.example,ws-039,ds-0112,,,Dataset
act-000689,2026-06-26T12:03:00Z,View,key-689,user020@contoso.example,ws-058,ds-0176,,,Dataset
act-000690,2026-06-13T23:17:00Z,ViewReport,key-690,user103@contoso.example,ws-012,ds-0034,,,Dataset
act-000691,2026-06-27T07:14:00Z,View,key-691,user075@contoso.example,ws-011,ds-0030,,,Dataset
act-000692,2026-06-02T17:09:00Z,View,key-692,user017@contoso.example,ws-018,ds-0049,,,Dataset
act-000693,2026-06-16T02:44:00Z,View,key-693,user150@contoso.example,ws-039,ds-0115,,,Dataset
act-000694,2026-06-10T10:29:00Z,View,key-694,user029@contoso.example,ws-023,ds-0065,,,Dataset
act-000695,2026-06-20T21:40:00Z,View,key-695,user142@contoso.example,ws-049,ds-0147,,,Dataset
act-000696,2026-06-03T19:57:00Z,View,key-696,user086@contoso.example,ws-061,ds-0182,,,Dataset
act-000697,2026-06-14T14:51:00Z,ViewReport,key-697,user041@contoso.example,ws-021,ds-0060,,,Dataset
act-000698,2026-06-26T13:14:00Z,View,key-698,user023@contoso.example,ws-032,ds-0094,,,Dataset
act-000699,2026-06-16T13:15:00Z,View,key-699,user029@contoso.example,ws-032,ds-0093,,,Dataset
act-000700,2026-06-08T20:01:00Z,ViewReport,key-700,user135@contoso.example,ws-014,ds-0039,,,Dataset
act-000701,2026-06-26T12:30:00Z,View,key-701,user107@contoso.example,ws-009,ds-0026,,,Dataset
act-000702,2026-06-11T23:27:00Z,View,key-702,user149@contoso.example,ws-002,ds-0006,,,Dataset
act-000703,2026-06-06T06:23:00Z,View,key-703,user074@contoso.example,ws-039,ds-0115,,,Dataset
act-000704,2026-06-03T21:19:00Z,View,key-704,user121@contoso.example,ws-050,ds-0149,,,Dataset
act-000705,2026-06-03T15:21:00Z,View,key-705,user127@contoso.example,ws-018,ds-0050,,,Dataset
act-000706,2026-06-28T21:39:00Z,ViewReport,key-706,user127@contoso.example,ws-053,ds-0159,,,Dataset
act-000707,2026-06-23T21:49:00Z,View,key-707,user032@contoso.example,ws-031,ds-0090,,,Dataset
act-000708,2026-06-11T16:29:00Z,ViewReport,key-708,user135@contoso.example,ws-045,ds-0134,,,Dataset
act-000709,2026-06-20T22:07:00Z,ViewReport,key-709,user142@contoso.example,ws-036,ds-0103,,,Dataset
act-000710,2026-06-28T07:06:00Z,ViewDashboard,key-710,user082@contoso.example,ws-042,ds-0123,,,Dataset
act-000711,2026-06-28T03:05:00Z,View,key-711,user068@contoso.example,ws-007,ds-0018,,,Dataset
act-000712,2026-06-04T05:18:00Z,ViewReport,key-712,user080@contoso.example,ws-060,ds-0180,,,Dataset
act-000713,2026-06-12T09:26:00Z,View,key-713,user053@contoso.example,ws-039,ds-0113,,,Dataset
act-000714,2026-06-15T02:59:00Z,Export,key-714,user068@contoso.example,ws-041,ds-0121,,,Dataset
act-000715,2026-06-03T18:57:00Z,ViewReport,key-715,user103@contoso.example,ws-001,ds-0001,,,Dataset
act-000716,2026-06-20T10:19:00Z,ViewReport,key-716,user139@contoso.example,ws-028,ds-0082,,,Dataset
act-000717,2026-06-12T15:47:00Z,View,key-717,user002@contoso.example,ws-001,ds-0002,,,Dataset
act-000718,2026-06-29T03:41:00Z,RefreshDataset,key-718,user104@contoso.example,ws-009,ds-0024,,,Dataset
act-000719,2026-06-29T02:29:00Z,View,key-719,user053@contoso.example,ws-003,ds-0008,,,Dataset
act-000720,2026-06-21T01:07:00Z,ViewReport,key-720,user116@contoso.example,ws-010,ds-0027,,,Dataset
act-000721,2026-06-07T17:14:00Z,ViewReport,key-721,user134@contoso.example,ws-009,ds-0024,,,Dataset
act-000722,2026-06-21T20:05:00Z,View,key-722,user063@contoso.example,ws-040,ds-0117,,,Dataset
act-000723,2026-06-11T15:37:00Z,View,key-723,user109@contoso.example,ws-034,ds-0098,,,Dataset
act-000724,2026-06-09T00:01:00Z,View,key-724,user082@contoso.example,ws-006,ds-0017,,,Dataset
act-000725,2026-06-10T04:49:00Z,ViewReport,key-725,user113@contoso.example,ws-036,ds-0103,,,Dataset
act-000726,2026-06-18T04:54:00Z,View,key-726,user108@contoso.example,ws-027,ds-0075,,,Dataset
act-000727,2026-06-28T08:13:00Z,ViewReport,key-727,user045@contoso.example,ws-025,ds-0070,,,Dataset
act-000728,2026-06-10T21:45:00Z,ViewReport,key-728,user065@contoso.example,ws-007,ds-0018,,,Dataset
act-000729,2026-06-29T15:20:00Z,ViewReport,key-729,user112@contoso.example,ws-027,ds-0075,,,Dataset
act-000730,2026-06-05T08:58:00Z,View,key-730,user059@contoso.example,ws-046,ds-0136,,,Dataset
act-000731,2026-06-27T01:41:00Z,Export,key-731,user076@contoso.example,ws-038,ds-0109,,,Dataset
act-000732,2026-06-05T23:04:00Z,View,key-732,user131@contoso.example,ws-008,ds-0021,,,Dataset
act-000733,2026-06-09T12:03:00Z,View,key-733,user090@contoso.example,ws-021,ds-0058,,,Dataset
act-000734,2026-06-04T20:44:00Z,ViewReport,key-734,user061@contoso.example,ws-030,ds-0087,,,Dataset
act-000735,2026-06-09T22:27:00Z,View,key-735,user017@contoso.example,ws-035,ds-0101,,,Dataset
act-000736,2026-06-28T15:18:00Z,View,key-736,user049@contoso.example,ws-038,ds-0109,,,Dataset
act-000737,2026-06-25T07:06:00Z,ViewReport,key-737,user070@contoso.example,ws-038,ds-0111,,,Dataset
act-000738,2026-06-19T10:00:00Z,View,key-738,user083@contoso.example,ws-038,ds-0111,,,Dataset
act-000739,2026-06-21T09:06:00Z,ViewReport,key-739,user055@contoso.example,ws-009,ds-0025,,,Dataset
act-000740,2026-06-16T20:06:00Z,ViewReport,key-740,user075@contoso.example,ws-021,ds-0058,,,Dataset
act-000741,2026-06-21T13:47:00Z,ViewReport,key-741,user004@contoso.example,ws-022,ds-0062,,,Dataset
act-000742,2026-06-16T17:38:00Z,View,key-742,user124@contoso.example,ws-058,ds-0176,,,Dataset
act-000743,2026-06-18T13:36:00Z,ViewReport,key-743,user116@contoso.example,ws-058,ds-0176,,,Dataset
act-000744,2026-06-24T12:03:00Z,View,key-744,user135@contoso.example,ws-010,ds-0029,,,Dataset
act-000745,2026-06-08T00:17:00Z,ViewReport,key-745,user083@contoso.example,ws-010,ds-0028,,,Dataset
act-000746,2026-06-21T08:40:00Z,View,key-746,user128@contoso.example,ws-026,ds-0073,,,Dataset
act-000747,2026-06-08T07:17:00Z,View,key-747,user121@contoso.example,ws-060,ds-0180,,,Dataset
act-000748,2026-06-08T13:48:00Z,View,key-748,user025@contoso.example,ws-051,ds-0155,,,Dataset
act-000749,2026-06-22T13:32:00Z,View,key-749,user093@contoso.example,ws-032,ds-0093,,,Dataset
act-000750,2026-06-27T07:04:00Z,ViewReport,key-750,user124@contoso.example,ws-057,ds-0171,,,Dataset
act-000751,2026-06-26T10:03:00Z,ViewDashboard,key-751,user145@contoso.example,ws-023,ds-0066,,,Dataset
act-000752,2026-06-07T15:01:00Z,RefreshDataset,key-752,user030@contoso.example,ws-008,ds-0022,,,Dataset
act-000753,2026-06-17T10:39:00Z,View,key-753,user115@contoso.example,ws-035,ds-0102,,,Dataset
act-000754,2026-06-09T20:01:00Z,ViewReport,key-754,user044@contoso.example,ws-062,ds-0189,,,Dataset
act-000755,2026-06-19T00:20:00Z,ViewReport,key-755,user091@contoso.example,ws-062,ds-0186,,,Dataset
act-000756,2026-06-02T19:22:00Z,RefreshDataset,key-756,user040@contoso.example,ws-042,ds-0124,,,Dataset
act-000757,2026-06-17T02:33:00Z,View,key-757,user040@contoso.example,ws-024,ds-0069,,,Dataset
act-000758,2026-06-13T12:32:00Z,View,key-758,user053@contoso.example,ws-005,ds-0013,,,Dataset
act-000759,2026-06-24T19:38:00Z,Export,key-759,user074@contoso.example,ws-054,ds-0163,,,Dataset
act-000760,2026-06-03T13:40:00Z,View,key-760,user089@contoso.example,ws-009,ds-0025,,,Dataset
act-000761,2026-06-28T08:02:00Z,ViewReport,key-761,user098@contoso.example,ws-059,ds-0177,,,Dataset
act-000762,2026-06-06T23:31:00Z,ViewReport,key-762,user007@contoso.example,ws-045,ds-0132,,,Dataset
act-000763,2026-06-17T17:47:00Z,View,key-763,user129@contoso.example,ws-056,ds-0168,,,Dataset
act-000764,2026-06-26T06:05:00Z,View,key-764,user031@contoso.example,ws-011,ds-0032,,,Dataset
act-000765,2026-06-15T18:21:00Z,View,key-765,user142@contoso.example,ws-051,ds-0155,,,Dataset
act-000766,2026-06-05T05:13:00Z,ViewDashboard,key-766,user048@contoso.example,ws-022,ds-0062,,,Dataset
act-000767,2026-06-11T12:31:00Z,View,key-767,user001@contoso.example,ws-044,ds-0128,,,Dataset
act-000768,2026-06-27T22:45:00Z,View,key-768,user089@contoso.example,ws-019,ds-0055,,,Dataset
act-000769,2026-06-25T13:07:00Z,View,key-769,user118@contoso.example,ws-038,ds-0109,,,Dataset
act-000770,2026-06-23T03:16:00Z,View,key-770,user045@contoso.example,ws-009,ds-0024,,,Dataset
act-000771,2026-06-16T20:45:00Z,View,key-771,user052@contoso.example,ws-043,ds-0127,,,Dataset
act-000772,2026-06-11T20:31:00Z,ViewReport,key-772,user066@contoso.example,ws-021,ds-0060,,,Dataset
act-000773,2026-06-06T03:43:00Z,ViewReport,key-773,user004@contoso.example,ws-028,ds-0080,,,Dataset
act-000774,2026-06-20T08:11:00Z,View,key-774,user062@contoso.example,ws-003,ds-0009,,,Dataset
act-000775,2026-06-29T15:16:00Z,View,key-775,user131@contoso.example,ws-010,ds-0029,,,Dataset
act-000776,2026-06-15T02:39:00Z,ViewReport,key-776,user037@contoso.example,ws-061,ds-0182,,,Dataset
act-000777,2026-06-11T01:55:00Z,View,key-777,user146@contoso.example,ws-056,ds-0170,,,Dataset
act-000778,2026-06-05T21:54:00Z,View,key-778,user001@contoso.example,ws-029,ds-0085,,,Dataset
act-000779,2026-06-28T18:23:00Z,ViewReport,key-779,user141@contoso.example,ws-032,ds-0092,,,Dataset
act-000780,2026-06-16T15:38:00Z,ViewReport,key-780,user102@contoso.example,ws-060,ds-0181,,,Dataset
act-000781,2026-06-10T21:50:00Z,View,key-781,user118@contoso.example,ws-017,ds-0047,,,Dataset
act-000782,2026-06-19T11:29:00Z,View,key-782,user026@contoso.example,ws-014,ds-0039,,,Dataset
act-000783,2026-06-14T21:50:00Z,View,key-783,user039@contoso.example,ws-007,ds-0019,,,Dataset
act-000784,2026-06-03T07:20:00Z,View,key-784,user019@contoso.example,ws-010,ds-0027,,,Dataset
act-000785,2026-06-08T20:13:00Z,View,key-785,user122@contoso.example,ws-005,ds-0013,,,Dataset
act-000786,2026-06-11T06:23:00Z,View,key-786,user067@contoso.example,ws-058,ds-0174,,,Dataset
act-000787,2026-06-13T18:17:00Z,ViewReport,key-787,user074@contoso.example,ws-045,ds-0135,,,Dataset
act-000788,2026-06-23T23:56:00Z,View,key-788,user036@contoso.example,ws-010,ds-0027,,,Dataset
act-000789,2026-06-27T23:08:00Z,View,key-789,user044@contoso.example,ws-017,ds-0047,,,Dataset
act-000790,2026-06-30T01:35:00Z,ViewReport,key-790,user135@contoso.example,ws-042,ds-0124,,,Dataset
act-000791,2026-06-25T10:56:00Z,Export,key-791,user122@contoso.example,ws-060,ds-0181,,,Dataset
act-000792,2026-06-02T23:36:00Z,View,key-792,user027@contoso.example,ws-027,ds-0078,,,Dataset
act-000793,2026-06-08T15:00:00Z,ViewDashboard,key-793,user144@contoso.example,ws-045,ds-0135,,,Dataset
act-000794,2026-06-29T14:33:00Z,View,key-794,user044@contoso.example,ws-019,ds-0053,,,Dataset
act-000795,2026-06-04T07:07:00Z,ViewReport,key-795,user142@contoso.example,ws-038,ds-0109,,,Dataset
act-000796,2026-06-06T04:24:00Z,View,key-796,user002@contoso.example,ws-055,ds-0167,,,Dataset
act-000797,2026-06-20T19:13:00Z,View,key-797,user028@contoso.example,ws-039,ds-0115,,,Dataset
act-000798,2026-06-20T07:04:00Z,ViewReport,key-798,user078@contoso.example,ws-039,ds-0115,,,Dataset
act-000799,2026-06-09T22:38:00Z,View,key-799,user064@contoso.example,ws-047,ds-0140,,,Dataset
act-000800,2026-06-18T00:12:00Z,ViewReport,key-800,user113@contoso.example,ws-039,ds-0114,,,Dataset
act-000801,2026-06-29T23:51:00Z,View,key-801,user025@contoso.example,ws-021,ds-0060,,,Dataset
act-000802,2026-06-08T06:28:00Z,ViewReport,key-802,user148@contoso.example,ws-006,ds-0016,,,Dataset
act-000803,2026-06-09T12:10:00Z,ViewReport,key-803,user081@contoso.example,ws-028,ds-0079,,,Dataset
act-000804,2026-06-10T00:28:00Z,Export,key-804,user004@contoso.example,ws-042,ds-0125,,,Dataset
act-000805,2026-06-01T10:58:00Z,RefreshDataset,key-805,user083@contoso.example,ws-021,ds-0060,,,Dataset
act-000806,2026-06-21T16:33:00Z,Export,key-806,user068@contoso.example,ws-012,ds-0034,,,Dataset
act-000807,2026-06-18T23:06:00Z,View,key-807,user131@contoso.example,ws-057,ds-0171,,,Dataset
act-000808,2026-06-01T21:35:00Z,View,key-808,user060@contoso.example,ws-017,ds-0046,,,Dataset
act-000809,2026-06-17T10:03:00Z,ViewReport,key-809,user137@contoso.example,ws-012,ds-0035,,,Dataset
act-000810,2026-06-09T15:30:00Z,ViewDashboard,key-810,user043@contoso.example,ws-050,ds-0152,,,Dataset
act-000811,2026-06-11T16:31:00Z,View,key-811,user119@contoso.example,ws-062,ds-0189,,,Dataset
act-000812,2026-06-03T11:27:00Z,View,key-812,user061@contoso.example,ws-027,ds-0076,,,Dataset
act-000813,2026-06-07T23:02:00Z,ViewReport,key-813,user098@contoso.example,ws-039,ds-0115,,,Dataset
act-000814,2026-06-14T13:43:00Z,View,key-814,user103@contoso.example,ws-043,ds-0127,,,Dataset
act-000815,2026-06-07T07:05:00Z,View,key-815,user018@contoso.example,ws-009,ds-0026,,,Dataset
act-000816,2026-06-23T13:44:00Z,ViewDashboard,key-816,user086@contoso.example,ws-009,ds-0024,,,Dataset
act-000817,2026-06-11T23:14:00Z,View,key-817,user126@contoso.example,ws-003,ds-0007,,,Dataset
act-000818,2026-06-07T23:07:00Z,View,key-818,user015@contoso.example,ws-018,ds-0049,,,Dataset
act-000819,2026-06-08T15:31:00Z,View,key-819,user120@contoso.example,ws-053,ds-0160,,,Dataset
act-000820,2026-06-01T06:31:00Z,ViewReport,key-820,user055@contoso.example,ws-049,ds-0147,,,Dataset
act-000821,2026-06-01T13:06:00Z,View,key-821,user014@contoso.example,ws-046,ds-0138,,,Dataset
act-000822,2026-06-29T00:18:00Z,View,key-822,user012@contoso.example,ws-033,ds-0095,,,Dataset
act-000823,2026-06-16T04:51:00Z,View,key-823,user070@contoso.example,ws-009,ds-0025,,,Dataset
act-000824,2026-06-15T22:19:00Z,View,key-824,user144@contoso.example,ws-011,ds-0033,,,Dataset
act-000825,2026-06-09T15:15:00Z,View,key-825,user083@contoso.example,ws-013,ds-0038,,,Dataset
act-000826,2026-06-02T13:21:00Z,View,key-826,user007@contoso.example,ws-012,ds-0035,,,Dataset
act-000827,2026-06-11T22:57:00Z,View,key-827,user113@contoso.example,ws-020,ds-0057,,,Dataset
act-000828,2026-06-20T20:07:00Z,View,key-828,user116@contoso.example,ws-012,ds-0034,,,Dataset
act-000829,2026-06-06T23:46:00Z,ViewReport,key-829,user123@contoso.example,ws-003,ds-0009,,,Dataset
act-000830,2026-06-18T21:38:00Z,ViewReport,key-830,user081@contoso.example,ws-002,ds-0006,,,Dataset
act-000831,2026-06-23T22:20:00Z,RefreshDataset,key-831,user138@contoso.example,ws-001,ds-0003,,,Dataset
act-000832,2026-06-04T18:38:00Z,View,key-832,user068@contoso.example,ws-037,ds-0107,,,Dataset
act-000833,2026-06-09T10:27:00Z,ViewDashboard,key-833,user115@contoso.example,ws-029,ds-0084,,,Dataset
act-000834,2026-06-24T22:46:00Z,ViewReport,key-834,user115@contoso.example,ws-046,ds-0138,,,Dataset
act-000835,2026-06-09T09:11:00Z,ViewDashboard,key-835,user067@contoso.example,ws-003,ds-0009,,,Dataset
act-000836,2026-06-02T20:23:00Z,ViewDashboard,key-836,user095@contoso.example,ws-008,ds-0022,,,Dataset
act-000837,2026-06-30T22:42:00Z,View,key-837,user072@contoso.example,ws-029,ds-0084,,,Dataset
act-000838,2026-06-01T18:50:00Z,View,key-838,user101@contoso.example,ws-017,ds-0045,,,Dataset
act-000839,2026-06-21T15:51:00Z,ViewReport,key-839,user063@contoso.example,ws-028,ds-0081,,,Dataset
act-000840,2026-06-02T00:04:00Z,Export,key-840,user021@contoso.example,ws-021,ds-0058,,,Dataset
act-000841,2026-06-10T01:22:00Z,ViewReport,key-841,user014@contoso.example,ws-062,ds-0189,,,Dataset
act-000842,2026-06-13T20:30:00Z,View,key-842,user066@contoso.example,ws-002,ds-0005,,,Dataset
act-000843,2026-06-26T08:27:00Z,View,key-843,user066@contoso.example,ws-032,ds-0092,,,Dataset
act-000844,2026-06-01T01:00:00Z,Export,key-844,user010@contoso.example,ws-004,ds-0011,,,Dataset
act-000845,2026-06-01T09:45:00Z,View,key-845,user092@contoso.example,ws-037,ds-0106,,,Dataset
act-000846,2026-06-09T19:29:00Z,View,key-846,user055@contoso.example,ws-034,ds-0099,,,Dataset
act-000847,2026-06-10T23:34:00Z,View,key-847,user093@contoso.example,ws-039,ds-0113,,,Dataset
act-000848,2026-06-14T00:18:00Z,View,key-848,user037@contoso.example,ws-048,ds-0142,,,Dataset
act-000849,2026-06-28T09:25:00Z,View,key-849,user114@contoso.example,ws-038,ds-0109,,,Dataset
act-000850,2026-06-14T01:05:00Z,View,key-850,user121@contoso.example,ws-018,ds-0050,,,Dataset
act-000851,2026-06-20T10:47:00Z,View,key-851,user130@contoso.example,ws-008,ds-0021,,,Dataset
act-000852,2026-06-04T05:42:00Z,ViewReport,key-852,user099@contoso.example,ws-010,ds-0028,,,Dataset
act-000853,2026-06-12T05:43:00Z,View,key-853,user143@contoso.example,ws-056,ds-0169,,,Dataset
act-000854,2026-06-22T03:23:00Z,View,key-854,user006@contoso.example,ws-049,ds-0145,,,Dataset
act-000855,2026-06-10T07:06:00Z,RefreshDataset,key-855,user113@contoso.example,ws-030,ds-0087,,,Dataset
act-000856,2026-06-28T02:49:00Z,View,key-856,user111@contoso.example,ws-044,ds-0128,,,Dataset
act-000857,2026-06-22T08:30:00Z,Export,key-857,user100@contoso.example,ws-042,ds-0124,,,Dataset
act-000858,2026-06-29T06:52:00Z,ViewReport,key-858,user059@contoso.example,ws-009,ds-0026,,,Dataset
act-000859,2026-06-25T05:44:00Z,View,key-859,user118@contoso.example,ws-022,ds-0064,,,Dataset
act-000860,2026-06-13T15:03:00Z,View,key-860,user097@contoso.example,ws-015,ds-0042,,,Dataset
act-000861,2026-06-04T13:32:00Z,RefreshDataset,key-861,user072@contoso.example,ws-023,ds-0066,,,Dataset
act-000862,2026-06-13T18:26:00Z,View,key-862,user130@contoso.example,ws-026,ds-0073,,,Dataset
act-000863,2026-06-20T05:16:00Z,View,key-863,user139@contoso.example,ws-058,ds-0175,,,Dataset
act-000864,2026-06-08T05:32:00Z,Export,key-864,user062@contoso.example,ws-007,ds-0018,,,Dataset
act-000865,2026-06-28T14:40:00Z,View,key-865,user072@contoso.example,ws-011,ds-0033,,,Dataset
act-000866,2026-06-25T15:59:00Z,View,key-866,user041@contoso.example,ws-061,ds-0183,,,Dataset
act-000867,2026-06-25T18:29:00Z,View,key-867,user148@contoso.example,ws-061,ds-0184,,,Dataset
act-000868,2026-06-03T22:54:00Z,RefreshDataset,key-868,user077@contoso.example,ws-024,ds-0069,,,Dataset
act-000869,2026-06-17T18:19:00Z,Export,key-869,user148@contoso.example,ws-002,ds-0006,,,Dataset
act-000870,2026-06-22T09:24:00Z,Export,key-870,user140@contoso.example,ws-030,ds-0087,,,Dataset
act-000871,2026-06-09T12:15:00Z,View,key-871,user075@contoso.example,ws-050,ds-0149,,,Dataset
act-000872,2026-06-18T23:53:00Z,View,key-872,user005@contoso.example,ws-044,ds-0129,,,Dataset
act-000873,2026-06-21T15:48:00Z,View,key-873,user123@contoso.example,ws-022,ds-0063,,,Dataset
act-000874,2026-06-14T08:54:00Z,View,key-874,user053@contoso.example,ws-049,ds-0147,,,Dataset
act-000875,2026-06-15T16:02:00Z,View,key-875,user038@contoso.example,ws-029,ds-0083,,,Dataset
act-000876,2026-06-12T03:36:00Z,Export,key-876,user117@contoso.example,ws-009,ds-0026,,,Dataset
act-000877,2026-06-04T13:08:00Z,View,key-877,user079@contoso.example,ws-046,ds-0138,,,Dataset
act-000878,2026-06-15T13:51:00Z,View,key-878,user103@contoso.example,ws-040,ds-0118,,,Dataset
act-000879,2026-06-25T01:44:00Z,View,key-879,user031@contoso.example,ws-052,ds-0157,,,Dataset
act-000880,2026-06-20T06:57:00Z,View,key-880,user065@contoso.example,ws-032,ds-0094,,,Dataset
act-000881,2026-06-05T10:36:00Z,ViewReport,key-881,user054@contoso.example,ws-056,ds-0169,,,Dataset
act-000882,2026-06-04T14:27:00Z,View,key-882,user004@contoso.example,ws-050,ds-0149,,,Dataset
act-000883,2026-06-17T11:26:00Z,View,key-883,user030@contoso.example,ws-039,ds-0115,,,Dataset
act-000884,2026-06-01T20:23:00Z,View,key-884,user055@contoso.example,ws-056,ds-0168,,,Dataset
act-000885,2026-06-26T23:37:00Z,ViewReport,key-885,user107@contoso.example,ws-055,ds-0167,,,Dataset
act-000886,2026-06-16T01:42:00Z,Export,key-886,user115@contoso.example,ws-027,ds-0078,,,Dataset
act-000887,2026-06-16T15:58:00Z,View,key-887,user091@contoso.example,ws-010,ds-0029,,,Dataset
act-000888,2026-06-26T14:54:00Z,RefreshDataset,key-888,user015@contoso.example,ws-041,ds-0120,,,Dataset
act-000889,2026-06-05T11:47:00Z,ViewReport,key-889,user093@contoso.example,ws-002,ds-0005,,,Dataset
act-000890,2026-06-12T09:16:00Z,View,key-890,user138@contoso.example,ws-053,ds-0159,,,Dataset
act-000891,2026-06-11T14:51:00Z,View,key-891,user100@contoso.example,ws-029,ds-0083,,,Dataset
act-000892,2026-06-21T06:31:00Z,RefreshDataset,key-892,user069@contoso.example,ws-024,ds-0067,,,Dataset
act-000893,2026-06-30T23:35:00Z,View,key-893,user087@contoso.example,ws-024,ds-0069,,,Dataset
act-000894,2026-06-23T21:41:00Z,View,key-894,user105@contoso.example,ws-041,ds-0122,,,Dataset
act-000895,2026-06-07T07:52:00Z,ViewReport,key-895,user048@contoso.example,ws-030,ds-0087,,,Dataset
act-000896,2026-06-01T22:57:00Z,View,key-896,user145@contoso.example,ws-029,ds-0086,,,Dataset
act-000897,2026-06-29T10:13:00Z,ViewReport,key-897,user042@contoso.example,ws-001,ds-0003,,,Dataset
act-000898,2026-06-16T23:30:00Z,View,key-898,user037@contoso.example,ws-012,ds-0034,,,Dataset
act-000899,2026-06-16T12:36:00Z,ViewReport,key-899,user143@contoso.example,ws-029,ds-0084,,,Dataset
act-000900,2026-06-16T01:45:00Z,View,key-900,user070@contoso.example,ws-048,ds-0143,,,Dataset
act-000901,2026-06-27T05:47:00Z,ViewDashboard,key-901,user104@contoso.example,ws-055,ds-0166,,,Dataset
act-000902,2026-06-01T07:26:00Z,ViewReport,key-902,user139@contoso.example,ws-038,ds-0109,,,Dataset
act-000903,2026-06-01T20:11:00Z,View,key-903,user079@contoso.example,ws-041,ds-0119,,,Dataset
act-000904,2026-06-09T17:11:00Z,RefreshDataset,key-904,user074@contoso.example,ws-055,ds-0165,,,Dataset
act-000905,2026-06-07T22:23:00Z,View,key-905,user124@contoso.example,ws-004,ds-0012,,,Dataset
act-000906,2026-06-20T12:51:00Z,View,key-906,user058@contoso.example,ws-010,ds-0027,,,Dataset
act-000907,2026-06-16T15:55:00Z,ViewReport,key-907,user066@contoso.example,ws-041,ds-0120,,,Dataset
act-000908,2026-06-05T08:31:00Z,View,key-908,user074@contoso.example,ws-010,ds-0028,,,Dataset
act-000909,2026-06-19T02:37:00Z,View,key-909,user110@contoso.example,ws-010,ds-0029,,,Dataset
act-000910,2026-06-19T10:01:00Z,View,key-910,user045@contoso.example,ws-058,ds-0176,,,Dataset
act-000911,2026-06-11T19:11:00Z,View,key-911,user100@contoso.example,ws-030,ds-0089,,,Dataset
act-000912,2026-06-20T02:22:00Z,ViewReport,key-912,user136@contoso.example,ws-038,ds-0110,,,Dataset
act-000913,2026-06-02T15:39:00Z,View,key-913,user014@contoso.example,ws-044,ds-0131,,,Dataset
act-000914,2026-06-16T21:02:00Z,View,key-914,user051@contoso.example,ws-002,ds-0006,,,Dataset
act-000915,2026-06-07T23:19:00Z,View,key-915,user037@contoso.example,ws-062,ds-0189,,,Dataset
act-000916,2026-06-07T15:19:00Z,View,key-916,user111@contoso.example,ws-021,ds-0060,,,Dataset
act-000917,2026-06-19T22:11:00Z,ViewReport,key-917,user026@contoso.example,ws-026,ds-0072,,,Dataset
act-000918,2026-06-18T00:05:00Z,View,key-918,user148@contoso.example,ws-060,ds-0179,,,Dataset
act-000919,2026-06-21T11:58:00Z,ViewReport,key-919,user031@contoso.example,ws-052,ds-0157,,,Dataset
act-000920,2026-06-21T22:11:00Z,ViewReport,key-920,user108@contoso.example,ws-049,ds-0147,,,Dataset
act-000921,2026-06-29T08:02:00Z,View,key-921,user028@contoso.example,ws-022,ds-0064,,,Dataset
act-000922,2026-06-18T04:35:00Z,ViewDashboard,key-922,user025@contoso.example,ws-041,ds-0119,,,Dataset
act-000923,2026-06-09T13:58:00Z,View,key-923,user025@contoso.example,ws-032,ds-0092,,,Dataset
act-000924,2026-06-03T20:09:00Z,ViewReport,key-924,user060@contoso.example,ws-003,ds-0008,,,Dataset
act-000925,2026-06-19T23:03:00Z,ViewReport,key-925,user099@contoso.example,ws-033,ds-0095,,,Dataset
act-000926,2026-06-14T21:27:00Z,View,key-926,user040@contoso.example,ws-055,ds-0166,,,Dataset
act-000927,2026-06-07T18:59:00Z,ViewReport,key-927,user143@contoso.example,ws-027,ds-0075,,,Dataset
act-000928,2026-06-22T06:46:00Z,View,key-928,user074@contoso.example,ws-042,ds-0124,,,Dataset
act-000929,2026-06-29T05:33:00Z,View,key-929,user063@contoso.example,ws-044,ds-0129,,,Dataset
act-000930,2026-06-16T23:30:00Z,View,key-930,user141@contoso.example,ws-022,ds-0062,,,Dataset
act-000931,2026-06-21T10:03:00Z,View,key-931,user046@contoso.example,ws-062,ds-0189,,,Dataset
act-000932,2026-06-28T14:30:00Z,ViewReport,key-932,user021@contoso.example,ws-012,ds-0035,,,Dataset
act-000933,2026-06-15T18:13:00Z,View,key-933,user092@contoso.example,ws-008,ds-0020,,,Dataset
act-000934,2026-06-02T10:22:00Z,View,key-934,user114@contoso.example,ws-018,ds-0051,,,Dataset
act-000935,2026-06-20T19:09:00Z,Export,key-935,user079@contoso.example,ws-026,ds-0072,,,Dataset
act-000936,2026-06-22T22:32:00Z,ViewReport,key-936,user037@contoso.example,ws-022,ds-0063,,,Dataset
act-000937,2026-06-13T17:45:00Z,ViewReport,key-937,user125@contoso.example,ws-041,ds-0119,,,Dataset
act-000938,2026-06-19T07:46:00Z,Export,key-938,user135@contoso.example,ws-044,ds-0131,,,Dataset
act-000939,2026-06-19T08:55:00Z,View,key-939,user044@contoso.example,ws-051,ds-0153,,,Dataset
act-000940,2026-06-28T16:27:00Z,View,key-940,user125@contoso.example,ws-039,ds-0114,,,Dataset
act-000941,2026-06-16T08:31:00Z,View,key-941,user022@contoso.example,ws-046,ds-0138,,,Dataset
act-000942,2026-06-02T09:01:00Z,View,key-942,user043@contoso.example,ws-039,ds-0114,,,Dataset
act-000943,2026-06-20T12:55:00Z,ViewDashboard,key-943,user098@contoso.example,ws-053,ds-0159,,,Dataset
act-000944,2026-06-11T05:53:00Z,View,key-944,user082@contoso.example,ws-026,ds-0073,,,Dataset
act-000945,2026-06-16T07:04:00Z,View,key-945,user037@contoso.example,ws-057,ds-0171,,,Dataset
act-000946,2026-06-01T09:01:00Z,View,key-946,user003@contoso.example,ws-024,ds-0068,,,Dataset
act-000947,2026-06-15T03:36:00Z,View,key-947,user072@contoso.example,ws-007,ds-0018,,,Dataset
act-000948,2026-06-08T22:15:00Z,View,key-948,user047@contoso.example,ws-040,ds-0117,,,Dataset
act-000949,2026-06-14T11:28:00Z,RefreshDataset,key-949,user075@contoso.example,ws-046,ds-0136,,,Dataset
act-000950,2026-06-20T12:14:00Z,View,key-950,user021@contoso.example,ws-032,ds-0092,,,Dataset
act-000951,2026-06-19T06:23:00Z,RefreshDataset,key-951,user021@contoso.example,ws-019,ds-0054,,,Dataset
act-000952,2026-06-01T03:46:00Z,View,key-952,user095@contoso.example,ws-029,ds-0083,,,Dataset
act-000953,2026-06-13T14:53:00Z,ViewDashboard,key-953,user024@contoso.example,ws-021,ds-0058,,,Dataset
act-000954,2026-06-27T07:30:00Z,ViewReport,key-954,user017@contoso.example,ws-006,ds-0015,,,Dataset
act-000955,2026-06-22T22:29:00Z,View,key-955,user024@contoso.example,ws-025,ds-0071,,,Dataset
act-000956,2026-06-29T14:23:00Z,ViewDashboard,key-956,user128@contoso.example,ws-037,ds-0107,,,Dataset
act-000957,2026-06-08T00:11:00Z,ViewReport,key-957,user114@contoso.example,ws-010,ds-0027,,,Dataset
act-000958,2026-06-07T14:13:00Z,ViewReport,key-958,user124@contoso.example,ws-021,ds-0061,,,Dataset
act-000959,2026-06-26T20:42:00Z,View,key-959,user002@contoso.example,ws-004,ds-0012,,,Dataset
act-000960,2026-06-04T21:56:00Z,View,key-960,user106@contoso.example,ws-027,ds-0075,,,Dataset
act-000961,2026-06-06T02:52:00Z,ViewReport,key-961,user041@contoso.example,ws-048,ds-0142,,,Dataset
act-000962,2026-06-30T05:46:00Z,Export,key-962,user004@contoso.example,ws-058,ds-0174,,,Dataset
act-000963,2026-06-01T13:04:00Z,View,key-963,user086@contoso.example,ws-019,ds-0054,,,Dataset
act-000964,2026-06-09T22:37:00Z,RefreshDataset,key-964,user014@contoso.example,ws-038,ds-0110,,,Dataset
act-000965,2026-06-06T20:20:00Z,ViewDashboard,key-965,user070@contoso.example,ws-008,ds-0022,,,Dataset
act-000966,2026-06-08T10:34:00Z,View,key-966,user071@contoso.example,ws-061,ds-0185,,,Dataset
act-000967,2026-06-27T15:05:00Z,ViewReport,key-967,user008@contoso.example,ws-006,ds-0017,,,Dataset
act-000968,2026-06-26T01:19:00Z,View,key-968,user081@contoso.example,ws-030,ds-0087,,,Dataset
act-000969,2026-06-24T07:59:00Z,ViewReport,key-969,user147@contoso.example,ws-007,ds-0018,,,Dataset
act-000970,2026-06-11T19:58:00Z,View,key-970,user039@contoso.example,ws-053,ds-0161,,,Dataset
act-000971,2026-06-16T12:38:00Z,ViewReport,key-971,user071@contoso.example,ws-018,ds-0049,,,Dataset
act-000972,2026-06-26T15:31:00Z,View,key-972,user013@contoso.example,ws-051,ds-0156,,,Dataset
act-000973,2026-06-28T10:16:00Z,ViewReport,key-973,user086@contoso.example,ws-044,ds-0129,,,Dataset
act-000974,2026-06-13T04:20:00Z,View,key-974,user070@contoso.example,ws-041,ds-0121,,,Dataset
act-000975,2026-06-06T05:19:00Z,Export,key-975,user015@contoso.example,ws-036,ds-0103,,,Dataset
act-000976,2026-06-13T18:56:00Z,ViewReport,key-976,user129@contoso.example,ws-024,ds-0068,,,Dataset
act-000977,2026-06-14T03:49:00Z,ViewReport,key-977,user087@contoso.example,ws-062,ds-0187,,,Dataset
act-000978,2026-06-28T08:56:00Z,ViewReport,key-978,user041@contoso.example,ws-010,ds-0028,,,Dataset
act-000979,2026-06-16T15:06:00Z,View,key-979,user143@contoso.example,ws-011,ds-0030,,,Dataset
act-000980,2026-06-27T03:24:00Z,View,key-980,user143@contoso.example,ws-006,ds-0015,,,Dataset
act-000981,2026-06-01T02:36:00Z,ViewReport,key-981,user085@contoso.example,ws-044,ds-0128,,,Dataset
act-000982,2026-06-12T15:02:00Z,View,key-982,user126@contoso.example,ws-048,ds-0143,,,Dataset
act-000983,2026-06-24T17:24:00Z,Export,key-983,user068@contoso.example,ws-029,ds-0084,,,Dataset
act-000984,2026-06-09T23:18:00Z,RefreshDataset,key-984,user072@contoso.example,ws-009,ds-0024,,,Dataset
act-000985,2026-06-24T04:39:00Z,ViewReport,key-985,user104@contoso.example,ws-024,ds-0067,,,Dataset
act-000986,2026-06-16T20:01:00Z,View,key-986,user089@contoso.example,ws-046,ds-0136,,,Dataset
act-000987,2026-06-28T01:04:00Z,ViewReport,key-987,user059@contoso.example,ws-029,ds-0085,,,Dataset
act-000988,2026-06-15T21:32:00Z,View,key-988,user046@contoso.example,ws-056,ds-0169,,,Dataset
act-000989,2026-06-14T16:16:00Z,RefreshDataset,key-989,user114@contoso.example,ws-053,ds-0159,,,Dataset
act-000990,2026-06-02T09:09:00Z,View,key-990,user145@contoso.example,ws-023,ds-0066,,,Dataset
act-000991,2026-06-22T16:07:00Z,View,key-991,user002@contoso.example,ws-027,ds-0076,,,Dataset
act-000992,2026-06-15T12:42:00Z,View,key-992,user003@contoso.example,ws-046,ds-0138,,,Dataset
act-000993,2026-06-02T13:34:00Z,RefreshDataset,key-993,user057@contoso.example,ws-008,ds-0020,,,Dataset
act-000994,2026-06-14T11:36:00Z,View,key-994,user058@contoso.example,ws-041,ds-0121,,,Dataset
act-000995,2026-06-20T23:41:00Z,View,key-995,user027@contoso.example,ws-041,ds-0120,,,Dataset
act-000996,2026-06-22T01:20:00Z,View,key-996,user118@contoso.example,ws-023,ds-0065,,,Dataset
act-000997,2026-06-26T02:20:00Z,View,key-997,user127@contoso.example,ws-004,ds-0010,,,Dataset
act-000998,2026-06-14T00:05:00Z,ViewReport,key-998,user118@contoso.example,ws-059,ds-0177,,,Dataset
act-000999,2026-06-12T03:45:00Z,Export,key-999,user002@contoso.example,ws-046,ds-0138,,,Dataset
act-001000,2026-06-29T14:58:00Z,View,key-1000,user046@contoso.example,ws-041,ds-0122,,,Dataset
act-001001,2026-06-17T09:23:00Z,View,key-1001,user027@contoso.example,ws-032,ds-0093,,,Dataset
act-001002,2026-06-17T20:27:00Z,View,key-1002,user012@contoso.example,ws-042,ds-0124,,,Dataset
act-001003,2026-06-14T13:31:00Z,ViewReport,key-1003,user041@contoso.example,ws-012,ds-0034,,,Dataset
act-001004,2026-06-26T05:35:00Z,View,key-1004,user031@contoso.example,ws-021,ds-0060,,,Dataset
act-001005,2026-06-09T06:00:00Z,View,key-1005,user039@contoso.example,ws-054,ds-0163,,,Dataset
act-001006,2026-06-04T11:10:00Z,ViewDashboard,key-1006,user094@contoso.example,ws-040,ds-0116,,,Dataset
act-001007,2026-06-20T15:34:00Z,View,key-1007,user119@contoso.example,ws-020,ds-0057,,,Dataset
act-001008,2026-06-30T08:50:00Z,View,key-1008,user135@contoso.example,ws-059,ds-0177,,,Dataset
act-001009,2026-06-22T18:06:00Z,ViewReport,key-1009,user012@contoso.example,ws-016,ds-0044,,,Dataset
act-001010,2026-06-12T18:37:00Z,ViewReport,key-1010,user120@contoso.example,ws-024,ds-0069,,,Dataset
act-001011,2026-06-21T12:37:00Z,ViewReport,key-1011,user139@contoso.example,ws-062,ds-0189,,,Dataset
act-001012,2026-06-01T02:11:00Z,ViewReport,key-1012,user088@contoso.example,ws-057,ds-0172,,,Dataset
act-001013,2026-06-25T12:51:00Z,View,key-1013,user056@contoso.example,ws-012,ds-0034,,,Dataset
act-001014,2026-06-14T03:47:00Z,Export,key-1014,user139@contoso.example,ws-001,ds-0004,,,Dataset
act-001015,2026-06-02T04:22:00Z,ViewReport,key-1015,user010@contoso.example,ws-043,ds-0126,,,Dataset
act-001016,2026-06-26T02:54:00Z,Export,key-1016,user044@contoso.example,ws-036,ds-0104,,,Dataset
act-001017,2026-06-23T01:47:00Z,View,key-1017,user062@contoso.example,ws-056,ds-0168,,,Dataset
act-001018,2026-06-15T01:14:00Z,RefreshDataset,key-1018,user091@contoso.example,ws-033,ds-0096,,,Dataset
act-001019,2026-06-29T19:06:00Z,View,key-1019,user113@contoso.example,ws-028,ds-0082,,,Dataset
act-001020,2026-06-29T12:48:00Z,View,key-1020,user106@contoso.example,ws-008,ds-0020,,,Dataset
act-001021,2026-06-05T18:25:00Z,View,key-1021,user102@contoso.example,ws-030,ds-0089,,,Dataset
act-001022,2026-06-30T23:12:00Z,Export,key-1022,user014@contoso.example,ws-034,ds-0099,,,Dataset
act-001023,2026-06-05T11:15:00Z,View,key-1023,user049@contoso.example,ws-034,ds-0097,,,Dataset
act-001024,2026-06-30T04:51:00Z,ViewReport,key-1024,user046@contoso.example,ws-006,ds-0016,,,Dataset
act-001025,2026-06-11T08:23:00Z,ViewReport,key-1025,user006@contoso.example,ws-004,ds-0012,,,Dataset
act-001026,2026-06-13T19:17:00Z,ViewReport,key-1026,user144@contoso.example,ws-002,ds-0005,,,Dataset
act-001027,2026-06-26T14:52:00Z,ViewReport,key-1027,user144@contoso.example,ws-019,ds-0053,,,Dataset
act-001028,2026-06-16T03:52:00Z,RefreshDataset,key-1028,user074@contoso.example,ws-046,ds-0138,,,Dataset
act-001029,2026-06-29T03:48:00Z,ViewDashboard,key-1029,user002@contoso.example,ws-006,ds-0015,,,Dataset
act-001030,2026-06-14T12:20:00Z,View,key-1030,user074@contoso.example,ws-046,ds-0139,,,Dataset
act-001031,2026-06-08T22:48:00Z,View,key-1031,user007@contoso.example,ws-049,ds-0145,,,Dataset
act-001032,2026-06-25T00:17:00Z,View,key-1032,user081@contoso.example,ws-038,ds-0111,,,Dataset
act-001033,2026-06-27T20:45:00Z,View,key-1033,user137@contoso.example,ws-037,ds-0107,,,Dataset
act-001034,2026-06-20T22:54:00Z,View,key-1034,user010@contoso.example,ws-053,ds-0161,,,Dataset
act-001035,2026-06-13T08:36:00Z,View,key-1035,user096@contoso.example,ws-058,ds-0175,,,Dataset
act-001036,2026-06-20T00:18:00Z,View,key-1036,user014@contoso.example,ws-026,ds-0073,,,Dataset
act-001037,2026-06-21T10:47:00Z,ViewReport,key-1037,user015@contoso.example,ws-048,ds-0142,,,Dataset
act-001038,2026-06-09T15:00:00Z,View,key-1038,user136@contoso.example,ws-011,ds-0033,,,Dataset
act-001039,2026-06-19T00:10:00Z,View,key-1039,user095@contoso.example,ws-040,ds-0117,,,Dataset
act-001040,2026-06-04T06:00:00Z,RefreshDataset,key-1040,user013@contoso.example,ws-058,ds-0176,,,Dataset
act-001041,2026-06-11T20:50:00Z,Export,key-1041,user031@contoso.example,ws-005,ds-0013,,,Dataset
act-001042,2026-06-29T19:34:00Z,RefreshDataset,key-1042,user085@contoso.example,ws-029,ds-0084,,,Dataset
act-001043,2026-06-10T15:13:00Z,View,key-1043,user001@contoso.example,ws-046,ds-0139,,,Dataset
act-001044,2026-06-18T09:11:00Z,View,key-1044,user098@contoso.example,ws-042,ds-0125,,,Dataset
act-001045,2026-06-06T16:10:00Z,View,key-1045,user001@contoso.example,ws-044,ds-0129,,,Dataset
act-001046,2026-06-15T05:22:00Z,View,key-1046,user004@contoso.example,ws-028,ds-0081,,,Dataset
act-001047,2026-06-12T22:08:00Z,View,key-1047,user082@contoso.example,ws-046,ds-0138,,,Dataset
act-001048,2026-06-27T11:57:00Z,View,key-1048,user085@contoso.example,ws-006,ds-0015,,,Dataset
act-001049,2026-06-06T08:29:00Z,View,key-1049,user113@contoso.example,ws-008,ds-0021,,,Dataset
act-001050,2026-06-18T16:30:00Z,ViewReport,key-1050,user089@contoso.example,ws-058,ds-0173,,,Dataset
act-001051,2026-06-01T23:23:00Z,View,key-1051,user031@contoso.example,ws-011,ds-0032,,,Dataset
act-001052,2026-06-29T16:40:00Z,View,key-1052,user007@contoso.example,ws-024,ds-0069,,,Dataset
act-001053,2026-06-12T23:05:00Z,View,key-1053,user006@contoso.example,ws-027,ds-0075,,,Dataset
act-001054,2026-06-23T00:31:00Z,ViewReport,key-1054,user011@contoso.example,ws-024,ds-0067,,,Dataset
act-001055,2026-06-09T23:23:00Z,View,key-1055,user149@contoso.example,ws-007,ds-0018,,,Dataset
act-001056,2026-06-20T06:13:00Z,View,key-1056,user038@contoso.example,ws-014,ds-0040,,,Dataset
act-001057,2026-06-26T12:35:00Z,Export,key-1057,user150@contoso.example,ws-049,ds-0147,,,Dataset
act-001058,2026-06-09T14:14:00Z,View,key-1058,user052@contoso.example,ws-044,ds-0131,,,Dataset
act-001059,2026-06-02T18:59:00Z,ViewReport,key-1059,user046@contoso.example,ws-014,ds-0039,,,Dataset
act-001060,2026-06-28T06:38:00Z,View,key-1060,user014@contoso.example,ws-005,ds-0013,,,Dataset
act-001061,2026-06-12T13:12:00Z,ViewReport,key-1061,user113@contoso.example,ws-037,ds-0106,,,Dataset
act-001062,2026-06-03T04:19:00Z,View,key-1062,user053@contoso.example,ws-011,ds-0032,,,Dataset
act-001063,2026-06-20T09:39:00Z,View,key-1063,user081@contoso.example,ws-009,ds-0023,,,Dataset
act-001064,2026-06-18T02:36:00Z,Export,key-1064,user100@contoso.example,ws-020,ds-0057,,,Dataset
act-001065,2026-06-19T09:55:00Z,View,key-1065,user054@contoso.example,ws-018,ds-0049,,,Dataset
act-001066,2026-06-14T11:43:00Z,View,key-1066,user079@contoso.example,ws-059,ds-0178,,,Dataset
act-001067,2026-06-29T23:20:00Z,ViewDashboard,key-1067,user072@contoso.example,ws-059,ds-0178,,,Dataset
act-001068,2026-06-12T13:35:00Z,View,key-1068,user140@contoso.example,ws-011,ds-0031,,,Dataset
act-001069,2026-06-19T10:06:00Z,View,key-1069,user060@contoso.example,ws-027,ds-0076,,,Dataset
act-001070,2026-06-26T20:59:00Z,View,key-1070,user141@contoso.example,ws-010,ds-0028,,,Dataset
act-001071,2026-06-19T15:56:00Z,ViewReport,key-1071,user062@contoso.example,ws-037,ds-0106,,,Dataset
act-001072,2026-06-22T01:08:00Z,View,key-1072,user040@contoso.example,ws-018,ds-0051,,,Dataset
act-001073,2026-06-26T06:15:00Z,ViewReport,key-1073,user135@contoso.example,ws-020,ds-0057,,,Dataset
act-001074,2026-06-21T07:06:00Z,View,key-1074,user002@contoso.example,ws-056,ds-0170,,,Dataset
act-001075,2026-06-25T04:20:00Z,ViewReport,key-1075,user040@contoso.example,ws-003,ds-0007,,,Dataset
act-001076,2026-06-16T00:16:00Z,View,key-1076,user080@contoso.example,ws-001,ds-0002,,,Dataset
act-001077,2026-06-08T17:58:00Z,RefreshDataset,key-1077,user110@contoso.example,ws-039,ds-0112,,,Dataset
act-001078,2026-06-17T09:29:00Z,ViewReport,key-1078,user040@contoso.example,ws-004,ds-0011,,,Dataset
act-001079,2026-06-13T01:47:00Z,View,key-1079,user123@contoso.example,ws-015,ds-0042,,,Dataset
act-001080,2026-06-24T16:38:00Z,ViewDashboard,key-1080,user052@contoso.example,ws-037,ds-0108,,,Dataset
act-001081,2026-06-14T16:01:00Z,View,key-1081,user125@contoso.example,ws-032,ds-0092,,,Dataset
act-001082,2026-06-07T16:03:00Z,ViewReport,key-1082,user038@contoso.example,ws-048,ds-0143,,,Dataset
act-001083,2026-06-07T06:56:00Z,View,key-1083,user008@contoso.example,ws-004,ds-0012,,,Dataset
act-001084,2026-06-03T19:51:00Z,View,key-1084,user076@contoso.example,ws-050,ds-0149,,,Dataset
act-001085,2026-06-15T15:03:00Z,ViewReport,key-1085,user093@contoso.example,ws-054,ds-0162,,,Dataset
act-001086,2026-06-04T16:44:00Z,View,key-1086,user001@contoso.example,ws-035,ds-0102,,,Dataset
act-001087,2026-06-19T16:42:00Z,Export,key-1087,user106@contoso.example,ws-053,ds-0161,,,Dataset
act-001088,2026-06-27T06:25:00Z,View,key-1088,user045@contoso.example,ws-040,ds-0118,,,Dataset
act-001089,2026-06-17T20:41:00Z,Export,key-1089,user140@contoso.example,ws-007,ds-0018,,,Dataset
act-001090,2026-06-19T12:00:00Z,View,key-1090,user103@contoso.example,ws-001,ds-0004,,,Dataset
act-001091,2026-06-28T16:43:00Z,View,key-1091,user041@contoso.example,ws-045,ds-0135,,,Dataset
act-001092,2026-06-16T18:03:00Z,ViewReport,key-1092,user042@contoso.example,ws-028,ds-0080,,,Dataset
act-001093,2026-06-12T05:34:00Z,View,key-1093,user083@contoso.example,ws-058,ds-0173,,,Dataset
act-001094,2026-06-17T00:27:00Z,ViewReport,key-1094,user116@contoso.example,ws-047,ds-0140,,,Dataset
act-001095,2026-06-20T04:10:00Z,View,key-1095,user117@contoso.example,ws-054,ds-0162,,,Dataset
act-001096,2026-06-20T14:00:00Z,View,key-1096,user143@contoso.example,ws-020,ds-0056,,,Dataset
act-001097,2026-06-02T16:13:00Z,View,key-1097,user002@contoso.example,ws-024,ds-0068,,,Dataset
act-001098,2026-06-20T17:58:00Z,Export,key-1098,user067@contoso.example,ws-030,ds-0089,,,Dataset
act-001099,2026-06-09T16:29:00Z,View,key-1099,user070@contoso.example,ws-048,ds-0142,,,Dataset
act-001100,2026-06-29T17:15:00Z,View,key-1100,user082@contoso.example,ws-018,ds-0050,,,Dataset
act-001101,2026-06-18T12:58:00Z,View,key-1101,user035@contoso.example,ws-059,ds-0178,,,Dataset
act-001102,2026-06-13T01:11:00Z,View,key-1102,user130@contoso.example,ws-009,ds-0026,,,Dataset
act-001103,2026-06-23T00:27:00Z,View,key-1103,user107@contoso.example,ws-060,ds-0181,,,Dataset
act-001104,2026-06-10T01:20:00Z,ViewReport,key-1104,user148@contoso.example,ws-055,ds-0164,,,Dataset
act-001105,2026-06-16T20:43:00Z,View,key-1105,user007@contoso.example,ws-027,ds-0078,,,Dataset
act-001106,2026-06-17T15:46:00Z,View,key-1106,user055@contoso.example,ws-048,ds-0143,,,Dataset
act-001107,2026-06-15T16:11:00Z,ViewReport,key-1107,user062@contoso.example,ws-055,ds-0165,,,Dataset
act-001108,2026-06-15T03:08:00Z,ViewReport,key-1108,user135@contoso.example,ws-037,ds-0108,,,Dataset
act-001109,2026-06-17T15:01:00Z,ViewDashboard,key-1109,user021@contoso.example,ws-026,ds-0074,,,Dataset
act-001110,2026-06-11T10:31:00Z,ViewDashboard,key-1110,user026@contoso.example,ws-046,ds-0139,,,Dataset
act-001111,2026-06-08T20:46:00Z,View,key-1111,user020@contoso.example,ws-039,ds-0113,,,Dataset
act-001112,2026-06-10T05:07:00Z,ViewReport,key-1112,user100@contoso.example,ws-042,ds-0123,,,Dataset
act-001113,2026-06-05T08:30:00Z,ViewReport,key-1113,user065@contoso.example,ws-051,ds-0153,,,Dataset
act-001114,2026-06-08T06:53:00Z,View,key-1114,user140@contoso.example,ws-010,ds-0029,,,Dataset
act-001115,2026-06-06T14:14:00Z,ViewReport,key-1115,user091@contoso.example,ws-061,ds-0185,,,Dataset
act-001116,2026-06-21T19:30:00Z,View,key-1116,user009@contoso.example,ws-036,ds-0105,,,Dataset
act-001117,2026-06-17T09:52:00Z,RefreshDataset,key-1117,user113@contoso.example,ws-001,ds-0004,,,Dataset
act-001118,2026-06-17T08:45:00Z,View,key-1118,user004@contoso.example,ws-036,ds-0103,,,Dataset
act-001119,2026-06-25T03:21:00Z,View,key-1119,user105@contoso.example,ws-039,ds-0114,,,Dataset
act-001120,2026-06-13T04:07:00Z,ViewReport,key-1120,user125@contoso.example,ws-051,ds-0154,,,Dataset
act-001121,2026-06-17T21:20:00Z,View,key-1121,user033@contoso.example,ws-038,ds-0110,,,Dataset
act-001122,2026-06-11T10:42:00Z,View,key-1122,user086@contoso.example,ws-027,ds-0077,,,Dataset
act-001123,2026-06-18T13:25:00Z,View,key-1123,user046@contoso.example,ws-040,ds-0117,,,Dataset
act-001124,2026-06-19T19:03:00Z,View,key-1124,user108@contoso.example,ws-041,ds-0119,,,Dataset
act-001125,2026-06-16T19:17:00Z,View,key-1125,user007@contoso.example,ws-004,ds-0012,,,Dataset
act-001126,2026-06-04T10:49:00Z,View,key-1126,user133@contoso.example,ws-024,ds-0067,,,Dataset
act-001127,2026-06-06T14:45:00Z,View,key-1127,user138@contoso.example,ws-021,ds-0060,,,Dataset
act-001128,2026-06-17T06:15:00Z,View,key-1128,user052@contoso.example,ws-052,ds-0158,,,Dataset
act-001129,2026-06-27T17:42:00Z,View,key-1129,user036@contoso.example,ws-051,ds-0156,,,Dataset
act-001130,2026-06-05T11:41:00Z,View,key-1130,user129@contoso.example,ws-023,ds-0065,,,Dataset
act-001131,2026-06-24T13:11:00Z,View,key-1131,user111@contoso.example,ws-049,ds-0145,,,Dataset
act-001132,2026-06-03T01:14:00Z,View,key-1132,user128@contoso.example,ws-032,ds-0093,,,Dataset
act-001133,2026-06-09T20:35:00Z,View,key-1133,user080@contoso.example,ws-005,ds-0014,,,Dataset
act-001134,2026-06-07T15:41:00Z,ViewReport,key-1134,user149@contoso.example,ws-008,ds-0021,,,Dataset
act-001135,2026-06-06T13:09:00Z,View,key-1135,user094@contoso.example,ws-042,ds-0124,,,Dataset
act-001136,2026-06-01T20:25:00Z,View,key-1136,user020@contoso.example,ws-003,ds-0009,,,Dataset
act-001137,2026-06-05T13:26:00Z,Export,key-1137,user010@contoso.example,ws-026,ds-0074,,,Dataset
act-001138,2026-06-19T13:04:00Z,ViewReport,key-1138,user010@contoso.example,ws-026,ds-0073,,,Dataset
act-001139,2026-06-19T02:00:00Z,View,key-1139,user111@contoso.example,ws-005,ds-0013,,,Dataset
act-001140,2026-06-13T11:53:00Z,View,key-1140,user083@contoso.example,ws-057,ds-0171,,,Dataset
act-001141,2026-06-10T10:19:00Z,View,key-1141,user014@contoso.example,ws-061,ds-0185,,,Dataset
act-001142,2026-06-04T15:56:00Z,Export,key-1142,user103@contoso.example,ws-045,ds-0133,,,Dataset
act-001143,2026-06-05T20:47:00Z,ViewReport,key-1143,user041@contoso.example,ws-043,ds-0126,,,Dataset
act-001144,2026-06-26T00:58:00Z,View,key-1144,user034@contoso.example,ws-055,ds-0166,,,Dataset
act-001145,2026-06-11T21:43:00Z,View,key-1145,user118@contoso.example,ws-047,ds-0141,,,Dataset
act-001146,2026-06-22T06:03:00Z,ViewReport,key-1146,user051@contoso.example,ws-044,ds-0128,,,Dataset
act-001147,2026-06-06T03:26:00Z,View,key-1147,user103@contoso.example,ws-035,ds-0102,,,Dataset
act-001148,2026-06-19T03:02:00Z,View,key-1148,user137@contoso.example,ws-039,ds-0115,,,Dataset
act-001149,2026-06-22T21:25:00Z,Export,key-1149,user127@contoso.example,ws-006,ds-0017,,,Dataset
act-001150,2026-06-03T06:42:00Z,View,key-1150,user038@contoso.example,ws-023,ds-0065,,,Dataset
act-001151,2026-06-12T01:01:00Z,View,key-1151,user038@contoso.example,ws-036,ds-0105,,,Dataset
act-001152,2026-06-15T13:58:00Z,View,key-1152,user148@contoso.example,ws-023,ds-0066,,,Dataset
act-001153,2026-06-21T09:48:00Z,View,key-1153,user036@contoso.example,ws-057,ds-0172,,,Dataset
act-001154,2026-06-30T13:43:00Z,RefreshDataset,key-1154,user016@contoso.example,ws-058,ds-0176,,,Dataset
act-001155,2026-06-28T10:12:00Z,View,key-1155,user126@contoso.example,ws-026,ds-0073,,,Dataset
act-001156,2026-06-22T08:05:00Z,ViewDashboard,key-1156,user004@contoso.example,ws-008,ds-0021,,,Dataset
act-001157,2026-06-06T16:23:00Z,View,key-1157,user091@contoso.example,ws-060,ds-0180,,,Dataset
act-001158,2026-06-07T22:53:00Z,View,key-1158,user128@contoso.example,ws-047,ds-0141,,,Dataset
act-001159,2026-06-11T11:38:00Z,RefreshDataset,key-1159,user127@contoso.example,ws-055,ds-0164,,,Dataset
act-001160,2026-06-30T10:36:00Z,View,key-1160,user018@contoso.example,ws-018,ds-0048,,,Dataset
act-001161,2026-06-22T11:56:00Z,View,key-1161,user136@contoso.example,ws-029,ds-0083,,,Dataset
act-001162,2026-06-24T05:48:00Z,View,key-1162,user026@contoso.example,ws-021,ds-0059,,,Dataset
act-001163,2026-06-13T08:46:00Z,View,key-1163,user064@contoso.example,ws-021,ds-0060,,,Dataset
act-001164,2026-06-21T04:38:00Z,View,key-1164,user072@contoso.example,ws-043,ds-0127,,,Dataset
act-001165,2026-06-10T20:49:00Z,View,key-1165,user038@contoso.example,ws-026,ds-0074,,,Dataset
act-001166,2026-06-19T22:19:00Z,ViewReport,key-1166,user135@contoso.example,ws-030,ds-0089,,,Dataset
act-001167,2026-06-14T15:44:00Z,ViewReport,key-1167,user014@contoso.example,ws-055,ds-0165,,,Dataset
act-001168,2026-06-10T15:29:00Z,View,key-1168,user101@contoso.example,ws-012,ds-0034,,,Dataset
act-001169,2026-06-24T08:58:00Z,View,key-1169,user131@contoso.example,ws-053,ds-0159,,,Dataset
act-001170,2026-06-07T21:49:00Z,View,key-1170,user003@contoso.example,ws-027,ds-0076,,,Dataset
act-001171,2026-06-14T14:40:00Z,Export,key-1171,user006@contoso.example,ws-056,ds-0169,,,Dataset
act-001172,2026-06-02T19:36:00Z,View,key-1172,user075@contoso.example,ws-039,ds-0114,,,Dataset
act-001173,2026-06-06T19:32:00Z,View,key-1173,user064@contoso.example,ws-016,ds-0043,,,Dataset
act-001174,2026-06-03T12:40:00Z,View,key-1174,user033@contoso.example,ws-024,ds-0067,,,Dataset
act-001175,2026-06-17T04:27:00Z,View,key-1175,user121@contoso.example,ws-032,ds-0092,,,Dataset
act-001176,2026-06-25T01:58:00Z,View,key-1176,user019@contoso.example,ws-017,ds-0047,,,Dataset
act-001177,2026-06-01T10:41:00Z,View,key-1177,user147@contoso.example,ws-032,ds-0094,,,Dataset
act-001178,2026-06-19T02:23:00Z,ViewReport,key-1178,user059@contoso.example,ws-046,ds-0136,,,Dataset
act-001179,2026-06-09T21:22:00Z,View,key-1179,user030@contoso.example,ws-034,ds-0097,,,Dataset
act-001180,2026-06-21T04:49:00Z,View,key-1180,user068@contoso.example,ws-021,ds-0058,,,Dataset
act-001181,2026-06-09T01:45:00Z,ViewReport,key-1181,user132@contoso.example,ws-041,ds-0120,,,Dataset
act-001182,2026-06-25T00:26:00Z,View,key-1182,user062@contoso.example,ws-055,ds-0167,,,Dataset
act-001183,2026-06-19T10:39:00Z,View,key-1183,user083@contoso.example,ws-055,ds-0167,,,Dataset
act-001184,2026-06-30T14:34:00Z,RefreshDataset,key-1184,user084@contoso.example,ws-056,ds-0168,,,Dataset
act-001185,2026-06-20T00:47:00Z,View,key-1185,user032@contoso.example,ws-041,ds-0121,,,Dataset
act-001186,2026-06-05T16:10:00Z,ViewReport,key-1186,user019@contoso.example,ws-007,ds-0019,,,Dataset
act-001187,2026-06-06T12:19:00Z,View,key-1187,user131@contoso.example,ws-055,ds-0164,,,Dataset
act-001188,2026-06-03T10:16:00Z,ViewReport,key-1188,user142@contoso.example,ws-024,ds-0068,,,Dataset
act-001189,2026-06-17T18:13:00Z,ViewReport,key-1189,user117@contoso.example,ws-041,ds-0119,,,Dataset
act-001190,2026-06-02T15:03:00Z,Export,key-1190,user114@contoso.example,ws-033,ds-0095,,,Dataset
act-001191,2026-06-01T19:23:00Z,ViewReport,key-1191,user103@contoso.example,ws-055,ds-0166,,,Dataset
act-001192,2026-06-30T04:24:00Z,View,key-1192,user114@contoso.example,ws-057,ds-0172,,,Dataset
act-001193,2026-06-13T05:59:00Z,ViewReport,key-1193,user052@contoso.example,ws-023,ds-0066,,,Dataset
act-001194,2026-06-05T13:21:00Z,View,key-1194,user127@contoso.example,ws-040,ds-0116,,,Dataset
act-001195,2026-06-20T16:03:00Z,ViewReport,key-1195,user011@contoso.example,ws-023,ds-0066,,,Dataset
act-001196,2026-06-16T16:39:00Z,View,key-1196,user133@contoso.example,ws-055,ds-0165,,,Dataset
act-001197,2026-06-16T15:42:00Z,View,key-1197,user049@contoso.example,ws-029,ds-0085,,,Dataset
act-001198,2026-06-20T18:39:00Z,ViewReport,key-1198,user050@contoso.example,ws-039,ds-0112,,,Dataset
act-001199,2026-06-13T18:51:00Z,ViewReport,key-1199,user077@contoso.example,ws-010,ds-0028,,,Dataset
act-001200,2026-06-12T08:17:00Z,Export,key-1200,user140@contoso.example,ws-010,ds-0028,,,Dataset
act-001201,2026-06-22T07:32:00Z,View,key-1201,user146@contoso.example,ws-032,ds-0093,,,Dataset
act-001202,2026-06-05T16:10:00Z,ViewReport,key-1202,user005@contoso.example,ws-036,ds-0103,,,Dataset
act-001203,2026-06-04T13:51:00Z,View,key-1203,user148@contoso.example,ws-031,ds-0091,,,Dataset
act-001204,2026-06-11T05:30:00Z,View,key-1204,user140@contoso.example,ws-026,ds-0073,,,Dataset
act-001205,2026-06-27T23:31:00Z,View,key-1205,user085@contoso.example,ws-009,ds-0026,,,Dataset
act-001206,2026-06-24T07:12:00Z,View,key-1206,user115@contoso.example,ws-019,ds-0053,,,Dataset
act-001207,2026-06-19T07:04:00Z,View,key-1207,user077@contoso.example,ws-057,ds-0171,,,Dataset
act-001208,2026-06-27T15:21:00Z,Export,key-1208,user109@contoso.example,ws-034,ds-0099,,,Dataset
act-001209,2026-06-24T03:54:00Z,View,key-1209,user013@contoso.example,ws-041,ds-0119,,,Dataset
act-001210,2026-06-05T03:51:00Z,ViewReport,key-1210,user012@contoso.example,ws-002,ds-0006,,,Dataset
act-001211,2026-06-06T15:33:00Z,View,key-1211,user145@contoso.example,ws-038,ds-0109,,,Dataset
act-001212,2026-06-12T16:42:00Z,View,key-1212,user002@contoso.example,ws-041,ds-0119,,,Dataset
act-001213,2026-06-12T03:40:00Z,RefreshDataset,key-1213,user059@contoso.example,ws-011,ds-0033,,,Dataset
act-001214,2026-06-17T20:03:00Z,ViewReport,key-1214,user050@contoso.example,ws-055,ds-0167,,,Dataset
act-001215,2026-06-04T19:44:00Z,View,key-1215,user056@contoso.example,ws-001,ds-0001,,,Dataset
act-001216,2026-06-29T15:53:00Z,ViewDashboard,key-1216,user054@contoso.example,ws-034,ds-0099,,,Dataset
act-001217,2026-06-06T23:35:00Z,ViewReport,key-1217,user043@contoso.example,ws-041,ds-0120,,,Dataset
act-001218,2026-06-23T15:18:00Z,ViewReport,key-1218,user099@contoso.example,ws-058,ds-0173,,,Dataset
act-001219,2026-06-25T05:11:00Z,RefreshDataset,key-1219,user122@contoso.example,ws-035,ds-0102,,,Dataset
act-001220,2026-06-11T06:05:00Z,ViewReport,key-1220,user090@contoso.example,ws-008,ds-0020,,,Dataset
act-001221,2026-06-06T21:16:00Z,View,key-1221,user035@contoso.example,ws-019,ds-0053,,,Dataset
act-001222,2026-06-28T21:01:00Z,View,key-1222,user050@contoso.example,ws-039,ds-0114,,,Dataset
act-001223,2026-06-24T03:19:00Z,View,key-1223,user069@contoso.example,ws-055,ds-0167,,,Dataset
act-001224,2026-06-26T03:37:00Z,View,key-1224,user070@contoso.example,ws-060,ds-0181,,,Dataset
act-001225,2026-06-11T21:36:00Z,View,key-1225,user068@contoso.example,ws-055,ds-0167,,,Dataset
act-001226,2026-06-22T06:35:00Z,View,key-1226,user148@contoso.example,ws-026,ds-0072,,,Dataset
act-001227,2026-06-30T22:53:00Z,ViewReport,key-1227,user115@contoso.example,ws-013,ds-0037,,,Dataset
act-001228,2026-06-22T02:54:00Z,View,key-1228,user059@contoso.example,ws-031,ds-0091,,,Dataset
act-001229,2026-06-22T20:26:00Z,View,key-1229,user114@contoso.example,ws-046,ds-0136,,,Dataset
act-001230,2026-06-02T10:43:00Z,Export,key-1230,user040@contoso.example,ws-010,ds-0029,,,Dataset
act-001231,2026-06-12T02:41:00Z,ViewReport,key-1231,user050@contoso.example,ws-011,ds-0031,,,Dataset
act-001232,2026-06-03T20:34:00Z,View,key-1232,user005@contoso.example,ws-039,ds-0112,,,Dataset
act-001233,2026-06-16T11:37:00Z,View,key-1233,user096@contoso.example,ws-010,ds-0027,,,Dataset
act-001234,2026-06-14T13:58:00Z,ViewReport,key-1234,user104@contoso.example,ws-008,ds-0020,,,Dataset
act-001235,2026-06-24T14:43:00Z,ViewReport,key-1235,user024@contoso.example,ws-034,ds-0097,,,Dataset
act-001236,2026-06-24T10:03:00Z,View,key-1236,user070@contoso.example,ws-061,ds-0184,,,Dataset
act-001237,2026-06-01T02:00:00Z,View,key-1237,user096@contoso.example,ws-018,ds-0048,,,Dataset
act-001238,2026-06-11T14:24:00Z,View,key-1238,user095@contoso.example,ws-059,ds-0178,,,Dataset
act-001239,2026-06-14T20:54:00Z,View,key-1239,user118@contoso.example,ws-035,ds-0102,,,Dataset
act-001240,2026-06-29T06:46:00Z,View,key-1240,user123@contoso.example,ws-012,ds-0036,,,Dataset
act-001241,2026-06-16T09:05:00Z,View,key-1241,user111@contoso.example,ws-006,ds-0016,,,Dataset
act-001242,2026-06-17T10:39:00Z,ViewReport,key-1242,user039@contoso.example,ws-002,ds-0006,,,Dataset
act-001243,2026-06-08T07:03:00Z,ViewReport,key-1243,user110@contoso.example,ws-052,ds-0157,,,Dataset
act-001244,2026-06-25T22:11:00Z,View,key-1244,user125@contoso.example,ws-011,ds-0031,,,Dataset
act-001245,2026-06-21T00:55:00Z,ViewReport,key-1245,user097@contoso.example,ws-037,ds-0108,,,Dataset
act-001246,2026-06-27T10:14:00Z,View,key-1246,user004@contoso.example,ws-041,ds-0119,,,Dataset
act-001247,2026-06-11T06:49:00Z,View,key-1247,user001@contoso.example,ws-027,ds-0076,,,Dataset
act-001248,2026-06-16T22:33:00Z,ViewReport,key-1248,user107@contoso.example,ws-007,ds-0018,,,Dataset
act-001249,2026-06-05T18:12:00Z,RefreshDataset,key-1249,user097@contoso.example,ws-006,ds-0016,,,Dataset
act-001250,2026-06-04T11:55:00Z,View,key-1250,user013@contoso.example,ws-006,ds-0015,,,Dataset
act-001251,2026-06-14T12:07:00Z,ViewReport,key-1251,user057@contoso.example,ws-035,ds-0102,,,Dataset
act-001252,2026-06-14T14:03:00Z,View,key-1252,user069@contoso.example,ws-029,ds-0085,,,Dataset
act-001253,2026-06-04T03:29:00Z,ViewReport,key-1253,user121@contoso.example,ws-056,ds-0169,,,Dataset
act-001254,2026-06-15T19:27:00Z,View,key-1254,user148@contoso.example,ws-058,ds-0173,,,Dataset
act-001255,2026-06-10T13:28:00Z,View,key-1255,user100@contoso.example,ws-003,ds-0009,,,Dataset
act-001256,2026-06-22T01:35:00Z,View,key-1256,user108@contoso.example,ws-041,ds-0119,,,Dataset
act-001257,2026-06-27T02:55:00Z,View,key-1257,user131@contoso.example,ws-014,ds-0039,,,Dataset
act-001258,2026-06-08T00:32:00Z,ViewReport,key-1258,user139@contoso.example,ws-057,ds-0172,,,Dataset
act-001259,2026-06-17T09:45:00Z,View,key-1259,user145@contoso.example,ws-041,ds-0121,,,Dataset
act-001260,2026-06-18T16:58:00Z,View,key-1260,user056@contoso.example,ws-044,ds-0130,,,Dataset
act-001261,2026-06-15T11:39:00Z,ViewDashboard,key-1261,user101@contoso.example,ws-036,ds-0104,,,Dataset
act-001262,2026-06-18T21:27:00Z,View,key-1262,user065@contoso.example,ws-017,ds-0046,,,Dataset
act-001263,2026-06-30T16:11:00Z,View,key-1263,user010@contoso.example,ws-060,ds-0179,,,Dataset
act-001264,2026-06-19T22:28:00Z,Export,key-1264,user066@contoso.example,ws-006,ds-0017,,,Dataset
act-001265,2026-06-16T10:37:00Z,View,key-1265,user050@contoso.example,ws-031,ds-0091,,,Dataset
act-001266,2026-06-28T06:24:00Z,Export,key-1266,user023@contoso.example,ws-040,ds-0116,,,Dataset
act-001267,2026-06-03T10:24:00Z,ViewReport,key-1267,user134@contoso.example,ws-039,ds-0115,,,Dataset
act-001268,2026-06-03T08:01:00Z,View,key-1268,user137@contoso.example,ws-046,ds-0138,,,Dataset
act-001269,2026-06-06T09:48:00Z,View,key-1269,user031@contoso.example,ws-036,ds-0104,,,Dataset
act-001270,2026-06-21T07:28:00Z,View,key-1270,user084@contoso.example,ws-008,ds-0021,,,Dataset
act-001271,2026-06-02T18:17:00Z,ViewReport,key-1271,user056@contoso.example,ws-057,ds-0172,,,Dataset
act-001272,2026-06-22T03:23:00Z,View,key-1272,user061@contoso.example,ws-049,ds-0146,,,Dataset
act-001273,2026-06-16T17:05:00Z,View,key-1273,user017@contoso.example,ws-021,ds-0058,,,Dataset
act-001274,2026-06-12T03:32:00Z,View,key-1274,user062@contoso.example,ws-062,ds-0187,,,Dataset
act-001275,2026-06-13T18:51:00Z,View,key-1275,user113@contoso.example,ws-002,ds-0006,,,Dataset
act-001276,2026-06-20T01:19:00Z,ViewReport,key-1276,user073@contoso.example,ws-038,ds-0111,,,Dataset
act-001277,2026-06-20T08:03:00Z,ViewReport,key-1277,user140@contoso.example,ws-030,ds-0089,,,Dataset
act-001278,2026-06-03T10:06:00Z,ViewReport,key-1278,user066@contoso.example,ws-051,ds-0155,,,Dataset
act-001279,2026-06-30T04:31:00Z,View,key-1279,user024@contoso.example,ws-048,ds-0144,,,Dataset
act-001280,2026-06-28T22:40:00Z,ViewReport,key-1280,user042@contoso.example,ws-007,ds-0019,,,Dataset
act-001281,2026-06-14T17:38:00Z,View,key-1281,user129@contoso.example,ws-005,ds-0014,,,Dataset
act-001282,2026-06-28T13:43:00Z,ViewReport,key-1282,user134@contoso.example,ws-005,ds-0013,,,Dataset
act-001283,2026-06-03T09:19:00Z,View,key-1283,user110@contoso.example,ws-008,ds-0021,,,Dataset
act-001284,2026-06-28T23:24:00Z,View,key-1284,user120@contoso.example,ws-009,ds-0025,,,Dataset
act-001285,2026-06-22T04:53:00Z,View,key-1285,user001@contoso.example,ws-051,ds-0156,,,Dataset
act-001286,2026-06-14T15:03:00Z,ViewDashboard,key-1286,user088@contoso.example,ws-048,ds-0143,,,Dataset
act-001287,2026-06-24T16:47:00Z,View,key-1287,user072@contoso.example,ws-030,ds-0089,,,Dataset
act-001288,2026-06-22T00:16:00Z,ViewReport,key-1288,user125@contoso.example,ws-053,ds-0160,,,Dataset
act-001289,2026-06-23T21:37:00Z,View,key-1289,user124@contoso.example,ws-060,ds-0180,,,Dataset
act-001290,2026-06-06T09:00:00Z,View,key-1290,user051@contoso.example,ws-003,ds-0009,,,Dataset
act-001291,2026-06-03T11:04:00Z,Export,key-1291,user024@contoso.example,ws-045,ds-0134,,,Dataset
act-001292,2026-06-15T11:37:00Z,ViewReport,key-1292,user046@contoso.example,ws-048,ds-0143,,,Dataset
act-001293,2026-06-25T04:43:00Z,ViewReport,key-1293,user120@contoso.example,ws-028,ds-0080,,,Dataset
act-001294,2026-06-14T08:41:00Z,ViewReport,key-1294,user089@contoso.example,ws-009,ds-0026,,,Dataset
act-001295,2026-06-28T16:59:00Z,View,key-1295,user093@contoso.example,ws-019,ds-0055,,,Dataset
act-001296,2026-06-03T19:36:00Z,View,key-1296,user035@contoso.example,ws-004,ds-0010,,,Dataset
act-001297,2026-06-28T12:14:00Z,View,key-1297,user035@contoso.example,ws-019,ds-0055,,,Dataset
act-001298,2026-06-05T14:58:00Z,ViewReport,key-1298,user122@contoso.example,ws-042,ds-0125,,,Dataset
act-001299,2026-06-02T17:20:00Z,View,key-1299,user043@contoso.example,ws-049,ds-0148,,,Dataset
act-001300,2026-06-14T16:11:00Z,ViewReport,key-1300,user093@contoso.example,ws-021,ds-0061,,,Dataset
act-001301,2026-06-24T11:16:00Z,ViewReport,key-1301,user066@contoso.example,ws-018,ds-0051,,,Dataset
act-001302,2026-06-18T05:05:00Z,View,key-1302,user002@contoso.example,ws-022,ds-0062,,,Dataset
act-001303,2026-06-04T03:20:00Z,Export,key-1303,user123@contoso.example,ws-055,ds-0166,,,Dataset
act-001304,2026-06-13T19:17:00Z,ViewReport,key-1304,user095@contoso.example,ws-009,ds-0026,,,Dataset
act-001305,2026-06-28T03:13:00Z,View,key-1305,user093@contoso.example,ws-053,ds-0160,,,Dataset
act-001306,2026-06-12T07:10:00Z,View,key-1306,user004@contoso.example,ws-019,ds-0053,,,Dataset
act-001307,2026-06-17T06:39:00Z,View,key-1307,user119@contoso.example,ws-043,ds-0127,,,Dataset
act-001308,2026-06-11T05:52:00Z,View,key-1308,user057@contoso.example,ws-028,ds-0082,,,Dataset
act-001309,2026-06-05T08:15:00Z,ViewReport,key-1309,user025@contoso.example,ws-023,ds-0065,,,Dataset
act-001310,2026-06-24T06:36:00Z,ViewReport,key-1310,user124@contoso.example,ws-031,ds-0090,,,Dataset
act-001311,2026-06-26T18:56:00Z,View,key-1311,user112@contoso.example,ws-038,ds-0111,,,Dataset
act-001312,2026-06-06T17:00:00Z,View,key-1312,user058@contoso.example,ws-043,ds-0126,,,Dataset
act-001313,2026-06-12T00:00:00Z,ViewReport,key-1313,user084@contoso.example,ws-037,ds-0108,,,Dataset
act-001314,2026-06-25T10:46:00Z,View,key-1314,user079@contoso.example,ws-045,ds-0134,,,Dataset
act-001315,2026-06-26T16:10:00Z,Export,key-1315,user011@contoso.example,ws-052,ds-0157,,,Dataset
act-001316,2026-06-16T21:34:00Z,View,key-1316,user048@contoso.example,ws-015,ds-0041,,,Dataset
act-001317,2026-06-12T23:22:00Z,View,key-1317,user047@contoso.example,ws-045,ds-0134,,,Dataset
act-001318,2026-06-19T06:55:00Z,ViewReport,key-1318,user006@contoso.example,ws-062,ds-0188,,,Dataset
act-001319,2026-06-25T13:56:00Z,ViewReport,key-1319,user093@contoso.example,ws-015,ds-0041,,,Dataset
act-001320,2026-06-28T16:29:00Z,View,key-1320,user005@contoso.example,ws-062,ds-0186,,,Dataset
act-001321,2026-06-17T01:23:00Z,View,key-1321,user035@contoso.example,ws-031,ds-0091,,,Dataset
act-001322,2026-06-14T04:48:00Z,RefreshDataset,key-1322,user022@contoso.example,ws-019,ds-0052,,,Dataset
act-001323,2026-06-14T14:23:00Z,View,key-1323,user095@contoso.example,ws-002,ds-0006,,,Dataset
act-001324,2026-06-07T04:40:00Z,ViewReport,key-1324,user056@contoso.example,ws-040,ds-0116,,,Dataset
act-001325,2026-06-27T09:49:00Z,ViewReport,key-1325,user074@contoso.example,ws-009,ds-0025,,,Dataset
act-001326,2026-06-30T14:30:00Z,ViewReport,key-1326,user140@contoso.example,ws-030,ds-0087,,,Dataset
act-001327,2026-06-17T22:43:00Z,View,key-1327,user125@contoso.example,ws-037,ds-0108,,,Dataset
act-001328,2026-06-03T07:28:00Z,View,key-1328,user121@contoso.example,ws-050,ds-0152,,,Dataset
act-001329,2026-06-01T16:01:00Z,ViewDashboard,key-1329,user086@contoso.example,ws-059,ds-0177,,,Dataset
act-001330,2026-06-08T16:11:00Z,RefreshDataset,key-1330,user141@contoso.example,ws-046,ds-0139,,,Dataset
act-001331,2026-06-24T02:51:00Z,ViewReport,key-1331,user058@contoso.example,ws-017,ds-0046,,,Dataset
act-001332,2026-06-22T19:24:00Z,View,key-1332,user094@contoso.example,ws-029,ds-0085,,,Dataset
act-001333,2026-06-28T06:48:00Z,View,key-1333,user100@contoso.example,ws-055,ds-0166,,,Dataset
act-001334,2026-06-09T09:21:00Z,View,key-1334,user084@contoso.example,ws-011,ds-0030,,,Dataset
act-001335,2026-06-30T12:09:00Z,View,key-1335,user139@contoso.example,ws-016,ds-0044,,,Dataset
act-001336,2026-06-29T21:13:00Z,ViewReport,key-1336,user066@contoso.example,ws-026,ds-0072,,,Dataset
act-001337,2026-06-22T08:51:00Z,View,key-1337,user099@contoso.example,ws-012,ds-0034,,,Dataset
act-001338,2026-06-04T06:33:00Z,View,key-1338,user144@contoso.example,ws-006,ds-0015,,,Dataset
act-001339,2026-06-22T12:02:00Z,View,key-1339,user052@contoso.example,ws-062,ds-0187,,,Dataset
act-001340,2026-06-20T19:16:00Z,View,key-1340,user099@contoso.example,ws-030,ds-0088,,,Dataset
act-001341,2026-06-22T16:12:00Z,ViewReport,key-1341,user037@contoso.example,ws-045,ds-0133,,,Dataset
act-001342,2026-06-03T12:09:00Z,View,key-1342,user097@contoso.example,ws-050,ds-0150,,,Dataset
act-001343,2026-06-01T09:44:00Z,View,key-1343,user096@contoso.example,ws-018,ds-0048,,,Dataset
act-001344,2026-06-23T15:50:00Z,ViewReport,key-1344,user063@contoso.example,ws-010,ds-0028,,,Dataset
act-001345,2026-06-14T20:12:00Z,View,key-1345,user097@contoso.example,ws-054,ds-0163,,,Dataset
act-001346,2026-06-20T10:41:00Z,ViewReport,key-1346,user046@contoso.example,ws-055,ds-0167,,,Dataset
act-001347,2026-06-11T20:02:00Z,View,key-1347,user077@contoso.example,ws-058,ds-0176,,,Dataset
act-001348,2026-06-03T04:13:00Z,View,key-1348,user136@contoso.example,ws-028,ds-0082,,,Dataset
act-001349,2026-06-18T19:37:00Z,ViewReport,key-1349,user001@contoso.example,ws-058,ds-0173,,,Dataset
act-001350,2026-06-22T17:56:00Z,ViewReport,key-1350,user133@contoso.example,ws-045,ds-0132,,,Dataset
act-001351,2026-06-30T12:48:00Z,View,key-1351,user024@contoso.example,ws-003,ds-0008,,,Dataset
act-001352,2026-06-29T00:29:00Z,View,key-1352,user045@contoso.example,ws-009,ds-0026,,,Dataset
act-001353,2026-06-30T06:45:00Z,View,key-1353,user106@contoso.example,ws-036,ds-0103,,,Dataset
act-001354,2026-06-17T00:32:00Z,View,key-1354,user143@contoso.example,ws-055,ds-0167,,,Dataset
act-001355,2026-06-22T16:18:00Z,ViewReport,key-1355,user070@contoso.example,ws-024,ds-0067,,,Dataset
act-001356,2026-06-07T15:08:00Z,ViewReport,key-1356,user045@contoso.example,ws-010,ds-0029,,,Dataset
act-001357,2026-06-14T22:45:00Z,ViewDashboard,key-1357,user107@contoso.example,ws-043,ds-0127,,,Dataset
act-001358,2026-06-07T17:50:00Z,ViewReport,key-1358,user019@contoso.example,ws-021,ds-0058,,,Dataset
act-001359,2026-06-23T18:04:00Z,RefreshDataset,key-1359,user015@contoso.example,ws-058,ds-0176,,,Dataset
act-001360,2026-06-26T09:14:00Z,Export,key-1360,user062@contoso.example,ws-045,ds-0132,,,Dataset
act-001361,2026-06-02T18:30:00Z,ViewDashboard,key-1361,user085@contoso.example,ws-049,ds-0146,,,Dataset
act-001362,2026-06-25T12:32:00Z,ViewReport,key-1362,user046@contoso.example,ws-061,ds-0184,,,Dataset
act-001363,2026-06-04T17:07:00Z,ViewReport,key-1363,user009@contoso.example,ws-048,ds-0143,,,Dataset
act-001364,2026-06-03T16:54:00Z,View,key-1364,user043@contoso.example,ws-041,ds-0121,,,Dataset
act-001365,2026-06-20T02:45:00Z,Export,key-1365,user027@contoso.example,ws-059,ds-0178,,,Dataset
act-001366,2026-06-04T05:24:00Z,ViewReport,key-1366,user113@contoso.example,ws-032,ds-0092,,,Dataset
act-001367,2026-06-10T12:00:00Z,View,key-1367,user055@contoso.example,ws-020,ds-0056,,,Dataset
act-001368,2026-06-04T04:04:00Z,View,key-1368,user115@contoso.example,ws-043,ds-0126,,,Dataset
act-001369,2026-06-26T00:19:00Z,ViewReport,key-1369,user036@contoso.example,ws-017,ds-0046,,,Dataset
act-001370,2026-06-16T10:33:00Z,View,key-1370,user021@contoso.example,ws-047,ds-0140,,,Dataset
act-001371,2026-06-18T10:39:00Z,View,key-1371,user056@contoso.example,ws-016,ds-0043,,,Dataset
act-001372,2026-06-01T08:07:00Z,View,key-1372,user117@contoso.example,ws-034,ds-0098,,,Dataset
act-001373,2026-06-06T12:05:00Z,Export,key-1373,user027@contoso.example,ws-048,ds-0142,,,Dataset
act-001374,2026-06-01T18:22:00Z,View,key-1374,user011@contoso.example,ws-021,ds-0058,,,Dataset
act-001375,2026-06-01T02:29:00Z,ViewReport,key-1375,user047@contoso.example,ws-051,ds-0155,,,Dataset
act-001376,2026-06-25T10:04:00Z,View,key-1376,user044@contoso.example,ws-021,ds-0058,,,Dataset
act-001377,2026-06-05T06:34:00Z,View,key-1377,user056@contoso.example,ws-055,ds-0167,,,Dataset
act-001378,2026-06-22T14:02:00Z,View,key-1378,user145@contoso.example,ws-017,ds-0046,,,Dataset
act-001379,2026-06-21T17:56:00Z,ViewReport,key-1379,user080@contoso.example,ws-009,ds-0024,,,Dataset
act-001380,2026-06-01T02:55:00Z,View,key-1380,user100@contoso.example,ws-025,ds-0071,,,Dataset
act-001381,2026-06-03T22:15:00Z,View,key-1381,user120@contoso.example,ws-036,ds-0104,,,Dataset
act-001382,2026-06-16T04:57:00Z,View,key-1382,user073@contoso.example,ws-043,ds-0126,,,Dataset
act-001383,2026-06-12T01:44:00Z,View,key-1383,user142@contoso.example,ws-061,ds-0183,,,Dataset
act-001384,2026-06-01T13:47:00Z,ViewReport,key-1384,user090@contoso.example,ws-019,ds-0053,,,Dataset
act-001385,2026-06-08T07:13:00Z,View,key-1385,user103@contoso.example,ws-032,ds-0093,,,Dataset
act-001386,2026-06-23T05:26:00Z,View,key-1386,user018@contoso.example,ws-012,ds-0034,,,Dataset
act-001387,2026-06-02T09:53:00Z,View,key-1387,user031@contoso.example,ws-049,ds-0148,,,Dataset
act-001388,2026-06-16T07:02:00Z,ViewReport,key-1388,user087@contoso.example,ws-032,ds-0093,,,Dataset
act-001389,2026-06-04T06:14:00Z,View,key-1389,user102@contoso.example,ws-056,ds-0169,,,Dataset
act-001390,2026-06-15T06:03:00Z,ViewReport,key-1390,user039@contoso.example,ws-050,ds-0151,,,Dataset
act-001391,2026-06-10T00:30:00Z,View,key-1391,user052@contoso.example,ws-028,ds-0080,,,Dataset
act-001392,2026-06-11T18:40:00Z,View,key-1392,user087@contoso.example,ws-058,ds-0175,,,Dataset
act-001393,2026-06-08T07:36:00Z,View,key-1393,user099@contoso.example,ws-005,ds-0013,,,Dataset
act-001394,2026-06-08T21:33:00Z,View,key-1394,user052@contoso.example,ws-032,ds-0093,,,Dataset
act-001395,2026-06-08T19:06:00Z,View,key-1395,user130@contoso.example,ws-050,ds-0151,,,Dataset
act-001396,2026-06-01T22:00:00Z,ViewReport,key-1396,user077@contoso.example,ws-003,ds-0008,,,Dataset
act-001397,2026-06-04T12:09:00Z,View,key-1397,user093@contoso.example,ws-058,ds-0175,,,Dataset
act-001398,2026-06-02T02:45:00Z,View,key-1398,user062@contoso.example,ws-028,ds-0080,,,Dataset
act-001399,2026-06-21T03:17:00Z,View,key-1399,user005@contoso.example,ws-035,ds-0101,,,Dataset
act-001400,2026-06-08T18:16:00Z,RefreshDataset,key-1400,user095@contoso.example,ws-054,ds-0163,,,Dataset
act-001401,2026-06-28T11:32:00Z,ViewReport,key-1401,user075@contoso.example,ws-061,ds-0184,,,Dataset
act-001402,2026-06-13T23:18:00Z,View,key-1402,user026@contoso.example,ws-055,ds-0165,,,Dataset
act-001403,2026-06-17T03:48:00Z,RefreshDataset,key-1403,user006@contoso.example,ws-055,ds-0166,,,Dataset
act-001404,2026-06-05T06:10:00Z,View,key-1404,user090@contoso.example,ws-001,ds-0001,,,Dataset
act-001405,2026-06-04T19:33:00Z,RefreshDataset,key-1405,user002@contoso.example,ws-047,ds-0141,,,Dataset
act-001406,2026-06-13T23:01:00Z,View,key-1406,user125@contoso.example,ws-051,ds-0153,,,Dataset
act-001407,2026-06-25T11:02:00Z,ViewDashboard,key-1407,user031@contoso.example,ws-040,ds-0117,,,Dataset
act-001408,2026-06-30T23:37:00Z,View,key-1408,user119@contoso.example,ws-015,ds-0042,,,Dataset
act-001409,2026-06-16T20:22:00Z,View,key-1409,user025@contoso.example,ws-002,ds-0006,,,Dataset
act-001410,2026-06-29T12:41:00Z,ViewReport,key-1410,user132@contoso.example,ws-015,ds-0041,,,Dataset
act-001411,2026-06-21T09:12:00Z,ViewReport,key-1411,user111@contoso.example,ws-062,ds-0188,,,Dataset
act-001412,2026-06-12T13:34:00Z,View,key-1412,user128@contoso.example,ws-054,ds-0163,,,Dataset
act-001413,2026-06-26T05:00:00Z,Export,key-1413,user066@contoso.example,ws-013,ds-0037,,,Dataset
act-001414,2026-06-28T17:31:00Z,Export,key-1414,user059@contoso.example,ws-008,ds-0021,,,Dataset
act-001415,2026-06-13T21:21:00Z,View,key-1415,user097@contoso.example,ws-021,ds-0059,,,Dataset
act-001416,2026-06-25T09:05:00Z,View,key-1416,user037@contoso.example,ws-023,ds-0065,,,Dataset
act-001417,2026-06-24T22:55:00Z,View,key-1417,user150@contoso.example,ws-041,ds-0121,,,Dataset
act-001418,2026-06-30T14:18:00Z,View,key-1418,user076@contoso.example,ws-030,ds-0087,,,Dataset
act-001419,2026-06-12T18:23:00Z,View,key-1419,user144@contoso.example,ws-031,ds-0091,,,Dataset
act-001420,2026-06-02T01:09:00Z,ViewReport,key-1420,user005@contoso.example,ws-053,ds-0161,,,Dataset
act-001421,2026-06-14T23:37:00Z,View,key-1421,user051@contoso.example,ws-031,ds-0090,,,Dataset
act-001422,2026-06-11T13:58:00Z,View,key-1422,user115@contoso.example,ws-023,ds-0066,,,Dataset
act-001423,2026-06-23T04:37:00Z,View,key-1423,user024@contoso.example,ws-023,ds-0066,,,Dataset
act-001424,2026-06-02T19:01:00Z,View,key-1424,user041@contoso.example,ws-049,ds-0145,,,Dataset
act-001425,2026-06-09T10:03:00Z,View,key-1425,user068@contoso.example,ws-055,ds-0166,,,Dataset
act-001426,2026-06-23T13:42:00Z,View,key-1426,user039@contoso.example,ws-027,ds-0077,,,Dataset
act-001427,2026-06-27T06:26:00Z,View,key-1427,user029@contoso.example,ws-001,ds-0002,,,Dataset
act-001428,2026-06-16T01:50:00Z,View,key-1428,user045@contoso.example,ws-038,ds-0110,,,Dataset
act-001429,2026-06-12T05:21:00Z,RefreshDataset,key-1429,user052@contoso.example,ws-029,ds-0083,,,Dataset
act-001430,2026-06-22T21:05:00Z,View,key-1430,user024@contoso.example,ws-018,ds-0049,,,Dataset
act-001431,2026-06-15T13:11:00Z,View,key-1431,user148@contoso.example,ws-018,ds-0048,,,Dataset
act-001432,2026-06-12T09:59:00Z,View,key-1432,user069@contoso.example,ws-007,ds-0018,,,Dataset
act-001433,2026-06-22T01:06:00Z,View,key-1433,user115@contoso.example,ws-034,ds-0100,,,Dataset
act-001434,2026-06-20T01:22:00Z,View,key-1434,user043@contoso.example,ws-047,ds-0141,,,Dataset
act-001435,2026-06-18T03:28:00Z,ViewReport,key-1435,user055@contoso.example,ws-018,ds-0049,,,Dataset
act-001436,2026-06-25T19:47:00Z,ViewReport,key-1436,user027@contoso.example,ws-036,ds-0104,,,Dataset
act-001437,2026-06-01T17:10:00Z,View,key-1437,user091@contoso.example,ws-050,ds-0150,,,Dataset
act-001438,2026-06-14T03:08:00Z,ViewReport,key-1438,user098@contoso.example,ws-006,ds-0016,,,Dataset
act-001439,2026-06-10T12:17:00Z,View,key-1439,user123@contoso.example,ws-061,ds-0185,,,Dataset
act-001440,2026-06-13T08:29:00Z,ViewReport,key-1440,user098@contoso.example,ws-048,ds-0143,,,Dataset
act-001441,2026-06-06T10:57:00Z,View,key-1441,user091@contoso.example,ws-005,ds-0013,,,Dataset
act-001442,2026-06-02T23:43:00Z,ViewReport,key-1442,user079@contoso.example,ws-008,ds-0020,,,Dataset
act-001443,2026-06-08T18:37:00Z,View,key-1443,user120@contoso.example,ws-049,ds-0145,,,Dataset
act-001444,2026-06-29T00:56:00Z,View,key-1444,user044@contoso.example,ws-050,ds-0149,,,Dataset
act-001445,2026-06-17T13:07:00Z,View,key-1445,user089@contoso.example,ws-001,ds-0003,,,Dataset
act-001446,2026-06-21T10:48:00Z,View,key-1446,user136@contoso.example,ws-010,ds-0028,,,Dataset
act-001447,2026-06-22T04:20:00Z,View,key-1447,user003@contoso.example,ws-058,ds-0175,,,Dataset
act-001448,2026-06-08T05:59:00Z,Export,key-1448,user139@contoso.example,ws-058,ds-0173,,,Dataset
act-001449,2026-06-25T13:21:00Z,View,key-1449,user032@contoso.example,ws-049,ds-0145,,,Dataset
act-001450,2026-06-28T18:50:00Z,View,key-1450,user090@contoso.example,ws-046,ds-0136,,,Dataset
act-001451,2026-06-06T16:54:00Z,ViewReport,key-1451,user011@contoso.example,ws-019,ds-0053,,,Dataset
act-001452,2026-06-28T10:12:00Z,ViewDashboard,key-1452,user126@contoso.example,ws-001,ds-0004,,,Dataset
act-001453,2026-06-08T00:46:00Z,View,key-1453,user014@contoso.example,ws-057,ds-0172,,,Dataset
act-001454,2026-06-08T17:57:00Z,View,key-1454,user027@contoso.example,ws-045,ds-0135,,,Dataset
act-001455,2026-06-24T13:40:00Z,View,key-1455,user103@contoso.example,ws-041,ds-0122,,,Dataset
act-001456,2026-06-19T04:44:00Z,Export,key-1456,user149@contoso.example,ws-059,ds-0177,,,Dataset
act-001457,2026-06-28T20:07:00Z,View,key-1457,user004@contoso.example,ws-062,ds-0189,,,Dataset
act-001458,2026-06-28T15:56:00Z,View,key-1458,user009@contoso.example,ws-009,ds-0026,,,Dataset
act-001459,2026-06-20T11:31:00Z,ViewDashboard,key-1459,user079@contoso.example,ws-027,ds-0076,,,Dataset
act-001460,2026-06-12T22:17:00Z,ViewReport,key-1460,user030@contoso.example,ws-003,ds-0007,,,Dataset
act-001461,2026-06-29T09:15:00Z,View,key-1461,user112@contoso.example,ws-044,ds-0131,,,Dataset
act-001462,2026-06-16T06:35:00Z,View,key-1462,user030@contoso.example,ws-055,ds-0165,,,Dataset
act-001463,2026-06-25T22:59:00Z,View,key-1463,user096@contoso.example,ws-054,ds-0163,,,Dataset
act-001464,2026-06-14T15:27:00Z,View,key-1464,user119@contoso.example,ws-051,ds-0156,,,Dataset
act-001465,2026-06-20T05:36:00Z,View,key-1465,user105@contoso.example,ws-034,ds-0097,,,Dataset
act-001466,2026-06-08T05:45:00Z,View,key-1466,user068@contoso.example,ws-041,ds-0122,,,Dataset
act-001467,2026-06-08T15:48:00Z,View,key-1467,user021@contoso.example,ws-004,ds-0011,,,Dataset
act-001468,2026-06-19T21:02:00Z,View,key-1468,user083@contoso.example,ws-029,ds-0084,,,Dataset
act-001469,2026-06-22T03:59:00Z,View,key-1469,user060@contoso.example,ws-024,ds-0068,,,Dataset
act-001470,2026-06-10T06:01:00Z,View,key-1470,user060@contoso.example,ws-039,ds-0115,,,Dataset
act-001471,2026-06-05T18:49:00Z,View,key-1471,user141@contoso.example,ws-044,ds-0130,,,Dataset
act-001472,2026-06-03T20:40:00Z,View,key-1472,user091@contoso.example,ws-038,ds-0111,,,Dataset
act-001473,2026-06-26T23:40:00Z,View,key-1473,user121@contoso.example,ws-009,ds-0023,,,Dataset
act-001474,2026-06-26T00:10:00Z,View,key-1474,user061@contoso.example,ws-058,ds-0175,,,Dataset
act-001475,2026-06-14T23:15:00Z,View,key-1475,user056@contoso.example,ws-039,ds-0114,,,Dataset
act-001476,2026-06-15T07:34:00Z,View,key-1476,user020@contoso.example,ws-004,ds-0012,,,Dataset
act-001477,2026-06-17T08:12:00Z,View,key-1477,user089@contoso.example,ws-026,ds-0074,,,Dataset
act-001478,2026-06-28T21:30:00Z,View,key-1478,user112@contoso.example,ws-061,ds-0184,,,Dataset
act-001479,2026-06-24T17:09:00Z,View,key-1479,user028@contoso.example,ws-037,ds-0106,,,Dataset
act-001480,2026-06-24T09:29:00Z,RefreshDataset,key-1480,user044@contoso.example,ws-034,ds-0098,,,Dataset
act-001481,2026-06-01T14:13:00Z,View,key-1481,user124@contoso.example,ws-023,ds-0066,,,Dataset
act-001482,2026-06-29T07:46:00Z,View,key-1482,user072@contoso.example,ws-030,ds-0089,,,Dataset
act-001483,2026-06-27T10:59:00Z,ViewReport,key-1483,user107@contoso.example,ws-031,ds-0090,,,Dataset
act-001484,2026-06-28T09:28:00Z,View,key-1484,user026@contoso.example,ws-018,ds-0050,,,Dataset
act-001485,2026-06-25T12:32:00Z,View,key-1485,user046@contoso.example,ws-046,ds-0137,,,Dataset
act-001486,2026-06-13T12:14:00Z,ViewReport,key-1486,user005@contoso.example,ws-041,ds-0122,,,Dataset
act-001487,2026-06-01T17:55:00Z,View,key-1487,user069@contoso.example,ws-055,ds-0166,,,Dataset
act-001488,2026-06-08T17:12:00Z,View,key-1488,user141@contoso.example,ws-004,ds-0012,,,Dataset
act-001489,2026-06-22T11:30:00Z,ViewReport,key-1489,user027@contoso.example,ws-044,ds-0130,,,Dataset
act-001490,2026-06-13T11:57:00Z,View,key-1490,user136@contoso.example,ws-038,ds-0111,,,Dataset
act-001491,2026-06-02T21:50:00Z,Export,key-1491,user131@contoso.example,ws-024,ds-0068,,,Dataset
act-001492,2026-06-22T19:02:00Z,View,key-1492,user073@contoso.example,ws-057,ds-0172,,,Dataset
act-001493,2026-06-13T22:11:00Z,View,key-1493,user044@contoso.example,ws-048,ds-0143,,,Dataset
act-001494,2026-06-14T02:29:00Z,View,key-1494,user097@contoso.example,ws-019,ds-0053,,,Dataset
act-001495,2026-06-02T17:29:00Z,ViewReport,key-1495,user112@contoso.example,ws-020,ds-0056,,,Dataset
act-001496,2026-06-27T06:05:00Z,View,key-1496,user024@contoso.example,ws-024,ds-0068,,,Dataset
act-001497,2026-06-17T02:12:00Z,RefreshDataset,key-1497,user039@contoso.example,ws-040,ds-0116,,,Dataset
act-001498,2026-06-19T23:12:00Z,ViewReport,key-1498,user002@contoso.example,ws-045,ds-0134,,,Dataset
act-001499,2026-06-10T10:00:00Z,View,key-1499,user135@contoso.example,ws-055,ds-0167,,,Dataset
act-001500,2026-06-26T23:14:00Z,View,key-1500,user021@contoso.example,ws-025,ds-0071,,,Dataset
act-001501,2026-06-13T09:31:00Z,View,key-1501,user048@contoso.example,ws-037,ds-0106,,,Dataset
act-001502,2026-06-24T15:12:00Z,ViewReport,key-1502,user105@contoso.example,ws-048,ds-0144,,,Dataset
act-001503,2026-06-18T03:13:00Z,RefreshDataset,key-1503,user122@contoso.example,ws-021,ds-0060,,,Dataset
act-001504,2026-06-21T04:56:00Z,View,key-1504,user125@contoso.example,ws-060,ds-0179,,,Dataset
act-001505,2026-06-26T22:49:00Z,View,key-1505,user020@contoso.example,ws-048,ds-0143,,,Dataset
act-001506,2026-06-12T11:57:00Z,ViewReport,key-1506,user048@contoso.example,ws-019,ds-0054,,,Dataset
act-001507,2026-06-12T22:32:00Z,View,key-1507,user045@contoso.example,ws-046,ds-0137,,,Dataset
act-001508,2026-06-03T06:25:00Z,View,key-1508,user014@contoso.example,ws-042,ds-0125,,,Dataset
act-001509,2026-06-21T07:15:00Z,View,key-1509,user122@contoso.example,ws-044,ds-0129,,,Dataset
act-001510,2026-06-25T16:29:00Z,View,key-1510,user131@contoso.example,ws-036,ds-0104,,,Dataset
act-001511,2026-06-16T09:38:00Z,View,key-1511,user106@contoso.example,ws-001,ds-0004,,,Dataset
act-001512,2026-06-30T22:43:00Z,View,key-1512,user019@contoso.example,ws-023,ds-0065,,,Dataset
act-001513,2026-06-01T10:44:00Z,View,key-1513,user023@contoso.example,ws-003,ds-0008,,,Dataset
act-001514,2026-06-14T15:34:00Z,View,key-1514,user131@contoso.example,ws-008,ds-0020,,,Dataset
act-001515,2026-06-22T07:28:00Z,ViewReport,key-1515,user139@contoso.example,ws-052,ds-0157,,,Dataset
act-001516,2026-06-11T20:36:00Z,RefreshDataset,key-1516,user015@contoso.example,ws-021,ds-0058,,,Dataset
act-001517,2026-06-25T17:57:00Z,ViewDashboard,key-1517,user048@contoso.example,ws-014,ds-0040,,,Dataset
act-001518,2026-06-26T14:41:00Z,View,key-1518,user109@contoso.example,ws-045,ds-0133,,,Dataset
act-001519,2026-06-19T11:15:00Z,View,key-1519,user108@contoso.example,ws-050,ds-0152,,,Dataset
act-001520,2026-06-19T16:46:00Z,View,key-1520,user045@contoso.example,ws-014,ds-0039,,,Dataset
act-001521,2026-06-02T14:10:00Z,View,key-1521,user131@contoso.example,ws-054,ds-0162,,,Dataset
act-001522,2026-06-14T03:55:00Z,View,key-1522,user111@contoso.example,ws-058,ds-0174,,,Dataset
act-001523,2026-06-26T21:53:00Z,View,key-1523,user014@contoso.example,ws-015,ds-0041,,,Dataset
act-001524,2026-06-27T22:24:00Z,View,key-1524,user017@contoso.example,ws-044,ds-0128,,,Dataset
act-001525,2026-06-22T18:17:00Z,View,key-1525,user022@contoso.example,ws-034,ds-0099,,,Dataset
act-001526,2026-06-09T22:04:00Z,View,key-1526,user001@contoso.example,ws-014,ds-0039,,,Dataset
act-001527,2026-06-09T09:28:00Z,ViewDashboard,key-1527,user041@contoso.example,ws-010,ds-0027,,,Dataset
act-001528,2026-06-02T17:12:00Z,View,key-1528,user141@contoso.example,ws-037,ds-0108,,,Dataset
act-001529,2026-06-15T09:32:00Z,View,key-1529,user055@contoso.example,ws-029,ds-0085,,,Dataset
act-001530,2026-06-27T14:34:00Z,ViewDashboard,key-1530,user109@contoso.example,ws-055,ds-0166,,,Dataset
act-001531,2026-06-23T02:30:00Z,ViewReport,key-1531,user034@contoso.example,ws-020,ds-0057,,,Dataset
act-001532,2026-06-26T14:29:00Z,View,key-1532,user107@contoso.example,ws-036,ds-0105,,,Dataset
act-001533,2026-06-25T06:39:00Z,ViewReport,key-1533,user017@contoso.example,ws-055,ds-0167,,,Dataset
act-001534,2026-06-23T07:26:00Z,View,key-1534,user150@contoso.example,ws-048,ds-0143,,,Dataset
act-001535,2026-06-02T13:23:00Z,View,key-1535,user106@contoso.example,ws-041,ds-0122,,,Dataset
act-001536,2026-06-19T17:16:00Z,View,key-1536,user107@contoso.example,ws-055,ds-0165,,,Dataset
act-001537,2026-06-13T22:15:00Z,View,key-1537,user096@contoso.example,ws-058,ds-0173,,,Dataset
act-001538,2026-06-14T02:57:00Z,View,key-1538,user057@contoso.example,ws-044,ds-0130,,,Dataset
act-001539,2026-06-11T15:28:00Z,ViewReport,key-1539,user135@contoso.example,ws-042,ds-0124,,,Dataset
act-001540,2026-06-12T18:08:00Z,ViewReport,key-1540,user087@contoso.example,ws-059,ds-0177,,,Dataset
act-001541,2026-06-17T07:26:00Z,View,key-1541,user132@contoso.example,ws-007,ds-0019,,,Dataset
act-001542,2026-06-30T22:12:00Z,View,key-1542,user139@contoso.example,ws-039,ds-0113,,,Dataset
act-001543,2026-06-29T18:57:00Z,View,key-1543,user097@contoso.example,ws-016,ds-0043,,,Dataset
act-001544,2026-06-02T09:08:00Z,View,key-1544,user002@contoso.example,ws-024,ds-0069,,,Dataset
act-001545,2026-06-06T11:53:00Z,View,key-1545,user016@contoso.example,ws-034,ds-0100,,,Dataset
act-001546,2026-06-05T03:30:00Z,View,key-1546,user086@contoso.example,ws-045,ds-0133,,,Dataset
act-001547,2026-06-26T18:35:00Z,RefreshDataset,key-1547,user102@contoso.example,ws-047,ds-0140,,,Dataset
act-001548,2026-06-25T03:46:00Z,ViewDashboard,key-1548,user113@contoso.example,ws-001,ds-0001,,,Dataset
act-001549,2026-06-24T13:13:00Z,View,key-1549,user001@contoso.example,ws-015,ds-0042,,,Dataset
act-001550,2026-06-08T16:52:00Z,ViewDashboard,key-1550,user078@contoso.example,ws-062,ds-0186,,,Dataset
act-001551,2026-06-07T15:16:00Z,ViewReport,key-1551,user112@contoso.example,ws-009,ds-0024,,,Dataset
act-001552,2026-06-20T17:00:00Z,ViewReport,key-1552,user082@contoso.example,ws-045,ds-0132,,,Dataset
act-001553,2026-06-11T03:00:00Z,View,key-1553,user027@contoso.example,ws-045,ds-0135,,,Dataset
act-001554,2026-06-20T18:29:00Z,Export,key-1554,user129@contoso.example,ws-001,ds-0001,,,Dataset
act-001555,2026-06-07T19:50:00Z,ViewReport,key-1555,user061@contoso.example,ws-019,ds-0053,,,Dataset
act-001556,2026-06-05T19:19:00Z,View,key-1556,user121@contoso.example,ws-003,ds-0009,,,Dataset
act-001557,2026-06-26T11:37:00Z,View,key-1557,user011@contoso.example,ws-027,ds-0075,,,Dataset
act-001558,2026-06-03T12:23:00Z,View,key-1558,user082@contoso.example,ws-039,ds-0115,,,Dataset
act-001559,2026-06-16T09:33:00Z,View,key-1559,user039@contoso.example,ws-034,ds-0097,,,Dataset
act-001560,2026-06-18T02:00:00Z,RefreshDataset,key-1560,user127@contoso.example,ws-058,ds-0176,,,Dataset
act-001561,2026-06-22T23:48:00Z,ViewReport,key-1561,user101@contoso.example,ws-001,ds-0001,,,Dataset
act-001562,2026-06-02T10:20:00Z,View,key-1562,user073@contoso.example,ws-042,ds-0123,,,Dataset
act-001563,2026-06-04T01:36:00Z,View,key-1563,user008@contoso.example,ws-036,ds-0104,,,Dataset
act-001564,2026-06-24T13:59:00Z,ViewReport,key-1564,user105@contoso.example,ws-034,ds-0098,,,Dataset
act-001565,2026-06-29T21:55:00Z,ViewReport,key-1565,user050@contoso.example,ws-007,ds-0018,,,Dataset
act-001566,2026-06-03T14:24:00Z,View,key-1566,user043@contoso.example,ws-036,ds-0104,,,Dataset
act-001567,2026-06-10T09:44:00Z,View,key-1567,user119@contoso.example,ws-033,ds-0096,,,Dataset
act-001568,2026-06-23T18:05:00Z,View,key-1568,user055@contoso.example,ws-044,ds-0131,,,Dataset
act-001569,2026-06-08T22:57:00Z,Export,key-1569,user116@contoso.example,ws-034,ds-0100,,,Dataset
act-001570,2026-06-11T14:21:00Z,View,key-1570,user005@contoso.example,ws-032,ds-0093,,,Dataset
act-001571,2026-06-13T17:12:00Z,ViewReport,key-1571,user047@contoso.example,ws-024,ds-0069,,,Dataset
act-001572,2026-06-14T00:23:00Z,View,key-1572,user135@contoso.example,ws-018,ds-0050,,,Dataset
act-001573,2026-06-18T05:52:00Z,View,key-1573,user112@contoso.example,ws-054,ds-0162,,,Dataset
act-001574,2026-06-19T12:24:00Z,View,key-1574,user030@contoso.example,ws-062,ds-0186,,,Dataset
act-001575,2026-06-17T14:48:00Z,View,key-1575,user010@contoso.example,ws-028,ds-0082,,,Dataset
act-001576,2026-06-10T03:18:00Z,View,key-1576,user108@contoso.example,ws-055,ds-0164,,,Dataset
act-001577,2026-06-08T09:33:00Z,View,key-1577,user027@contoso.example,ws-039,ds-0114,,,Dataset
act-001578,2026-06-05T23:24:00Z,RefreshDataset,key-1578,user062@contoso.example,ws-011,ds-0031,,,Dataset
act-001579,2026-06-28T14:39:00Z,Export,key-1579,user041@contoso.example,ws-006,ds-0015,,,Dataset
act-001580,2026-06-21T23:57:00Z,View,key-1580,user006@contoso.example,ws-051,ds-0156,,,Dataset
act-001581,2026-06-20T20:44:00Z,View,key-1581,user018@contoso.example,ws-027,ds-0075,,,Dataset
act-001582,2026-06-22T05:05:00Z,View,key-1582,user083@contoso.example,ws-018,ds-0051,,,Dataset
act-001583,2026-06-11T14:38:00Z,View,key-1583,user011@contoso.example,ws-052,ds-0157,,,Dataset
act-001584,2026-06-16T05:21:00Z,View,key-1584,user143@contoso.example,ws-036,ds-0103,,,Dataset
act-001585,2026-06-16T04:15:00Z,View,key-1585,user054@contoso.example,ws-006,ds-0015,,,Dataset
act-001586,2026-06-14T11:28:00Z,ViewDashboard,key-1586,user114@contoso.example,ws-045,ds-0135,,,Dataset
act-001587,2026-06-23T02:41:00Z,View,key-1587,user014@contoso.example,ws-058,ds-0175,,,Dataset
act-001588,2026-06-10T03:15:00Z,View,key-1588,user124@contoso.example,ws-036,ds-0103,,,Dataset
act-001589,2026-06-13T15:38:00Z,ViewReport,key-1589,user052@contoso.example,ws-032,ds-0093,,,Dataset
act-001590,2026-06-24T04:46:00Z,View,key-1590,user099@contoso.example,ws-012,ds-0034,,,Dataset
act-001591,2026-06-16T06:29:00Z,View,key-1591,user121@contoso.example,ws-008,ds-0021,,,Dataset
act-001592,2026-06-11T10:49:00Z,View,key-1592,user031@contoso.example,ws-040,ds-0116,,,Dataset
act-001593,2026-06-26T04:01:00Z,View,key-1593,user068@contoso.example,ws-051,ds-0155,,,Dataset
act-001594,2026-06-22T00:59:00Z,View,key-1594,user072@contoso.example,ws-015,ds-0042,,,Dataset
act-001595,2026-06-29T09:13:00Z,RefreshDataset,key-1595,user136@contoso.example,ws-048,ds-0144,,,Dataset
act-001596,2026-06-05T12:53:00Z,View,key-1596,user147@contoso.example,ws-050,ds-0151,,,Dataset
act-001597,2026-06-09T03:15:00Z,View,key-1597,user125@contoso.example,ws-058,ds-0173,,,Dataset
act-001598,2026-06-09T17:33:00Z,ViewReport,key-1598,user150@contoso.example,ws-038,ds-0110,,,Dataset
act-001599,2026-06-13T19:55:00Z,View,key-1599,user123@contoso.example,ws-001,ds-0003,,,Dataset
act-001600,2026-06-17T13:14:00Z,RefreshDataset,key-1600,user077@contoso.example,ws-049,ds-0145,,,Dataset
act-001601,2026-06-04T17:44:00Z,View,key-1601,user010@contoso.example,ws-022,ds-0062,,,Dataset
act-001602,2026-06-24T23:57:00Z,View,key-1602,user014@contoso.example,ws-053,ds-0160,,,Dataset
act-001603,2026-06-22T09:50:00Z,View,key-1603,user072@contoso.example,ws-027,ds-0075,,,Dataset
act-001604,2026-06-06T14:03:00Z,View,key-1604,user077@contoso.example,ws-040,ds-0116,,,Dataset
act-001605,2026-06-09T10:46:00Z,View,key-1605,user106@contoso.example,ws-014,ds-0039,,,Dataset
act-001606,2026-06-03T01:38:00Z,View,key-1606,user042@contoso.example,ws-029,ds-0086,,,Dataset
act-001607,2026-06-18T15:17:00Z,View,key-1607,user024@contoso.example,ws-006,ds-0015,,,Dataset
act-001608,2026-06-28T19:15:00Z,View,key-1608,user065@contoso.example,ws-052,ds-0157,,,Dataset
act-001609,2026-06-13T00:15:00Z,View,key-1609,user144@contoso.example,ws-039,ds-0115,,,Dataset
act-001610,2026-06-29T00:14:00Z,View,key-1610,user030@contoso.example,ws-028,ds-0081,,,Dataset
act-001611,2026-06-22T00:35:00Z,ViewReport,key-1611,user137@contoso.example,ws-055,ds-0167,,,Dataset
act-001612,2026-06-16T15:29:00Z,Export,key-1612,user121@contoso.example,ws-001,ds-0001,,,Dataset
act-001613,2026-06-12T00:06:00Z,View,key-1613,user056@contoso.example,ws-018,ds-0049,,,Dataset
act-001614,2026-06-27T19:40:00Z,ViewDashboard,key-1614,user101@contoso.example,ws-017,ds-0045,,,Dataset
act-001615,2026-06-15T19:59:00Z,ViewReport,key-1615,user078@contoso.example,ws-042,ds-0123,,,Dataset
act-001616,2026-06-25T21:51:00Z,ViewReport,key-1616,user024@contoso.example,ws-035,ds-0101,,,Dataset
act-001617,2026-06-25T15:49:00Z,View,key-1617,user104@contoso.example,ws-042,ds-0124,,,Dataset
act-001618,2026-06-06T13:26:00Z,View,key-1618,user136@contoso.example,ws-062,ds-0188,,,Dataset
act-001619,2026-06-14T02:25:00Z,ViewReport,key-1619,user144@contoso.example,ws-021,ds-0060,,,Dataset
act-001620,2026-06-13T06:50:00Z,View,key-1620,user003@contoso.example,ws-046,ds-0137,,,Dataset
act-001621,2026-06-07T04:47:00Z,View,key-1621,user133@contoso.example,ws-036,ds-0105,,,Dataset
act-001622,2026-06-14T09:01:00Z,View,key-1622,user102@contoso.example,ws-052,ds-0157,,,Dataset
act-001623,2026-06-12T08:36:00Z,View,key-1623,user081@contoso.example,ws-042,ds-0125,,,Dataset
act-001624,2026-06-08T12:19:00Z,ViewDashboard,key-1624,user064@contoso.example,ws-024,ds-0069,,,Dataset
act-001625,2026-06-27T08:36:00Z,View,key-1625,user027@contoso.example,ws-055,ds-0167,,,Dataset
act-001626,2026-06-05T03:41:00Z,View,key-1626,user013@contoso.example,ws-041,ds-0120,,,Dataset
act-001627,2026-06-29T17:41:00Z,ViewReport,key-1627,user046@contoso.example,ws-003,ds-0009,,,Dataset
act-001628,2026-06-28T16:39:00Z,Export,key-1628,user130@contoso.example,ws-022,ds-0064,,,Dataset
act-001629,2026-06-06T17:00:00Z,ViewReport,key-1629,user042@contoso.example,ws-003,ds-0007,,,Dataset
act-001630,2026-06-27T00:22:00Z,Export,key-1630,user083@contoso.example,ws-022,ds-0064,,,Dataset
act-001631,2026-06-01T09:40:00Z,View,key-1631,user110@contoso.example,ws-031,ds-0091,,,Dataset
act-001632,2026-06-20T13:38:00Z,View,key-1632,user021@contoso.example,ws-004,ds-0011,,,Dataset
act-001633,2026-06-20T05:56:00Z,View,key-1633,user081@contoso.example,ws-020,ds-0056,,,Dataset
act-001634,2026-06-05T09:00:00Z,Export,key-1634,user032@contoso.example,ws-025,ds-0070,,,Dataset
act-001635,2026-06-30T10:40:00Z,View,key-1635,user069@contoso.example,ws-040,ds-0117,,,Dataset
act-001636,2026-06-23T04:29:00Z,View,key-1636,user024@contoso.example,ws-038,ds-0109,,,Dataset
act-001637,2026-06-21T05:30:00Z,ViewReport,key-1637,user147@contoso.example,ws-039,ds-0115,,,Dataset
act-001638,2026-06-24T06:51:00Z,View,key-1638,user085@contoso.example,ws-022,ds-0062,,,Dataset
act-001639,2026-06-14T19:19:00Z,View,key-1639,user142@contoso.example,ws-014,ds-0040,,,Dataset
act-001640,2026-06-09T08:50:00Z,View,key-1640,user097@contoso.example,ws-029,ds-0083,,,Dataset
act-001641,2026-06-03T13:55:00Z,ViewReport,key-1641,user045@contoso.example,ws-061,ds-0184,,,Dataset
act-001642,2026-06-29T18:53:00Z,ViewReport,key-1642,user014@contoso.example,ws-061,ds-0184,,,Dataset
act-001643,2026-06-24T13:18:00Z,View,key-1643,user020@contoso.example,ws-006,ds-0017,,,Dataset
act-001644,2026-06-18T09:04:00Z,ViewReport,key-1644,user125@contoso.example,ws-054,ds-0163,,,Dataset
act-001645,2026-06-29T07:42:00Z,ViewReport,key-1645,user095@contoso.example,ws-017,ds-0047,,,Dataset
act-001646,2026-06-27T04:13:00Z,ViewReport,key-1646,user110@contoso.example,ws-023,ds-0066,,,Dataset
act-001647,2026-06-12T22:57:00Z,View,key-1647,user017@contoso.example,ws-032,ds-0093,,,Dataset
act-001648,2026-06-05T21:51:00Z,View,key-1648,user139@contoso.example,ws-006,ds-0016,,,Dataset
act-001649,2026-06-09T23:26:00Z,ViewReport,key-1649,user112@contoso.example,ws-040,ds-0117,,,Dataset
act-001650,2026-06-09T09:43:00Z,View,key-1650,user132@contoso.example,ws-005,ds-0014,,,Dataset
act-001651,2026-06-20T05:45:00Z,Export,key-1651,user030@contoso.example,ws-044,ds-0131,,,Dataset
act-001652,2026-06-29T09:43:00Z,ViewReport,key-1652,user055@contoso.example,ws-019,ds-0054,,,Dataset
act-001653,2026-06-11T20:16:00Z,View,key-1653,user111@contoso.example,ws-017,ds-0047,,,Dataset
act-001654,2026-06-05T17:42:00Z,ViewReport,key-1654,user001@contoso.example,ws-038,ds-0109,,,Dataset
act-001655,2026-06-16T22:32:00Z,ViewReport,key-1655,user064@contoso.example,ws-008,ds-0022,,,Dataset
act-001656,2026-06-26T16:18:00Z,View,key-1656,user086@contoso.example,ws-061,ds-0183,,,Dataset
act-001657,2026-06-28T02:15:00Z,ViewReport,key-1657,user119@contoso.example,ws-023,ds-0066,,,Dataset
act-001658,2026-06-22T08:39:00Z,View,key-1658,user082@contoso.example,ws-009,ds-0023,,,Dataset
act-001659,2026-06-01T11:44:00Z,Export,key-1659,user036@contoso.example,ws-046,ds-0138,,,Dataset
act-001660,2026-06-22T08:03:00Z,ViewReport,key-1660,user081@contoso.example,ws-030,ds-0089,,,Dataset
act-001661,2026-06-25T08:26:00Z,View,key-1661,user034@contoso.example,ws-061,ds-0183,,,Dataset
act-001662,2026-06-02T12:39:00Z,ViewReport,key-1662,user111@contoso.example,ws-002,ds-0006,,,Dataset
act-001663,2026-06-04T03:39:00Z,View,key-1663,user117@contoso.example,ws-061,ds-0185,,,Dataset
act-001664,2026-06-07T20:28:00Z,View,key-1664,user001@contoso.example,ws-014,ds-0040,,,Dataset
act-001665,2026-06-08T03:20:00Z,View,key-1665,user080@contoso.example,ws-046,ds-0137,,,Dataset
act-001666,2026-06-08T19:50:00Z,View,key-1666,user033@contoso.example,ws-023,ds-0065,,,Dataset
act-001667,2026-06-18T00:44:00Z,View,key-1667,user005@contoso.example,ws-029,ds-0083,,,Dataset
act-001668,2026-06-02T18:10:00Z,ViewReport,key-1668,user028@contoso.example,ws-062,ds-0188,,,Dataset
act-001669,2026-06-19T11:59:00Z,ViewDashboard,key-1669,user144@contoso.example,ws-005,ds-0013,,,Dataset
act-001670,2026-06-16T07:00:00Z,ViewReport,key-1670,user149@contoso.example,ws-030,ds-0088,,,Dataset
act-001671,2026-06-01T01:15:00Z,ViewReport,key-1671,user054@contoso.example,ws-025,ds-0070,,,Dataset
act-001672,2026-06-06T23:39:00Z,Export,key-1672,user037@contoso.example,ws-015,ds-0041,,,Dataset
act-001673,2026-06-01T10:43:00Z,ViewReport,key-1673,user095@contoso.example,ws-032,ds-0094,,,Dataset
act-001674,2026-06-23T11:59:00Z,ViewDashboard,key-1674,user038@contoso.example,ws-062,ds-0186,,,Dataset
act-001675,2026-06-29T16:19:00Z,View,key-1675,user099@contoso.example,ws-051,ds-0156,,,Dataset
act-001676,2026-06-26T11:46:00Z,View,key-1676,user057@contoso.example,ws-039,ds-0114,,,Dataset
act-001677,2026-06-27T07:38:00Z,ViewReport,key-1677,user075@contoso.example,ws-022,ds-0063,,,Dataset
act-001678,2026-06-07T02:01:00Z,ViewReport,key-1678,user021@contoso.example,ws-050,ds-0149,,,Dataset
act-001679,2026-06-18T16:32:00Z,ViewReport,key-1679,user141@contoso.example,ws-031,ds-0091,,,Dataset
act-001680,2026-06-15T16:58:00Z,ViewReport,key-1680,user136@contoso.example,ws-018,ds-0048,,,Dataset
act-001681,2026-06-28T00:43:00Z,View,key-1681,user047@contoso.example,ws-049,ds-0145,,,Dataset
act-001682,2026-06-24T16:15:00Z,View,key-1682,user051@contoso.example,ws-051,ds-0155,,,Dataset
act-001683,2026-06-01T21:54:00Z,View,key-1683,user144@contoso.example,ws-007,ds-0019,,,Dataset
act-001684,2026-06-14T11:40:00Z,View,key-1684,user134@contoso.example,ws-055,ds-0165,,,Dataset
act-001685,2026-06-10T12:48:00Z,ViewReport,key-1685,user005@contoso.example,ws-054,ds-0163,,,Dataset
act-001686,2026-06-27T14:48:00Z,View,key-1686,user108@contoso.example,ws-027,ds-0075,,,Dataset
act-001687,2026-06-06T21:20:00Z,ViewReport,key-1687,user120@contoso.example,ws-058,ds-0174,,,Dataset
act-001688,2026-06-01T06:58:00Z,View,key-1688,user137@contoso.example,ws-015,ds-0041,,,Dataset
act-001689,2026-06-26T20:32:00Z,View,key-1689,user116@contoso.example,ws-039,ds-0115,,,Dataset
act-001690,2026-06-27T10:03:00Z,View,key-1690,user009@contoso.example,ws-050,ds-0149,,,Dataset
act-001691,2026-06-22T04:02:00Z,View,key-1691,user033@contoso.example,ws-042,ds-0125,,,Dataset
act-001692,2026-06-02T08:25:00Z,RefreshDataset,key-1692,user119@contoso.example,ws-050,ds-0150,,,Dataset
act-001693,2026-06-10T06:37:00Z,ViewReport,key-1693,user067@contoso.example,ws-002,ds-0006,,,Dataset
act-001694,2026-06-30T17:16:00Z,ViewDashboard,key-1694,user049@contoso.example,ws-042,ds-0123,,,Dataset
act-001695,2026-06-20T05:02:00Z,View,key-1695,user066@contoso.example,ws-014,ds-0039,,,Dataset
act-001696,2026-06-27T08:00:00Z,View,key-1696,user026@contoso.example,ws-058,ds-0175,,,Dataset
act-001697,2026-06-19T15:05:00Z,ViewReport,key-1697,user001@contoso.example,ws-046,ds-0139,,,Dataset
act-001698,2026-06-04T02:11:00Z,ViewReport,key-1698,user102@contoso.example,ws-006,ds-0015,,,Dataset
act-001699,2026-06-16T05:39:00Z,ViewDashboard,key-1699,user019@contoso.example,ws-058,ds-0175,,,Dataset
act-001700,2026-06-24T12:39:00Z,View,key-1700,user033@contoso.example,ws-054,ds-0162,,,Dataset
act-001701,2026-06-29T13:05:00Z,ViewReport,key-1701,user101@contoso.example,ws-055,ds-0164,,,Dataset
act-001702,2026-06-14T21:26:00Z,View,key-1702,user008@contoso.example,ws-025,ds-0071,,,Dataset
act-001703,2026-06-16T22:36:00Z,View,key-1703,user114@contoso.example,ws-020,ds-0057,,,Dataset
act-001704,2026-06-11T13:23:00Z,ViewDashboard,key-1704,user007@contoso.example,ws-012,ds-0035,,,Dataset
act-001705,2026-06-18T07:06:00Z,RefreshDataset,key-1705,user050@contoso.example,ws-058,ds-0176,,,Dataset
act-001706,2026-06-01T20:00:00Z,ViewReport,key-1706,user021@contoso.example,ws-008,ds-0020,,,Dataset
act-001707,2026-06-21T16:14:00Z,View,key-1707,user041@contoso.example,ws-017,ds-0046,,,Dataset
act-001708,2026-06-19T01:03:00Z,View,key-1708,user099@contoso.example,ws-043,ds-0127,,,Dataset
act-001709,2026-06-29T12:45:00Z,View,key-1709,user010@contoso.example,ws-060,ds-0179,,,Dataset
act-001710,2026-06-18T12:01:00Z,View,key-1710,user061@contoso.example,ws-027,ds-0076,,,Dataset
act-001711,2026-06-04T12:31:00Z,View,key-1711,user077@contoso.example,ws-012,ds-0036,,,Dataset
act-001712,2026-06-13T23:16:00Z,View,key-1712,user010@contoso.example,ws-026,ds-0072,,,Dataset
act-001713,2026-06-13T01:50:00Z,View,key-1713,user117@contoso.example,ws-035,ds-0101,,,Dataset
act-001714,2026-06-21T07:31:00Z,View,key-1714,user043@contoso.example,ws-040,ds-0117,,,Dataset
act-001715,2026-06-03T08:07:00Z,View,key-1715,user016@contoso.example,ws-047,ds-0140,,,Dataset
act-001716,2026-06-15T05:51:00Z,View,key-1716,user066@contoso.example,ws-051,ds-0156,,,Dataset
act-001717,2026-06-16T19:51:00Z,ViewReport,key-1717,user027@contoso.example,ws-046,ds-0137,,,Dataset
act-001718,2026-06-21T03:29:00Z,ViewReport,key-1718,user101@contoso.example,ws-006,ds-0016,,,Dataset
act-001719,2026-06-09T14:40:00Z,View,key-1719,user085@contoso.example,ws-058,ds-0174,,,Dataset
act-001720,2026-06-18T20:23:00Z,ViewReport,key-1720,user116@contoso.example,ws-040,ds-0117,,,Dataset
act-001721,2026-06-19T00:56:00Z,ViewReport,key-1721,user058@contoso.example,ws-021,ds-0058,,,Dataset
act-001722,2026-06-13T20:29:00Z,View,key-1722,user072@contoso.example,ws-062,ds-0187,,,Dataset
act-001723,2026-06-25T15:59:00Z,ViewDashboard,key-1723,user006@contoso.example,ws-051,ds-0155,,,Dataset
act-001724,2026-06-27T18:48:00Z,ViewReport,key-1724,user150@contoso.example,ws-053,ds-0159,,,Dataset
act-001725,2026-06-27T20:13:00Z,View,key-1725,user139@contoso.example,ws-042,ds-0124,,,Dataset
act-001726,2026-06-23T12:20:00Z,View,key-1726,user012@contoso.example,ws-015,ds-0042,,,Dataset
act-001727,2026-06-18T00:18:00Z,ViewReport,key-1727,user050@contoso.example,ws-028,ds-0081,,,Dataset
act-001728,2026-06-09T06:01:00Z,ViewReport,key-1728,user140@contoso.example,ws-024,ds-0068,,,Dataset
act-001729,2026-06-06T00:50:00Z,ViewReport,key-1729,user001@contoso.example,ws-041,ds-0119,,,Dataset
act-001730,2026-06-01T04:25:00Z,View,key-1730,user068@contoso.example,ws-041,ds-0120,,,Dataset
act-001731,2026-06-15T11:12:00Z,ViewReport,key-1731,user112@contoso.example,ws-061,ds-0182,,,Dataset
act-001732,2026-06-26T09:50:00Z,View,key-1732,user109@contoso.example,ws-061,ds-0183,,,Dataset
act-001733,2026-06-07T16:08:00Z,View,key-1733,user121@contoso.example,ws-030,ds-0088,,,Dataset
act-001734,2026-06-28T04:52:00Z,View,key-1734,user050@contoso.example,ws-054,ds-0163,,,Dataset
act-001735,2026-06-27T11:32:00Z,View,key-1735,user045@contoso.example,ws-015,ds-0042,,,Dataset
act-001736,2026-06-13T07:43:00Z,Export,key-1736,user140@contoso.example,ws-022,ds-0064,,,Dataset
act-001737,2026-06-25T01:50:00Z,View,key-1737,user004@contoso.example,ws-024,ds-0067,,,Dataset
act-001738,2026-06-18T22:32:00Z,View,key-1738,user021@contoso.example,ws-061,ds-0183,,,Dataset
act-001739,2026-06-04T05:49:00Z,View,key-1739,user078@contoso.example,ws-033,ds-0095,,,Dataset
act-001740,2026-06-10T22:56:00Z,View,key-1740,user082@contoso.example,ws-021,ds-0060,,,Dataset
act-001741,2026-06-22T14:59:00Z,View,key-1741,user026@contoso.example,ws-042,ds-0124,,,Dataset
act-001742,2026-06-05T14:06:00Z,View,key-1742,user028@contoso.example,ws-060,ds-0180,,,Dataset
act-001743,2026-06-01T18:33:00Z,ViewDashboard,key-1743,user117@contoso.example,ws-009,ds-0025,,,Dataset
act-001744,2026-06-14T13:14:00Z,View,key-1744,user086@contoso.example,ws-033,ds-0095,,,Dataset
act-001745,2026-06-05T13:30:00Z,ViewReport,key-1745,user116@contoso.example,ws-019,ds-0052,,,Dataset
act-001746,2026-06-04T02:00:00Z,ViewReport,key-1746,user102@contoso.example,ws-040,ds-0116,,,Dataset
act-001747,2026-06-18T13:33:00Z,View,key-1747,user108@contoso.example,ws-055,ds-0166,,,Dataset
act-001748,2026-06-24T09:06:00Z,View,key-1748,user061@contoso.example,ws-027,ds-0075,,,Dataset
act-001749,2026-06-12T19:53:00Z,View,key-1749,user146@contoso.example,ws-028,ds-0080,,,Dataset
act-001750,2026-06-11T06:40:00Z,View,key-1750,user048@contoso.example,ws-041,ds-0120,,,Dataset
act-001751,2026-06-11T05:20:00Z,View,key-1751,user098@contoso.example,ws-040,ds-0118,,,Dataset
act-001752,2026-06-18T18:53:00Z,ViewReport,key-1752,user126@contoso.example,ws-049,ds-0146,,,Dataset
act-001753,2026-06-23T15:51:00Z,ViewReport,key-1753,user147@contoso.example,ws-020,ds-0057,,,Dataset
act-001754,2026-06-12T02:24:00Z,RefreshDataset,key-1754,user009@contoso.example,ws-053,ds-0161,,,Dataset
act-001755,2026-06-08T23:10:00Z,ViewReport,key-1755,user123@contoso.example,ws-057,ds-0172,,,Dataset
act-001756,2026-06-24T00:06:00Z,ViewReport,key-1756,user005@contoso.example,ws-024,ds-0068,,,Dataset
act-001757,2026-06-29T19:22:00Z,ViewReport,key-1757,user016@contoso.example,ws-061,ds-0183,,,Dataset
act-001758,2026-06-22T14:50:00Z,ViewReport,key-1758,user090@contoso.example,ws-055,ds-0166,,,Dataset
act-001759,2026-06-21T03:39:00Z,RefreshDataset,key-1759,user057@contoso.example,ws-052,ds-0157,,,Dataset
act-001760,2026-06-05T07:03:00Z,View,key-1760,user126@contoso.example,ws-055,ds-0167,,,Dataset
act-001761,2026-06-05T10:45:00Z,View,key-1761,user024@contoso.example,ws-050,ds-0152,,,Dataset
act-001762,2026-06-12T20:41:00Z,ViewDashboard,key-1762,user089@contoso.example,ws-051,ds-0156,,,Dataset
act-001763,2026-06-22T21:40:00Z,View,key-1763,user130@contoso.example,ws-021,ds-0059,,,Dataset
act-001764,2026-06-25T09:05:00Z,View,key-1764,user149@contoso.example,ws-035,ds-0101,,,Dataset
act-001765,2026-06-22T00:27:00Z,View,key-1765,user131@contoso.example,ws-018,ds-0048,,,Dataset
act-001766,2026-06-03T10:46:00Z,ViewReport,key-1766,user102@contoso.example,ws-060,ds-0179,,,Dataset
act-001767,2026-06-02T21:53:00Z,View,key-1767,user148@contoso.example,ws-018,ds-0050,,,Dataset
act-001768,2026-06-18T01:22:00Z,ViewReport,key-1768,user056@contoso.example,ws-008,ds-0022,,,Dataset
act-001769,2026-06-09T06:17:00Z,View,key-1769,user064@contoso.example,ws-049,ds-0146,,,Dataset
act-001770,2026-06-11T13:33:00Z,ViewReport,key-1770,user134@contoso.example,ws-006,ds-0016,,,Dataset
act-001771,2026-06-16T14:39:00Z,RefreshDataset,key-1771,user064@contoso.example,ws-054,ds-0162,,,Dataset
act-001772,2026-06-10T15:09:00Z,RefreshDataset,key-1772,user067@contoso.example,ws-027,ds-0076,,,Dataset
act-001773,2026-06-04T22:27:00Z,View,key-1773,user025@contoso.example,ws-041,ds-0119,,,Dataset
act-001774,2026-06-26T17:31:00Z,View,key-1774,user105@contoso.example,ws-027,ds-0075,,,Dataset
act-001775,2026-06-10T15:19:00Z,ViewReport,key-1775,user052@contoso.example,ws-012,ds-0034,,,Dataset
act-001776,2026-06-05T12:33:00Z,ViewReport,key-1776,user134@contoso.example,ws-021,ds-0061,,,Dataset
act-001777,2026-06-16T00:38:00Z,RefreshDataset,key-1777,user045@contoso.example,ws-061,ds-0185,,,Dataset
act-001778,2026-06-19T10:06:00Z,ViewReport,key-1778,user144@contoso.example,ws-037,ds-0108,,,Dataset
act-001779,2026-06-23T18:02:00Z,View,key-1779,user068@contoso.example,ws-048,ds-0143,,,Dataset
act-001780,2026-06-17T04:24:00Z,View,key-1780,user053@contoso.example,ws-012,ds-0036,,,Dataset
act-001781,2026-06-08T03:55:00Z,View,key-1781,user025@contoso.example,ws-018,ds-0048,,,Dataset
act-001782,2026-06-05T21:49:00Z,RefreshDataset,key-1782,user101@contoso.example,ws-048,ds-0144,,,Dataset
act-001783,2026-06-13T07:17:00Z,View,key-1783,user027@contoso.example,ws-001,ds-0002,,,Dataset
act-001784,2026-06-20T14:55:00Z,View,key-1784,user120@contoso.example,ws-023,ds-0065,,,Dataset
act-001785,2026-06-14T10:45:00Z,ViewReport,key-1785,user034@contoso.example,ws-017,ds-0047,,,Dataset
act-001786,2026-06-10T12:54:00Z,View,key-1786,user085@contoso.example,ws-052,ds-0157,,,Dataset
act-001787,2026-06-25T03:26:00Z,View,key-1787,user123@contoso.example,ws-050,ds-0152,,,Dataset
act-001788,2026-06-12T02:29:00Z,View,key-1788,user037@contoso.example,ws-010,ds-0027,,,Dataset
act-001789,2026-06-21T17:19:00Z,View,key-1789,user117@contoso.example,ws-029,ds-0084,,,Dataset
act-001790,2026-06-01T22:40:00Z,View,key-1790,user006@contoso.example,ws-029,ds-0084,,,Dataset
act-001791,2026-06-12T14:16:00Z,View,key-1791,user135@contoso.example,ws-058,ds-0175,,,Dataset
act-001792,2026-06-02T15:26:00Z,View,key-1792,user118@contoso.example,ws-037,ds-0108,,,Dataset
act-001793,2026-06-17T09:07:00Z,View,key-1793,user064@contoso.example,ws-021,ds-0058,,,Dataset
act-001794,2026-06-04T05:29:00Z,View,key-1794,user138@contoso.example,ws-039,ds-0112,,,Dataset
act-001795,2026-06-25T07:12:00Z,ViewReport,key-1795,user139@contoso.example,ws-031,ds-0090,,,Dataset
act-001796,2026-06-06T20:58:00Z,RefreshDataset,key-1796,user093@contoso.example,ws-011,ds-0033,,,Dataset
act-001797,2026-06-05T09:52:00Z,View,key-1797,user100@contoso.example,ws-046,ds-0139,,,Dataset
act-001798,2026-06-28T00:42:00Z,Export,key-1798,user064@contoso.example,ws-018,ds-0049,,,Dataset
act-001799,2026-06-10T03:31:00Z,ViewReport,key-1799,user091@contoso.example,ws-038,ds-0109,,,Dataset
act-001800,2026-06-10T13:06:00Z,View,key-1800,user149@contoso.example,ws-024,ds-0068,,,Dataset
act-001801,2026-06-21T03:02:00Z,View,key-1801,user119@contoso.example,ws-056,ds-0168,,,Dataset
act-001802,2026-06-28T07:36:00Z,ViewReport,key-1802,user021@contoso.example,ws-055,ds-0165,,,Dataset
act-001803,2026-06-21T05:53:00Z,View,key-1803,user061@contoso.example,ws-049,ds-0148,,,Dataset
act-001804,2026-06-26T10:33:00Z,View,key-1804,user003@contoso.example,ws-023,ds-0065,,,Dataset
act-001805,2026-06-22T03:08:00Z,View,key-1805,user035@contoso.example,ws-040,ds-0118,,,Dataset
act-001806,2026-06-29T14:31:00Z,View,key-1806,user083@contoso.example,ws-060,ds-0179,,,Dataset
act-001807,2026-06-13T20:32:00Z,View,key-1807,user002@contoso.example,ws-030,ds-0087,,,Dataset
act-001808,2026-06-27T18:06:00Z,View,key-1808,user070@contoso.example,ws-058,ds-0175,,,Dataset
act-001809,2026-06-16T18:58:00Z,View,key-1809,user135@contoso.example,ws-023,ds-0065,,,Dataset
act-001810,2026-06-01T21:12:00Z,ViewReport,key-1810,user138@contoso.example,ws-003,ds-0008,,,Dataset
act-001811,2026-06-20T23:10:00Z,View,key-1811,user012@contoso.example,ws-016,ds-0043,,,Dataset
act-001812,2026-06-28T12:16:00Z,ViewReport,key-1812,user100@contoso.example,ws-009,ds-0025,,,Dataset
act-001813,2026-06-11T17:47:00Z,View,key-1813,user145@contoso.example,ws-027,ds-0076,,,Dataset
act-001814,2026-06-08T14:26:00Z,View,key-1814,user107@contoso.example,ws-023,ds-0065,,,Dataset
act-001815,2026-06-21T10:35:00Z,ViewDashboard,key-1815,user135@contoso.example,ws-040,ds-0116,,,Dataset
act-001816,2026-06-01T05:15:00Z,Export,key-1816,user082@contoso.example,ws-047,ds-0141,,,Dataset
act-001817,2026-06-14T05:26:00Z,ViewDashboard,key-1817,user142@contoso.example,ws-004,ds-0012,,,Dataset
act-001818,2026-06-01T11:37:00Z,View,key-1818,user031@contoso.example,ws-047,ds-0140,,,Dataset
act-001819,2026-06-28T16:49:00Z,View,key-1819,user002@contoso.example,ws-048,ds-0142,,,Dataset
act-001820,2026-06-23T07:00:00Z,View,key-1820,user050@contoso.example,ws-001,ds-0001,,,Dataset
act-001821,2026-06-15T17:09:00Z,ViewDashboard,key-1821,user135@contoso.example,ws-047,ds-0140,,,Dataset
act-001822,2026-06-24T15:40:00Z,ViewReport,key-1822,user040@contoso.example,ws-015,ds-0042,,,Dataset
act-001823,2026-06-02T06:00:00Z,View,key-1823,user139@contoso.example,ws-040,ds-0117,,,Dataset
act-001824,2026-06-03T13:36:00Z,View,key-1824,user043@contoso.example,ws-062,ds-0189,,,Dataset
act-001825,2026-06-07T22:37:00Z,View,key-1825,user101@contoso.example,ws-041,ds-0120,,,Dataset
act-001826,2026-06-06T03:23:00Z,View,key-1826,user018@contoso.example,ws-024,ds-0069,,,Dataset
act-001827,2026-06-19T17:03:00Z,View,key-1827,user033@contoso.example,ws-039,ds-0115,,,Dataset
act-001828,2026-06-15T23:08:00Z,ViewReport,key-1828,user079@contoso.example,ws-053,ds-0159,,,Dataset
act-001829,2026-06-28T04:42:00Z,View,key-1829,user086@contoso.example,ws-048,ds-0144,,,Dataset
act-001830,2026-06-18T07:19:00Z,View,key-1830,user100@contoso.example,ws-050,ds-0150,,,Dataset
act-001831,2026-06-07T17:37:00Z,ViewReport,key-1831,user125@contoso.example,ws-055,ds-0164,,,Dataset
act-001832,2026-06-21T20:17:00Z,View,key-1832,user023@contoso.example,ws-052,ds-0158,,,Dataset
act-001833,2026-06-02T19:09:00Z,RefreshDataset,key-1833,user093@contoso.example,ws-021,ds-0059,,,Dataset
act-001834,2026-06-12T16:32:00Z,View,key-1834,user039@contoso.example,ws-031,ds-0090,,,Dataset
act-001835,2026-06-29T16:41:00Z,View,key-1835,user056@contoso.example,ws-020,ds-0057,,,Dataset
act-001836,2026-06-21T16:52:00Z,View,key-1836,user112@contoso.example,ws-051,ds-0156,,,Dataset
act-001837,2026-06-03T21:38:00Z,View,key-1837,user143@contoso.example,ws-003,ds-0007,,,Dataset
act-001838,2026-06-16T11:13:00Z,ViewReport,key-1838,user039@contoso.example,ws-002,ds-0005,,,Dataset
act-001839,2026-06-19T13:05:00Z,ViewReport,key-1839,user015@contoso.example,ws-025,ds-0070,,,Dataset
act-001840,2026-06-26T21:54:00Z,View,key-1840,user110@contoso.example,ws-052,ds-0157,,,Dataset
act-001841,2026-06-15T18:20:00Z,ViewReport,key-1841,user011@contoso.example,ws-053,ds-0161,,,Dataset
act-001842,2026-06-06T14:38:00Z,ViewReport,key-1842,user025@contoso.example,ws-044,ds-0131,,,Dataset
act-001843,2026-06-09T10:54:00Z,RefreshDataset,key-1843,user021@contoso.example,ws-024,ds-0068,,,Dataset
act-001844,2026-06-26T02:35:00Z,ViewDashboard,key-1844,user122@contoso.example,ws-052,ds-0158,,,Dataset
act-001845,2026-06-21T05:32:00Z,View,key-1845,user133@contoso.example,ws-026,ds-0072,,,Dataset
act-001846,2026-06-10T17:47:00Z,View,key-1846,user066@contoso.example,ws-042,ds-0124,,,Dataset
act-001847,2026-06-02T01:36:00Z,View,key-1847,user142@contoso.example,ws-017,ds-0045,,,Dataset
act-001848,2026-06-30T16:25:00Z,ViewReport,key-1848,user006@contoso.example,ws-030,ds-0089,,,Dataset
act-001849,2026-06-29T15:42:00Z,ViewDashboard,key-1849,user015@contoso.example,ws-018,ds-0048,,,Dataset
act-001850,2026-06-18T20:42:00Z,View,key-1850,user006@contoso.example,ws-002,ds-0006,,,Dataset
act-001851,2026-06-03T18:57:00Z,View,key-1851,user054@contoso.example,ws-044,ds-0128,,,Dataset
act-001852,2026-06-25T21:42:00Z,View,key-1852,user038@contoso.example,ws-029,ds-0083,,,Dataset
act-001853,2026-06-22T19:08:00Z,View,key-1853,user096@contoso.example,ws-029,ds-0085,,,Dataset
act-001854,2026-06-28T20:26:00Z,View,key-1854,user141@contoso.example,ws-044,ds-0129,,,Dataset
act-001855,2026-06-09T13:52:00Z,ViewReport,key-1855,user001@contoso.example,ws-051,ds-0154,,,Dataset
act-001856,2026-06-04T10:44:00Z,View,key-1856,user033@contoso.example,ws-056,ds-0168,,,Dataset
act-001857,2026-06-25T06:24:00Z,View,key-1857,user048@contoso.example,ws-014,ds-0040,,,Dataset
act-001858,2026-06-10T19:41:00Z,View,key-1858,user124@contoso.example,ws-058,ds-0175,,,Dataset
act-001859,2026-06-22T01:00:00Z,ViewDashboard,key-1859,user089@contoso.example,ws-012,ds-0035,,,Dataset
act-001860,2026-06-04T18:44:00Z,View,key-1860,user115@contoso.example,ws-004,ds-0011,,,Dataset
act-001861,2026-06-29T04:19:00Z,View,key-1861,user109@contoso.example,ws-059,ds-0178,,,Dataset
act-001862,2026-06-02T19:23:00Z,ViewReport,key-1862,user041@contoso.example,ws-041,ds-0122,,,Dataset
act-001863,2026-06-27T09:34:00Z,View,key-1863,user118@contoso.example,ws-042,ds-0123,,,Dataset
act-001864,2026-06-13T07:57:00Z,RefreshDataset,key-1864,user137@contoso.example,ws-005,ds-0014,,,Dataset
act-001865,2026-06-07T10:28:00Z,ViewReport,key-1865,user008@contoso.example,ws-012,ds-0034,,,Dataset
act-001866,2026-06-20T03:54:00Z,View,key-1866,user107@contoso.example,ws-058,ds-0173,,,Dataset
act-001867,2026-06-08T08:41:00Z,View,key-1867,user021@contoso.example,ws-040,ds-0118,,,Dataset
act-001868,2026-06-17T00:52:00Z,Export,key-1868,user035@contoso.example,ws-024,ds-0068,,,Dataset
act-001869,2026-06-02T21:09:00Z,View,key-1869,user081@contoso.example,ws-015,ds-0041,,,Dataset
act-001870,2026-06-25T18:30:00Z,View,key-1870,user055@contoso.example,ws-030,ds-0089,,,Dataset
act-001871,2026-06-25T13:35:00Z,ViewReport,key-1871,user129@contoso.example,ws-056,ds-0168,,,Dataset
act-001872,2026-06-28T15:24:00Z,ViewDashboard,key-1872,user093@contoso.example,ws-030,ds-0089,,,Dataset
act-001873,2026-06-24T11:22:00Z,View,key-1873,user106@contoso.example,ws-012,ds-0036,,,Dataset
act-001874,2026-06-18T10:24:00Z,View,key-1874,user110@contoso.example,ws-046,ds-0139,,,Dataset
act-001875,2026-06-25T12:17:00Z,View,key-1875,user043@contoso.example,ws-044,ds-0129,,,Dataset
act-001876,2026-06-22T12:19:00Z,View,key-1876,user058@contoso.example,ws-044,ds-0131,,,Dataset
act-001877,2026-06-02T01:03:00Z,View,key-1877,user067@contoso.example,ws-017,ds-0045,,,Dataset
act-001878,2026-06-13T20:16:00Z,ViewReport,key-1878,user062@contoso.example,ws-030,ds-0088,,,Dataset
act-001879,2026-06-10T14:39:00Z,View,key-1879,user150@contoso.example,ws-044,ds-0131,,,Dataset
act-001880,2026-06-09T20:40:00Z,View,key-1880,user117@contoso.example,ws-044,ds-0131,,,Dataset
act-001881,2026-06-01T09:52:00Z,ViewReport,key-1881,user080@contoso.example,ws-011,ds-0031,,,Dataset
act-001882,2026-06-12T01:21:00Z,ViewReport,key-1882,user055@contoso.example,ws-057,ds-0171,,,Dataset
act-001883,2026-06-25T06:30:00Z,View,key-1883,user086@contoso.example,ws-004,ds-0011,,,Dataset
act-001884,2026-06-21T03:54:00Z,View,key-1884,user101@contoso.example,ws-006,ds-0017,,,Dataset
act-001885,2026-06-21T03:12:00Z,ViewReport,key-1885,user094@contoso.example,ws-046,ds-0137,,,Dataset
act-001886,2026-06-21T19:22:00Z,View,key-1886,user042@contoso.example,ws-029,ds-0084,,,Dataset
act-001887,2026-06-06T18:33:00Z,ViewReport,key-1887,user064@contoso.example,ws-010,ds-0027,,,Dataset
act-001888,2026-06-29T20:09:00Z,View,key-1888,user118@contoso.example,ws-026,ds-0074,,,Dataset
act-001889,2026-06-28T14:46:00Z,View,key-1889,user002@contoso.example,ws-009,ds-0023,,,Dataset
act-001890,2026-06-28T03:45:00Z,View,key-1890,user118@contoso.example,ws-059,ds-0178,,,Dataset
act-001891,2026-06-10T06:24:00Z,ViewReport,key-1891,user140@contoso.example,ws-005,ds-0014,,,Dataset
act-001892,2026-06-20T00:55:00Z,View,key-1892,user040@contoso.example,ws-050,ds-0152,,,Dataset
act-001893,2026-06-15T03:16:00Z,ViewReport,key-1893,user147@contoso.example,ws-021,ds-0058,,,Dataset
act-001894,2026-06-25T08:30:00Z,ViewDashboard,key-1894,user053@contoso.example,ws-023,ds-0065,,,Dataset
act-001895,2026-06-21T09:49:00Z,View,key-1895,user133@contoso.example,ws-042,ds-0123,,,Dataset
act-001896,2026-06-18T18:13:00Z,View,key-1896,user021@contoso.example,ws-061,ds-0184,,,Dataset
act-001897,2026-06-13T20:47:00Z,ViewReport,key-1897,user135@contoso.example,ws-009,ds-0024,,,Dataset
act-001898,2026-06-22T15:51:00Z,View,key-1898,user081@contoso.example,ws-040,ds-0118,,,Dataset
act-001899,2026-06-17T21:03:00Z,View,key-1899,user021@contoso.example,ws-046,ds-0139,,,Dataset
act-001900,2026-06-26T19:26:00Z,View,key-1900,user018@contoso.example,ws-054,ds-0163,,,Dataset
act-001901,2026-06-29T22:28:00Z,ViewReport,key-1901,user008@contoso.example,ws-049,ds-0145,,,Dataset
act-001902,2026-06-28T10:12:00Z,View,key-1902,user108@contoso.example,ws-056,ds-0170,,,Dataset
act-001903,2026-06-01T11:20:00Z,ViewReport,key-1903,user077@contoso.example,ws-060,ds-0179,,,Dataset
act-001904,2026-06-02T04:58:00Z,ViewDashboard,key-1904,user137@contoso.example,ws-053,ds-0161,,,Dataset
act-001905,2026-06-25T09:59:00Z,ViewReport,key-1905,user138@contoso.example,ws-030,ds-0087,,,Dataset
act-001906,2026-06-25T14:27:00Z,View,key-1906,user145@contoso.example,ws-049,ds-0147,,,Dataset
act-001907,2026-06-28T03:40:00Z,View,key-1907,user024@contoso.example,ws-016,ds-0044,,,Dataset
act-001908,2026-06-08T01:31:00Z,View,key-1908,user054@contoso.example,ws-045,ds-0133,,,Dataset
act-001909,2026-06-04T16:44:00Z,View,key-1909,user149@contoso.example,ws-059,ds-0177,,,Dataset
act-001910,2026-06-30T09:06:00Z,ViewReport,key-1910,user067@contoso.example,ws-016,ds-0044,,,Dataset
act-001911,2026-06-11T18:45:00Z,View,key-1911,user095@contoso.example,ws-017,ds-0045,,,Dataset
act-001912,2026-06-23T16:03:00Z,View,key-1912,user082@contoso.example,ws-017,ds-0047,,,Dataset
act-001913,2026-06-27T15:04:00Z,ViewReport,key-1913,user046@contoso.example,ws-010,ds-0027,,,Dataset
act-001914,2026-06-26T22:29:00Z,ViewReport,key-1914,user086@contoso.example,ws-025,ds-0070,,,Dataset
act-001915,2026-06-04T09:38:00Z,View,key-1915,user106@contoso.example,ws-011,ds-0033,,,Dataset
act-001916,2026-06-07T04:31:00Z,View,key-1916,user053@contoso.example,ws-060,ds-0180,,,Dataset
act-001917,2026-06-04T14:16:00Z,RefreshDataset,key-1917,user009@contoso.example,ws-054,ds-0163,,,Dataset
act-001918,2026-06-05T16:47:00Z,View,key-1918,user098@contoso.example,ws-008,ds-0020,,,Dataset
act-001919,2026-06-01T20:54:00Z,View,key-1919,user076@contoso.example,ws-042,ds-0125,,,Dataset
act-001920,2026-06-09T06:13:00Z,ViewReport,key-1920,user001@contoso.example,ws-026,ds-0072,,,Dataset
act-001921,2026-06-06T20:56:00Z,ViewDashboard,key-1921,user054@contoso.example,ws-034,ds-0097,,,Dataset
act-001922,2026-06-08T23:23:00Z,View,key-1922,user104@contoso.example,ws-035,ds-0102,,,Dataset
act-001923,2026-06-21T05:37:00Z,ViewReport,key-1923,user127@contoso.example,ws-047,ds-0141,,,Dataset
act-001924,2026-06-02T05:21:00Z,View,key-1924,user023@contoso.example,ws-014,ds-0039,,,Dataset
act-001925,2026-06-09T21:40:00Z,View,key-1925,user090@contoso.example,ws-062,ds-0187,,,Dataset
act-001926,2026-06-28T03:30:00Z,ViewReport,key-1926,user098@contoso.example,ws-012,ds-0034,,,Dataset
act-001927,2026-06-30T16:23:00Z,View,key-1927,user080@contoso.example,ws-004,ds-0012,,,Dataset
act-001928,2026-06-18T11:10:00Z,View,key-1928,user037@contoso.example,ws-034,ds-0100,,,Dataset
act-001929,2026-06-27T23:15:00Z,View,key-1929,user121@contoso.example,ws-029,ds-0086,,,Dataset
act-001930,2026-06-05T05:16:00Z,Export,key-1930,user093@contoso.example,ws-004,ds-0010,,,Dataset
act-001931,2026-06-26T07:02:00Z,Export,key-1931,user030@contoso.example,ws-036,ds-0104,,,Dataset
act-001932,2026-06-08T19:01:00Z,View,key-1932,user136@contoso.example,ws-001,ds-0002,,,Dataset
act-001933,2026-06-30T19:08:00Z,View,key-1933,user043@contoso.example,ws-041,ds-0122,,,Dataset
act-001934,2026-06-07T08:03:00Z,View,key-1934,user096@contoso.example,ws-044,ds-0130,,,Dataset
act-001935,2026-06-14T17:50:00Z,View,key-1935,user086@contoso.example,ws-057,ds-0171,,,Dataset
act-001936,2026-06-12T11:25:00Z,View,key-1936,user143@contoso.example,ws-022,ds-0062,,,Dataset
act-001937,2026-06-03T16:49:00Z,View,key-1937,user054@contoso.example,ws-014,ds-0040,,,Dataset
act-001938,2026-06-20T18:49:00Z,View,key-1938,user100@contoso.example,ws-039,ds-0113,,,Dataset
act-001939,2026-06-19T17:02:00Z,Export,key-1939,user093@contoso.example,ws-004,ds-0012,,,Dataset
act-001940,2026-06-16T22:13:00Z,RefreshDataset,key-1940,user001@contoso.example,ws-019,ds-0052,,,Dataset
act-001941,2026-06-15T19:47:00Z,View,key-1941,user100@contoso.example,ws-011,ds-0033,,,Dataset
act-001942,2026-06-01T18:43:00Z,View,key-1942,user065@contoso.example,ws-026,ds-0074,,,Dataset
act-001943,2026-06-15T11:01:00Z,View,key-1943,user081@contoso.example,ws-010,ds-0027,,,Dataset
act-001944,2026-06-01T10:26:00Z,ViewReport,key-1944,user089@contoso.example,ws-058,ds-0174,,,Dataset
act-001945,2026-06-26T10:33:00Z,ViewReport,key-1945,user010@contoso.example,ws-051,ds-0153,,,Dataset
act-001946,2026-06-21T12:20:00Z,RefreshDataset,key-1946,user128@contoso.example,ws-046,ds-0137,,,Dataset
act-001947,2026-06-28T23:45:00Z,View,key-1947,user052@contoso.example,ws-061,ds-0183,,,Dataset
act-001948,2026-06-06T09:11:00Z,View,key-1948,user005@contoso.example,ws-004,ds-0011,,,Dataset
act-001949,2026-06-02T12:15:00Z,View,key-1949,user027@contoso.example,ws-059,ds-0177,,,Dataset
act-001950,2026-06-28T01:52:00Z,Export,key-1950,user121@contoso.example,ws-038,ds-0110,,,Dataset
act-001951,2026-06-27T03:47:00Z,View,key-1951,user062@contoso.example,ws-022,ds-0064,,,Dataset
act-001952,2026-06-11T18:05:00Z,ViewReport,key-1952,user024@contoso.example,ws-057,ds-0172,,,Dataset
act-001953,2026-06-28T09:45:00Z,ViewReport,key-1953,user040@contoso.example,ws-013,ds-0038,,,Dataset
act-001954,2026-06-18T12:06:00Z,ViewReport,key-1954,user056@contoso.example,ws-012,ds-0035,,,Dataset
act-001955,2026-06-06T17:26:00Z,Export,key-1955,user031@contoso.example,ws-058,ds-0174,,,Dataset
act-001956,2026-06-09T00:45:00Z,ViewReport,key-1956,user085@contoso.example,ws-012,ds-0034,,,Dataset
act-001957,2026-06-10T04:09:00Z,ViewReport,key-1957,user040@contoso.example,ws-024,ds-0067,,,Dataset
act-001958,2026-06-06T09:15:00Z,View,key-1958,user034@contoso.example,ws-002,ds-0006,,,Dataset
act-001959,2026-06-25T22:03:00Z,View,key-1959,user049@contoso.example,ws-001,ds-0004,,,Dataset
act-001960,2026-06-05T14:33:00Z,View,key-1960,user042@contoso.example,ws-051,ds-0155,,,Dataset
act-001961,2026-06-09T21:15:00Z,View,key-1961,user126@contoso.example,ws-029,ds-0086,,,Dataset
act-001962,2026-06-19T03:45:00Z,View,key-1962,user042@contoso.example,ws-021,ds-0060,,,Dataset
act-001963,2026-06-20T10:24:00Z,ViewReport,key-1963,user125@contoso.example,ws-011,ds-0030,,,Dataset
act-001964,2026-06-14T05:37:00Z,Export,key-1964,user133@contoso.example,ws-026,ds-0072,,,Dataset
act-001965,2026-06-09T13:47:00Z,ViewReport,key-1965,user074@contoso.example,ws-042,ds-0125,,,Dataset
act-001966,2026-06-02T17:48:00Z,Export,key-1966,user118@contoso.example,ws-051,ds-0153,,,Dataset
act-001967,2026-06-19T11:13:00Z,View,key-1967,user071@contoso.example,ws-034,ds-0097,,,Dataset
act-001968,2026-06-01T17:12:00Z,ViewReport,key-1968,user011@contoso.example,ws-001,ds-0001,,,Dataset
act-001969,2026-06-20T01:25:00Z,Export,key-1969,user061@contoso.example,ws-022,ds-0063,,,Dataset
act-001970,2026-06-13T01:08:00Z,RefreshDataset,key-1970,user032@contoso.example,ws-042,ds-0125,,,Dataset
act-001971,2026-06-24T10:27:00Z,ViewReport,key-1971,user042@contoso.example,ws-041,ds-0121,,,Dataset
act-001972,2026-06-14T02:31:00Z,View,key-1972,user038@contoso.example,ws-018,ds-0051,,,Dataset
act-001973,2026-06-10T10:51:00Z,ViewReport,key-1973,user147@contoso.example,ws-051,ds-0154,,,Dataset
act-001974,2026-06-16T22:28:00Z,View,key-1974,user047@contoso.example,ws-040,ds-0117,,,Dataset
act-001975,2026-06-23T09:12:00Z,View,key-1975,user072@contoso.example,ws-044,ds-0129,,,Dataset
act-001976,2026-06-14T05:38:00Z,View,key-1976,user042@contoso.example,ws-015,ds-0041,,,Dataset
act-001977,2026-06-17T07:12:00Z,ViewReport,key-1977,user022@contoso.example,ws-045,ds-0134,,,Dataset
act-001978,2026-06-07T16:59:00Z,View,key-1978,user042@contoso.example,ws-029,ds-0084,,,Dataset
act-001979,2026-06-07T10:38:00Z,View,key-1979,user125@contoso.example,ws-003,ds-0008,,,Dataset
act-001980,2026-06-22T00:49:00Z,Export,key-1980,user075@contoso.example,ws-050,ds-0149,,,Dataset
act-001981,2026-06-30T01:56:00Z,ViewReport,key-1981,user072@contoso.example,ws-061,ds-0185,,,Dataset
act-001982,2026-06-10T02:10:00Z,View,key-1982,user042@contoso.example,ws-028,ds-0080,,,Dataset
act-001983,2026-06-06T18:09:00Z,ViewReport,key-1983,user100@contoso.example,ws-023,ds-0065,,,Dataset
act-001984,2026-06-15T21:01:00Z,ViewReport,key-1984,user146@contoso.example,ws-045,ds-0134,,,Dataset
act-001985,2026-06-08T18:45:00Z,RefreshDataset,key-1985,user090@contoso.example,ws-021,ds-0059,,,Dataset
act-001986,2026-06-02T08:26:00Z,ViewReport,key-1986,user049@contoso.example,ws-015,ds-0041,,,Dataset
act-001987,2026-06-07T20:29:00Z,View,key-1987,user051@contoso.example,ws-026,ds-0072,,,Dataset
act-001988,2026-06-28T10:35:00Z,Export,key-1988,user060@contoso.example,ws-062,ds-0187,,,Dataset
act-001989,2026-06-07T22:33:00Z,View,key-1989,user150@contoso.example,ws-039,ds-0115,,,Dataset
act-001990,2026-06-12T19:05:00Z,RefreshDataset,key-1990,user006@contoso.example,ws-062,ds-0188,,,Dataset
act-001991,2026-06-11T07:48:00Z,View,key-1991,user069@contoso.example,ws-003,ds-0009,,,Dataset
act-001992,2026-06-11T17:30:00Z,View,key-1992,user016@contoso.example,ws-032,ds-0093,,,Dataset
act-001993,2026-06-17T22:11:00Z,ViewReport,key-1993,user123@contoso.example,ws-030,ds-0089,,,Dataset
act-001994,2026-06-05T07:11:00Z,ViewReport,key-1994,user004@contoso.example,ws-060,ds-0179,,,Dataset
act-001995,2026-06-01T15:00:00Z,View,key-1995,user018@contoso.example,ws-048,ds-0144,,,Dataset
act-001996,2026-06-18T13:38:00Z,View,key-1996,user077@contoso.example,ws-027,ds-0078,,,Dataset
act-001997,2026-06-13T21:29:00Z,View,key-1997,user090@contoso.example,ws-026,ds-0073,,,Dataset
act-001998,2026-06-06T23:39:00Z,View,key-1998,user064@contoso.example,ws-009,ds-0026,,,Dataset
act-001999,2026-06-24T11:41:00Z,Export,key-1999,user011@contoso.example,ws-034,ds-0098,,,Dataset
act-002000,2026-06-18T20:49:00Z,View,key-2000,user036@contoso.example,ws-034,ds-0098,,,Dataset
act-002001,2026-06-15T21:00:00Z,View,key-2001,user034@contoso.example,ws-017,ds-0045,,,Dataset
act-002002,2026-06-22T21:23:00Z,ViewReport,key-2002,user068@contoso.example,ws-054,ds-0163,,,Dataset
act-002003,2026-06-29T20:06:00Z,ViewReport,key-2003,user016@contoso.example,ws-010,ds-0029,,,Dataset
act-002004,2026-06-29T11:22:00Z,View,key-2004,user078@contoso.example,ws-037,ds-0106,,,Dataset
act-002005,2026-06-03T04:27:00Z,View,key-2005,user108@contoso.example,ws-056,ds-0169,,,Dataset
act-002006,2026-06-29T20:32:00Z,ViewReport,key-2006,user146@contoso.example,ws-003,ds-0007,,,Dataset
act-002007,2026-06-27T08:03:00Z,View,key-2007,user078@contoso.example,ws-028,ds-0081,,,Dataset
act-002008,2026-06-16T01:15:00Z,View,key-2008,user069@contoso.example,ws-019,ds-0052,,,Dataset
act-002009,2026-06-06T09:53:00Z,ViewReport,key-2009,user040@contoso.example,ws-029,ds-0084,,,Dataset
act-002010,2026-06-01T13:20:00Z,Export,key-2010,user058@contoso.example,ws-025,ds-0070,,,Dataset
act-002011,2026-06-05T13:40:00Z,View,key-2011,user057@contoso.example,ws-007,ds-0018,,,Dataset
act-002012,2026-06-10T01:44:00Z,RefreshDataset,key-2012,user054@contoso.example,ws-057,ds-0171,,,Dataset
act-002013,2026-06-16T02:22:00Z,Export,key-2013,user069@contoso.example,ws-014,ds-0039,,,Dataset
act-002014,2026-06-07T03:02:00Z,View,key-2014,user106@contoso.example,ws-051,ds-0156,,,Dataset
act-002015,2026-06-18T07:41:00Z,ViewReport,key-2015,user094@contoso.example,ws-003,ds-0008,,,Dataset
act-002016,2026-06-08T23:04:00Z,View,key-2016,user094@contoso.example,ws-018,ds-0048,,,Dataset
act-002017,2026-06-06T23:55:00Z,View,key-2017,user114@contoso.example,ws-036,ds-0103,,,Dataset
act-002018,2026-06-10T14:35:00Z,View,key-2018,user113@contoso.example,ws-041,ds-0119,,,Dataset
act-002019,2026-06-21T20:42:00Z,View,key-2019,user042@contoso.example,ws-034,ds-0098,,,Dataset
act-002020,2026-06-17T13:40:00Z,View,key-2020,user008@contoso.example,ws-021,ds-0060,,,Dataset
act-002021,2026-06-15T16:05:00Z,View,key-2021,user018@contoso.example,ws-062,ds-0189,,,Dataset
act-002022,2026-06-24T01:06:00Z,View,key-2022,user075@contoso.example,ws-012,ds-0035,,,Dataset
act-002023,2026-06-17T00:23:00Z,ViewReport,key-2023,user077@contoso.example,ws-035,ds-0101,,,Dataset
act-002024,2026-06-05T03:07:00Z,View,key-2024,user006@contoso.example,ws-044,ds-0131,,,Dataset
act-002025,2026-06-01T08:16:00Z,View,key-2025,user014@contoso.example,ws-050,ds-0150,,,Dataset
act-002026,2026-06-22T23:03:00Z,View,key-2026,user050@contoso.example,ws-039,ds-0113,,,Dataset
act-002027,2026-06-23T02:46:00Z,RefreshDataset,key-2027,user045@contoso.example,ws-027,ds-0076,,,Dataset
act-002028,2026-06-01T09:36:00Z,View,key-2028,user107@contoso.example,ws-051,ds-0154,,,Dataset
act-002029,2026-06-10T01:56:00Z,View,key-2029,user019@contoso.example,ws-024,ds-0068,,,Dataset
act-002030,2026-06-02T14:02:00Z,ViewReport,key-2030,user053@contoso.example,ws-057,ds-0172,,,Dataset
act-002031,2026-06-03T00:51:00Z,View,key-2031,user003@contoso.example,ws-031,ds-0090,,,Dataset
act-002032,2026-06-07T02:23:00Z,View,key-2032,user117@contoso.example,ws-062,ds-0187,,,Dataset
act-002033,2026-06-18T10:02:00Z,View,key-2033,user111@contoso.example,ws-034,ds-0100,,,Dataset
act-002034,2026-06-15T11:41:00Z,View,key-2034,user068@contoso.example,ws-011,ds-0030,,,Dataset
act-002035,2026-06-17T07:22:00Z,View,key-2035,user006@contoso.example,ws-007,ds-0019,,,Dataset
act-002036,2026-06-19T11:07:00Z,ViewReport,key-2036,user118@contoso.example,ws-024,ds-0069,,,Dataset
act-002037,2026-06-16T01:43:00Z,View,key-2037,user059@contoso.example,ws-014,ds-0040,,,Dataset
act-002038,2026-06-18T12:07:00Z,ViewDashboard,key-2038,user032@contoso.example,ws-010,ds-0027,,,Dataset
act-002039,2026-06-04T02:58:00Z,View,key-2039,user121@contoso.example,ws-061,ds-0182,,,Dataset
act-002040,2026-06-28T03:16:00Z,ViewReport,key-2040,user050@contoso.example,ws-019,ds-0054,,,Dataset
act-002041,2026-06-09T03:02:00Z,View,key-2041,user108@contoso.example,ws-035,ds-0101,,,Dataset
act-002042,2026-06-11T00:40:00Z,ViewDashboard,key-2042,user128@contoso.example,ws-023,ds-0066,,,Dataset
act-002043,2026-06-06T10:22:00Z,View,key-2043,user010@contoso.example,ws-020,ds-0056,,,Dataset
act-002044,2026-06-16T06:31:00Z,View,key-2044,user002@contoso.example,ws-008,ds-0020,,,Dataset
act-002045,2026-06-15T04:20:00Z,View,key-2045,user079@contoso.example,ws-062,ds-0188,,,Dataset
act-002046,2026-06-11T23:47:00Z,View,key-2046,user006@contoso.example,ws-017,ds-0046,,,Dataset
act-002047,2026-06-18T16:27:00Z,ViewReport,key-2047,user110@contoso.example,ws-061,ds-0185,,,Dataset
act-002048,2026-06-22T18:08:00Z,ViewReport,key-2048,user059@contoso.example,ws-028,ds-0082,,,Dataset
act-002049,2026-06-27T07:26:00Z,View,key-2049,user004@contoso.example,ws-004,ds-0010,,,Dataset
act-002050,2026-06-30T18:47:00Z,ViewReport,key-2050,user061@contoso.example,ws-056,ds-0168,,,Dataset
act-002051,2026-06-26T02:53:00Z,ViewDashboard,key-2051,user069@contoso.example,ws-050,ds-0152,,,Dataset
act-002052,2026-06-25T01:01:00Z,ViewReport,key-2052,user130@contoso.example,ws-051,ds-0153,,,Dataset
act-002053,2026-06-04T05:53:00Z,Export,key-2053,user116@contoso.example,ws-061,ds-0185,,,Dataset
act-002054,2026-06-23T03:50:00Z,View,key-2054,user048@contoso.example,ws-050,ds-0151,,,Dataset
act-002055,2026-06-17T16:28:00Z,ViewReport,key-2055,user086@contoso.example,ws-028,ds-0079,,,Dataset
act-002056,2026-06-23T18:55:00Z,ViewReport,key-2056,user092@contoso.example,ws-023,ds-0066,,,Dataset
act-002057,2026-06-09T20:12:00Z,ViewReport,key-2057,user012@contoso.example,ws-027,ds-0077,,,Dataset
act-002058,2026-06-05T12:27:00Z,ViewReport,key-2058,user123@contoso.example,ws-024,ds-0067,,,Dataset
act-002059,2026-06-08T17:59:00Z,View,key-2059,user101@contoso.example,ws-061,ds-0182,,,Dataset
act-002060,2026-06-27T13:57:00Z,View,key-2060,user022@contoso.example,ws-026,ds-0072,,,Dataset
act-002061,2026-06-02T10:04:00Z,View,key-2061,user035@contoso.example,ws-016,ds-0044,,,Dataset
act-002062,2026-06-23T14:09:00Z,View,key-2062,user110@contoso.example,ws-025,ds-0070,,,Dataset
act-002063,2026-06-16T15:31:00Z,View,key-2063,user099@contoso.example,ws-053,ds-0159,,,Dataset
act-002064,2026-06-15T14:32:00Z,View,key-2064,user001@contoso.example,ws-007,ds-0018,,,Dataset
act-002065,2026-06-17T22:57:00Z,View,key-2065,user014@contoso.example,ws-012,ds-0035,,,Dataset
act-002066,2026-06-17T19:50:00Z,ViewReport,key-2066,user022@contoso.example,ws-021,ds-0058,,,Dataset
act-002067,2026-06-23T22:55:00Z,View,key-2067,user025@contoso.example,ws-020,ds-0057,,,Dataset
act-002068,2026-06-12T14:36:00Z,View,key-2068,user047@contoso.example,ws-017,ds-0046,,,Dataset
act-002069,2026-06-22T07:50:00Z,View,key-2069,user100@contoso.example,ws-038,ds-0111,,,Dataset
act-002070,2026-06-21T05:01:00Z,View,key-2070,user039@contoso.example,ws-008,ds-0022,,,Dataset
act-002071,2026-06-19T10:46:00Z,ViewReport,key-2071,user098@contoso.example,ws-011,ds-0030,,,Dataset
act-002072,2026-06-21T12:03:00Z,View,key-2072,user108@contoso.example,ws-058,ds-0175,,,Dataset
act-002073,2026-06-19T13:49:00Z,ViewDashboard,key-2073,user006@contoso.example,ws-010,ds-0029,,,Dataset
act-002074,2026-06-18T08:00:00Z,View,key-2074,user007@contoso.example,ws-058,ds-0173,,,Dataset
act-002075,2026-06-24T18:11:00Z,ViewReport,key-2075,user123@contoso.example,ws-056,ds-0169,,,Dataset
act-002076,2026-06-13T15:13:00Z,View,key-2076,user136@contoso.example,ws-037,ds-0106,,,Dataset
act-002077,2026-06-14T07:56:00Z,View,key-2077,user150@contoso.example,ws-019,ds-0053,,,Dataset
act-002078,2026-06-20T20:22:00Z,View,key-2078,user104@contoso.example,ws-004,ds-0012,,,Dataset
act-002079,2026-06-21T15:27:00Z,ViewReport,key-2079,user088@contoso.example,ws-001,ds-0003,,,Dataset
act-002080,2026-06-12T00:33:00Z,View,key-2080,user010@contoso.example,ws-055,ds-0166,,,Dataset
act-002081,2026-06-11T01:43:00Z,View,key-2081,user056@contoso.example,ws-051,ds-0156,,,Dataset
act-002082,2026-06-02T13:40:00Z,View,key-2082,user013@contoso.example,ws-053,ds-0160,,,Dataset
act-002083,2026-06-23T22:37:00Z,ViewReport,key-2083,user090@contoso.example,ws-044,ds-0130,,,Dataset
act-002084,2026-06-12T13:59:00Z,View,key-2084,user020@contoso.example,ws-027,ds-0076,,,Dataset
act-002085,2026-06-19T18:47:00Z,ViewReport,key-2085,user033@contoso.example,ws-026,ds-0074,,,Dataset
act-002086,2026-06-09T06:26:00Z,View,key-2086,user096@contoso.example,ws-006,ds-0017,,,Dataset
act-002087,2026-06-01T22:11:00Z,ViewReport,key-2087,user150@contoso.example,ws-051,ds-0153,,,Dataset
act-002088,2026-06-20T01:28:00Z,View,key-2088,user031@contoso.example,ws-036,ds-0103,,,Dataset
act-002089,2026-06-25T20:32:00Z,ViewReport,key-2089,user080@contoso.example,ws-010,ds-0029,,,Dataset
act-002090,2026-06-20T17:13:00Z,View,key-2090,user068@contoso.example,ws-037,ds-0106,,,Dataset
act-002091,2026-06-20T00:15:00Z,ViewReport,key-2091,user024@contoso.example,ws-012,ds-0035,,,Dataset
act-002092,2026-06-15T14:17:00Z,ViewReport,key-2092,user024@contoso.example,ws-049,ds-0145,,,Dataset
act-002093,2026-06-04T15:27:00Z,View,key-2093,user006@contoso.example,ws-039,ds-0113,,,Dataset
act-002094,2026-06-23T21:50:00Z,View,key-2094,user127@contoso.example,ws-004,ds-0011,,,Dataset
act-002095,2026-06-11T20:55:00Z,ViewReport,key-2095,user027@contoso.example,ws-018,ds-0051,,,Dataset
act-002096,2026-06-11T14:22:00Z,RefreshDataset,key-2096,user034@contoso.example,ws-055,ds-0166,,,Dataset
act-002097,2026-06-29T05:39:00Z,View,key-2097,user138@contoso.example,ws-029,ds-0083,,,Dataset
act-002098,2026-06-08T17:25:00Z,RefreshDataset,key-2098,user150@contoso.example,ws-004,ds-0010,,,Dataset
act-002099,2026-06-02T06:27:00Z,View,key-2099,user110@contoso.example,ws-043,ds-0127,,,Dataset
act-002100,2026-06-15T11:56:00Z,View,key-2100,user095@contoso.example,ws-035,ds-0102,,,Dataset
act-002101,2026-06-28T06:49:00Z,RefreshDataset,key-2101,user081@contoso.example,ws-029,ds-0084,,,Dataset
act-002102,2026-06-08T08:42:00Z,ViewDashboard,key-2102,user127@contoso.example,ws-060,ds-0179,,,Dataset
act-002103,2026-06-10T06:38:00Z,View,key-2103,user133@contoso.example,ws-012,ds-0035,,,Dataset
act-002104,2026-06-04T05:03:00Z,View,key-2104,user007@contoso.example,ws-040,ds-0118,,,Dataset
act-002105,2026-06-07T15:34:00Z,Export,key-2105,user030@contoso.example,ws-009,ds-0023,,,Dataset
act-002106,2026-06-01T07:40:00Z,ViewReport,key-2106,user002@contoso.example,ws-013,ds-0037,,,Dataset
act-002107,2026-06-17T04:54:00Z,View,key-2107,user025@contoso.example,ws-022,ds-0062,,,Dataset
act-002108,2026-06-27T12:00:00Z,ViewReport,key-2108,user007@contoso.example,ws-051,ds-0153,,,Dataset
act-002109,2026-06-19T14:22:00Z,ViewReport,key-2109,user137@contoso.example,ws-043,ds-0126,,,Dataset
act-002110,2026-06-26T11:07:00Z,View,key-2110,user145@contoso.example,ws-036,ds-0103,,,Dataset
act-002111,2026-06-01T15:56:00Z,View,key-2111,user069@contoso.example,ws-035,ds-0102,,,Dataset
act-002112,2026-06-29T19:03:00Z,View,key-2112,user074@contoso.example,ws-026,ds-0072,,,Dataset
act-002113,2026-06-24T21:45:00Z,ViewReport,key-2113,user112@contoso.example,ws-036,ds-0103,,,Dataset
act-002114,2026-06-21T04:08:00Z,View,key-2114,user120@contoso.example,ws-059,ds-0177,,,Dataset
act-002115,2026-06-23T14:08:00Z,View,key-2115,user088@contoso.example,ws-038,ds-0111,,,Dataset
act-002116,2026-06-09T20:50:00Z,View,key-2116,user098@contoso.example,ws-004,ds-0010,,,Dataset
act-002117,2026-06-01T23:54:00Z,View,key-2117,user078@contoso.example,ws-017,ds-0047,,,Dataset
act-002118,2026-06-28T13:22:00Z,View,key-2118,user037@contoso.example,ws-061,ds-0185,,,Dataset
act-002119,2026-06-29T02:45:00Z,View,key-2119,user099@contoso.example,ws-046,ds-0136,,,Dataset
act-002120,2026-06-18T16:51:00Z,RefreshDataset,key-2120,user148@contoso.example,ws-036,ds-0103,,,Dataset
act-002121,2026-06-29T06:54:00Z,ViewReport,key-2121,user116@contoso.example,ws-018,ds-0050,,,Dataset
act-002122,2026-06-09T11:12:00Z,ViewDashboard,key-2122,user137@contoso.example,ws-051,ds-0156,,,Dataset
act-002123,2026-06-02T05:14:00Z,View,key-2123,user113@contoso.example,ws-046,ds-0139,,,Dataset
act-002124,2026-06-14T02:50:00Z,View,key-2124,user066@contoso.example,ws-055,ds-0164,,,Dataset
act-002125,2026-06-08T23:45:00Z,ViewReport,key-2125,user113@contoso.example,ws-021,ds-0058,,,Dataset
act-002126,2026-06-29T07:24:00Z,ViewReport,key-2126,user016@contoso.example,ws-055,ds-0165,,,Dataset
act-002127,2026-06-17T10:28:00Z,View,key-2127,user120@contoso.example,ws-030,ds-0087,,,Dataset
act-002128,2026-06-20T09:28:00Z,ViewReport,key-2128,user027@contoso.example,ws-035,ds-0101,,,Dataset
act-002129,2026-06-17T22:13:00Z,View,key-2129,user147@contoso.example,ws-056,ds-0168,,,Dataset
act-002130,2026-06-01T00:10:00Z,RefreshDataset,key-2130,user043@contoso.example,ws-026,ds-0074,,,Dataset
act-002131,2026-06-21T15:34:00Z,View,key-2131,user052@contoso.example,ws-030,ds-0088,,,Dataset
act-002132,2026-06-10T12:46:00Z,View,key-2132,user018@contoso.example,ws-056,ds-0169,,,Dataset
act-002133,2026-06-26T05:07:00Z,View,key-2133,user002@contoso.example,ws-038,ds-0110,,,Dataset
act-002134,2026-06-27T16:59:00Z,View,key-2134,user023@contoso.example,ws-051,ds-0156,,,Dataset
act-002135,2026-06-01T12:57:00Z,Export,key-2135,user130@contoso.example,ws-038,ds-0110,,,Dataset
act-002136,2026-06-29T19:28:00Z,ViewReport,key-2136,user080@contoso.example,ws-044,ds-0129,,,Dataset
act-002137,2026-06-05T23:23:00Z,View,key-2137,user034@contoso.example,ws-037,ds-0108,,,Dataset
act-002138,2026-06-25T18:13:00Z,ViewReport,key-2138,user065@contoso.example,ws-048,ds-0143,,,Dataset
act-002139,2026-06-23T20:58:00Z,ViewReport,key-2139,user077@contoso.example,ws-004,ds-0011,,,Dataset
act-002140,2026-06-24T09:40:00Z,View,key-2140,user060@contoso.example,ws-030,ds-0087,,,Dataset
act-002141,2026-06-29T18:35:00Z,View,key-2141,user051@contoso.example,ws-036,ds-0103,,,Dataset
act-002142,2026-06-24T08:24:00Z,ViewReport,key-2142,user006@contoso.example,ws-034,ds-0100,,,Dataset
act-002143,2026-06-17T03:16:00Z,ViewReport,key-2143,user101@contoso.example,ws-027,ds-0076,,,Dataset
act-002144,2026-06-02T04:38:00Z,View,key-2144,user085@contoso.example,ws-061,ds-0183,,,Dataset
act-002145,2026-06-08T05:43:00Z,ViewReport,key-2145,user058@contoso.example,ws-048,ds-0143,,,Dataset
act-002146,2026-06-28T02:22:00Z,RefreshDataset,key-2146,user006@contoso.example,ws-056,ds-0170,,,Dataset
act-002147,2026-06-16T00:29:00Z,ViewReport,key-2147,user027@contoso.example,ws-051,ds-0154,,,Dataset
act-002148,2026-06-20T01:50:00Z,ViewReport,key-2148,user128@contoso.example,ws-027,ds-0075,,,Dataset
act-002149,2026-06-17T13:01:00Z,View,key-2149,user132@contoso.example,ws-008,ds-0020,,,Dataset
act-002150,2026-06-23T20:51:00Z,RefreshDataset,key-2150,user062@contoso.example,ws-021,ds-0058,,,Dataset
act-002151,2026-06-30T08:51:00Z,View,key-2151,user136@contoso.example,ws-028,ds-0082,,,Dataset
act-002152,2026-06-05T19:41:00Z,View,key-2152,user023@contoso.example,ws-023,ds-0065,,,Dataset
act-002153,2026-06-17T06:12:00Z,View,key-2153,user028@contoso.example,ws-044,ds-0128,,,Dataset
act-002154,2026-06-10T20:31:00Z,View,key-2154,user090@contoso.example,ws-061,ds-0182,,,Dataset
act-002155,2026-06-01T14:51:00Z,View,key-2155,user035@contoso.example,ws-028,ds-0079,,,Dataset
act-002156,2026-06-02T06:38:00Z,ViewReport,key-2156,user016@contoso.example,ws-032,ds-0092,,,Dataset
act-002157,2026-06-21T22:51:00Z,View,key-2157,user110@contoso.example,ws-006,ds-0015,,,Dataset
act-002158,2026-06-15T14:55:00Z,View,key-2158,user009@contoso.example,ws-029,ds-0086,,,Dataset
act-002159,2026-06-25T10:12:00Z,View,key-2159,user099@contoso.example,ws-028,ds-0082,,,Dataset
act-002160,2026-06-23T01:41:00Z,View,key-2160,user116@contoso.example,ws-020,ds-0057,,,Dataset
act-002161,2026-06-07T06:24:00Z,View,key-2161,user065@contoso.example,ws-007,ds-0018,,,Dataset
act-002162,2026-06-16T08:05:00Z,ViewReport,key-2162,user024@contoso.example,ws-032,ds-0092,,,Dataset
act-002163,2026-06-27T13:47:00Z,View,key-2163,user081@contoso.example,ws-021,ds-0058,,,Dataset
act-002164,2026-06-14T13:45:00Z,ViewReport,key-2164,user131@contoso.example,ws-006,ds-0017,,,Dataset
act-002165,2026-06-29T22:10:00Z,View,key-2165,user062@contoso.example,ws-060,ds-0180,,,Dataset
act-002166,2026-06-14T09:34:00Z,View,key-2166,user136@contoso.example,ws-030,ds-0088,,,Dataset
act-002167,2026-06-06T22:28:00Z,View,key-2167,user127@contoso.example,ws-058,ds-0175,,,Dataset
act-002168,2026-06-16T06:03:00Z,View,key-2168,user101@contoso.example,ws-034,ds-0100,,,Dataset
act-002169,2026-06-01T02:31:00Z,View,key-2169,user023@contoso.example,ws-057,ds-0172,,,Dataset
act-002170,2026-06-20T12:19:00Z,Export,key-2170,user016@contoso.example,ws-003,ds-0007,,,Dataset
act-002171,2026-06-02T23:37:00Z,View,key-2171,user131@contoso.example,ws-014,ds-0040,,,Dataset
act-002172,2026-06-26T06:57:00Z,View,key-2172,user110@contoso.example,ws-058,ds-0174,,,Dataset
act-002173,2026-06-27T04:28:00Z,View,key-2173,user143@contoso.example,ws-045,ds-0134,,,Dataset
act-002174,2026-06-16T15:30:00Z,View,key-2174,user001@contoso.example,ws-034,ds-0098,,,Dataset
act-002175,2026-06-05T07:19:00Z,ViewReport,key-2175,user073@contoso.example,ws-041,ds-0121,,,Dataset
act-002176,2026-06-12T03:56:00Z,View,key-2176,user002@contoso.example,ws-018,ds-0050,,,Dataset
act-002177,2026-06-25T04:34:00Z,ViewReport,key-2177,user108@contoso.example,ws-055,ds-0166,,,Dataset
act-002178,2026-06-27T11:51:00Z,ViewReport,key-2178,user088@contoso.example,ws-055,ds-0166,,,Dataset
act-002179,2026-06-06T18:14:00Z,View,key-2179,user093@contoso.example,ws-057,ds-0171,,,Dataset
act-002180,2026-06-13T05:29:00Z,ViewReport,key-2180,user088@contoso.example,ws-033,ds-0095,,,Dataset
act-002181,2026-06-22T08:00:00Z,ViewReport,key-2181,user150@contoso.example,ws-021,ds-0060,,,Dataset
act-002182,2026-06-21T16:48:00Z,View,key-2182,user115@contoso.example,ws-049,ds-0147,,,Dataset
act-002183,2026-06-12T19:22:00Z,View,key-2183,user077@contoso.example,ws-029,ds-0085,,,Dataset
act-002184,2026-06-21T05:11:00Z,View,key-2184,user149@contoso.example,ws-058,ds-0176,,,Dataset
act-002185,2026-06-09T14:02:00Z,View,key-2185,user067@contoso.example,ws-029,ds-0085,,,Dataset
act-002186,2026-06-16T12:22:00Z,Export,key-2186,user052@contoso.example,ws-044,ds-0130,,,Dataset
act-002187,2026-06-20T21:49:00Z,Export,key-2187,user003@contoso.example,ws-061,ds-0182,,,Dataset
act-002188,2026-06-03T17:46:00Z,View,key-2188,user043@contoso.example,ws-056,ds-0168,,,Dataset
act-002189,2026-06-27T14:03:00Z,Export,key-2189,user131@contoso.example,ws-025,ds-0070,,,Dataset
act-002190,2026-06-18T10:57:00Z,View,key-2190,user133@contoso.example,ws-062,ds-0186,,,Dataset
act-002191,2026-06-15T02:54:00Z,ViewReport,key-2191,user133@contoso.example,ws-031,ds-0091,,,Dataset
act-002192,2026-06-08T08:41:00Z,ViewReport,key-2192,user058@contoso.example,ws-055,ds-0167,,,Dataset
act-002193,2026-06-01T04:52:00Z,ViewReport,key-2193,user120@contoso.example,ws-050,ds-0150,,,Dataset
act-002194,2026-06-29T22:15:00Z,View,key-2194,user070@contoso.example,ws-047,ds-0141,,,Dataset
act-002195,2026-06-28T05:51:00Z,View,key-2195,user067@contoso.example,ws-026,ds-0072,,,Dataset
act-002196,2026-06-27T17:48:00Z,View,key-2196,user109@contoso.example,ws-001,ds-0002,,,Dataset
act-002197,2026-06-17T16:24:00Z,ViewReport,key-2197,user143@contoso.example,ws-060,ds-0180,,,Dataset
act-002198,2026-06-21T19:02:00Z,ViewReport,key-2198,user103@contoso.example,ws-046,ds-0139,,,Dataset
act-002199,2026-06-07T08:42:00Z,View,key-2199,user079@contoso.example,ws-017,ds-0045,,,Dataset
act-002200,2026-06-15T14:06:00Z,View,key-2200,user141@contoso.example,ws-010,ds-0029,,,Dataset
act-002201,2026-06-15T06:30:00Z,View,key-2201,user105@contoso.example,ws-046,ds-0138,,,Dataset
act-002202,2026-06-04T12:10:00Z,ViewReport,key-2202,user055@contoso.example,ws-006,ds-0017,,,Dataset
act-002203,2026-06-13T15:54:00Z,View,key-2203,user136@contoso.example,ws-008,ds-0022,,,Dataset
act-002204,2026-06-24T15:12:00Z,View,key-2204,user056@contoso.example,ws-006,ds-0017,,,Dataset
act-002205,2026-06-29T02:36:00Z,ViewReport,key-2205,user102@contoso.example,ws-059,ds-0177,,,Dataset
act-002206,2026-06-14T13:55:00Z,View,key-2206,user044@contoso.example,ws-061,ds-0184,,,Dataset
act-002207,2026-06-10T23:43:00Z,View,key-2207,user140@contoso.example,ws-056,ds-0170,,,Dataset
act-002208,2026-06-17T23:36:00Z,ViewReport,key-2208,user123@contoso.example,ws-055,ds-0165,,,Dataset
act-002209,2026-06-29T12:11:00Z,View,key-2209,user036@contoso.example,ws-062,ds-0189,,,Dataset
act-002210,2026-06-06T09:29:00Z,ViewDashboard,key-2210,user047@contoso.example,ws-049,ds-0146,,,Dataset
act-002211,2026-06-05T08:31:00Z,ViewReport,key-2211,user142@contoso.example,ws-036,ds-0104,,,Dataset
act-002212,2026-06-14T14:02:00Z,View,key-2212,user101@contoso.example,ws-058,ds-0176,,,Dataset
act-002213,2026-06-27T14:05:00Z,View,key-2213,user147@contoso.example,ws-055,ds-0164,,,Dataset
act-002214,2026-06-12T14:39:00Z,View,key-2214,user138@contoso.example,ws-013,ds-0037,,,Dataset
act-002215,2026-06-12T22:11:00Z,ViewDashboard,key-2215,user039@contoso.example,ws-018,ds-0050,,,Dataset
act-002216,2026-06-20T16:03:00Z,ViewReport,key-2216,user049@contoso.example,ws-003,ds-0007,,,Dataset
act-002217,2026-06-10T02:14:00Z,View,key-2217,user088@contoso.example,ws-039,ds-0114,,,Dataset
act-002218,2026-06-09T04:18:00Z,ViewReport,key-2218,user025@contoso.example,ws-042,ds-0123,,,Dataset
act-002219,2026-06-03T11:56:00Z,View,key-2219,user048@contoso.example,ws-028,ds-0081,,,Dataset
act-002220,2026-06-28T05:04:00Z,View,key-2220,user145@contoso.example,ws-048,ds-0143,,,Dataset
act-002221,2026-06-11T02:28:00Z,ViewReport,key-2221,user001@contoso.example,ws-009,ds-0024,,,Dataset
act-002222,2026-06-15T00:27:00Z,View,key-2222,user110@contoso.example,ws-040,ds-0117,,,Dataset
act-002223,2026-06-22T19:12:00Z,View,key-2223,user101@contoso.example,ws-011,ds-0030,,,Dataset
act-002224,2026-06-29T09:20:00Z,View,key-2224,user050@contoso.example,ws-022,ds-0063,,,Dataset
act-002225,2026-06-13T09:10:00Z,View,key-2225,user003@contoso.example,ws-031,ds-0090,,,Dataset
act-002226,2026-06-28T07:23:00Z,View,key-2226,user045@contoso.example,ws-022,ds-0063,,,Dataset
act-002227,2026-06-27T23:05:00Z,View,key-2227,user087@contoso.example,ws-003,ds-0009,,,Dataset
act-002228,2026-06-10T22:25:00Z,View,key-2228,user018@contoso.example,ws-040,ds-0116,,,Dataset
act-002229,2026-06-10T18:37:00Z,ViewReport,key-2229,user147@contoso.example,ws-057,ds-0172,,,Dataset
act-002230,2026-06-25T14:30:00Z,View,key-2230,user123@contoso.example,ws-004,ds-0011,,,Dataset
act-002231,2026-06-01T11:27:00Z,ViewReport,key-2231,user033@contoso.example,ws-046,ds-0137,,,Dataset
act-002232,2026-06-12T17:12:00Z,View,key-2232,user069@contoso.example,ws-018,ds-0048,,,Dataset
act-002233,2026-06-26T06:21:00Z,View,key-2233,user050@contoso.example,ws-028,ds-0079,,,Dataset
act-002234,2026-06-26T12:55:00Z,ViewReport,key-2234,user132@contoso.example,ws-041,ds-0121,,,Dataset
act-002235,2026-06-22T07:27:00Z,View,key-2235,user108@contoso.example,ws-044,ds-0129,,,Dataset
act-002236,2026-06-21T09:42:00Z,ViewReport,key-2236,user149@contoso.example,ws-028,ds-0080,,,Dataset
act-002237,2026-06-17T03:01:00Z,View,key-2237,user050@contoso.example,ws-056,ds-0170,,,Dataset
act-002238,2026-06-25T04:50:00Z,Export,key-2238,user050@contoso.example,ws-037,ds-0106,,,Dataset
act-002239,2026-06-19T04:40:00Z,View,key-2239,user006@contoso.example,ws-003,ds-0007,,,Dataset
act-002240,2026-06-09T04:55:00Z,View,key-2240,user036@contoso.example,ws-050,ds-0149,,,Dataset
act-002241,2026-06-25T02:05:00Z,ViewReport,key-2241,user069@contoso.example,ws-052,ds-0158,,,Dataset
act-002242,2026-06-15T08:13:00Z,ViewReport,key-2242,user088@contoso.example,ws-055,ds-0165,,,Dataset
act-002243,2026-06-02T13:38:00Z,View,key-2243,user044@contoso.example,ws-056,ds-0170,,,Dataset
act-002244,2026-06-02T18:37:00Z,View,key-2244,user123@contoso.example,ws-062,ds-0189,,,Dataset
act-002245,2026-06-05T03:06:00Z,RefreshDataset,key-2245,user056@contoso.example,ws-012,ds-0036,,,Dataset
act-002246,2026-06-17T04:46:00Z,ViewReport,key-2246,user050@contoso.example,ws-050,ds-0152,,,Dataset
act-002247,2026-06-19T19:56:00Z,View,key-2247,user001@contoso.example,ws-004,ds-0011,,,Dataset
act-002248,2026-06-25T21:49:00Z,ViewDashboard,key-2248,user090@contoso.example,ws-058,ds-0174,,,Dataset
act-002249,2026-06-10T15:27:00Z,View,key-2249,user016@contoso.example,ws-008,ds-0021,,,Dataset
act-002250,2026-06-24T20:24:00Z,View,key-2250,user061@contoso.example,ws-045,ds-0132,,,Dataset
act-002251,2026-06-02T09:46:00Z,View,key-2251,user084@contoso.example,ws-003,ds-0008,,,Dataset
act-002252,2026-06-22T22:17:00Z,View,key-2252,user021@contoso.example,ws-037,ds-0108,,,Dataset
act-002253,2026-06-26T22:49:00Z,View,key-2253,user071@contoso.example,ws-019,ds-0052,,,Dataset
act-002254,2026-06-07T07:26:00Z,RefreshDataset,key-2254,user127@contoso.example,ws-001,ds-0001,,,Dataset
act-002255,2026-06-09T06:11:00Z,ViewReport,key-2255,user028@contoso.example,ws-010,ds-0027,,,Dataset
act-002256,2026-06-04T11:17:00Z,View,key-2256,user034@contoso.example,ws-049,ds-0148,,,Dataset
act-002257,2026-06-19T02:48:00Z,View,key-2257,user028@contoso.example,ws-058,ds-0175,,,Dataset
act-002258,2026-06-20T12:53:00Z,ViewReport,key-2258,user013@contoso.example,ws-053,ds-0160,,,Dataset
act-002259,2026-06-20T02:15:00Z,View,key-2259,user126@contoso.example,ws-034,ds-0098,,,Dataset
act-002260,2026-06-21T13:20:00Z,View,key-2260,user005@contoso.example,ws-060,ds-0180,,,Dataset
act-002261,2026-06-30T11:36:00Z,View,key-2261,user053@contoso.example,ws-027,ds-0078,,,Dataset
act-002262,2026-06-26T12:01:00Z,ViewDashboard,key-2262,user020@contoso.example,ws-049,ds-0146,,,Dataset
act-002263,2026-06-14T16:00:00Z,ViewReport,key-2263,user088@contoso.example,ws-010,ds-0028,,,Dataset
act-002264,2026-06-29T21:13:00Z,View,key-2264,user099@contoso.example,ws-037,ds-0107,,,Dataset
act-002265,2026-06-10T06:38:00Z,View,key-2265,user051@contoso.example,ws-027,ds-0077,,,Dataset
act-002266,2026-06-21T08:57:00Z,View,key-2266,user033@contoso.example,ws-051,ds-0156,,,Dataset
act-002267,2026-06-02T00:54:00Z,View,key-2267,user030@contoso.example,ws-050,ds-0150,,,Dataset
act-002268,2026-06-12T06:21:00Z,ViewReport,key-2268,user008@contoso.example,ws-019,ds-0052,,,Dataset
act-002269,2026-06-12T07:11:00Z,ViewDashboard,key-2269,user045@contoso.example,ws-030,ds-0089,,,Dataset
act-002270,2026-06-30T09:43:00Z,View,key-2270,user144@contoso.example,ws-048,ds-0144,,,Dataset
act-002271,2026-06-21T22:52:00Z,View,key-2271,user077@contoso.example,ws-046,ds-0139,,,Dataset
act-002272,2026-06-20T15:02:00Z,View,key-2272,user142@contoso.example,ws-024,ds-0068,,,Dataset
act-002273,2026-06-29T22:21:00Z,View,key-2273,user025@contoso.example,ws-029,ds-0083,,,Dataset
act-002274,2026-06-22T12:36:00Z,View,key-2274,user073@contoso.example,ws-062,ds-0188,,,Dataset
act-002275,2026-06-02T10:57:00Z,Export,key-2275,user075@contoso.example,ws-055,ds-0164,,,Dataset
act-002276,2026-06-04T02:58:00Z,View,key-2276,user095@contoso.example,ws-055,ds-0164,,,Dataset
act-002277,2026-06-07T18:06:00Z,View,key-2277,user132@contoso.example,ws-053,ds-0161,,,Dataset
act-002278,2026-06-21T18:04:00Z,View,key-2278,user103@contoso.example,ws-059,ds-0178,,,Dataset
act-002279,2026-06-16T14:43:00Z,ViewReport,key-2279,user093@contoso.example,ws-003,ds-0007,,,Dataset
act-002280,2026-06-05T02:32:00Z,ViewReport,key-2280,user097@contoso.example,ws-029,ds-0086,,,Dataset
act-002281,2026-06-17T22:02:00Z,ViewReport,key-2281,user049@contoso.example,ws-024,ds-0067,,,Dataset
act-002282,2026-06-20T08:09:00Z,View,key-2282,user132@contoso.example,ws-050,ds-0152,,,Dataset
act-002283,2026-06-22T21:33:00Z,ViewDashboard,key-2283,user084@contoso.example,ws-050,ds-0151,,,Dataset
act-002284,2026-06-25T17:53:00Z,View,key-2284,user132@contoso.example,ws-054,ds-0163,,,Dataset
act-002285,2026-06-26T06:38:00Z,ViewReport,key-2285,user140@contoso.example,ws-061,ds-0184,,,Dataset
act-002286,2026-06-02T06:30:00Z,View,key-2286,user121@contoso.example,ws-003,ds-0007,,,Dataset
act-002287,2026-06-07T02:09:00Z,View,key-2287,user142@contoso.example,ws-005,ds-0014,,,Dataset
act-002288,2026-06-26T17:26:00Z,ViewReport,key-2288,user079@contoso.example,ws-049,ds-0146,,,Dataset
act-002289,2026-06-17T11:13:00Z,View,key-2289,user065@contoso.example,ws-059,ds-0178,,,Dataset
act-002290,2026-06-17T14:35:00Z,ViewReport,key-2290,user066@contoso.example,ws-008,ds-0020,,,Dataset
act-002291,2026-06-01T23:37:00Z,ViewReport,key-2291,user031@contoso.example,ws-031,ds-0090,,,Dataset
act-002292,2026-06-30T08:00:00Z,View,key-2292,user019@contoso.example,ws-028,ds-0082,,,Dataset
act-002293,2026-06-18T03:15:00Z,ViewReport,key-2293,user099@contoso.example,ws-061,ds-0182,,,Dataset
act-002294,2026-06-03T15:56:00Z,View,key-2294,user071@contoso.example,ws-003,ds-0009,,,Dataset
act-002295,2026-06-17T11:19:00Z,ViewReport,key-2295,user035@contoso.example,ws-062,ds-0187,,,Dataset
act-002296,2026-06-22T06:42:00Z,View,key-2296,user027@contoso.example,ws-023,ds-0065,,,Dataset
act-002297,2026-06-01T23:37:00Z,ViewReport,key-2297,user043@contoso.example,ws-026,ds-0073,,,Dataset
act-002298,2026-06-11T10:56:00Z,ViewReport,key-2298,user099@contoso.example,ws-022,ds-0064,,,Dataset
act-002299,2026-06-05T10:53:00Z,View,key-2299,user070@contoso.example,ws-032,ds-0093,,,Dataset
act-002300,2026-06-09T03:59:00Z,ViewReport,key-2300,user145@contoso.example,ws-014,ds-0040,,,Dataset
act-002301,2026-06-18T14:03:00Z,RefreshDataset,key-2301,user015@contoso.example,ws-006,ds-0017,,,Dataset
act-002302,2026-06-20T06:42:00Z,View,key-2302,user038@contoso.example,ws-012,ds-0034,,,Dataset
act-002303,2026-06-19T08:06:00Z,ViewReport,key-2303,user029@contoso.example,ws-044,ds-0128,,,Dataset
act-002304,2026-06-04T03:56:00Z,View,key-2304,user060@contoso.example,ws-028,ds-0079,,,Dataset
act-002305,2026-06-06T08:48:00Z,View,key-2305,user104@contoso.example,ws-060,ds-0181,,,Dataset
act-002306,2026-06-24T10:59:00Z,RefreshDataset,key-2306,user106@contoso.example,ws-012,ds-0035,,,Dataset
act-002307,2026-06-27T02:08:00Z,View,key-2307,user106@contoso.example,ws-011,ds-0032,,,Dataset
act-002308,2026-06-23T18:19:00Z,View,key-2308,user016@contoso.example,ws-045,ds-0133,,,Dataset
act-002309,2026-06-01T02:04:00Z,ViewReport,key-2309,user057@contoso.example,ws-016,ds-0043,,,Dataset
act-002310,2026-06-23T00:07:00Z,View,key-2310,user098@contoso.example,ws-037,ds-0108,,,Dataset
act-002311,2026-06-11T11:40:00Z,ViewReport,key-2311,user063@contoso.example,ws-034,ds-0100,,,Dataset
act-002312,2026-06-06T07:35:00Z,ViewReport,key-2312,user050@contoso.example,ws-062,ds-0187,,,Dataset
act-002313,2026-06-13T16:19:00Z,View,key-2313,user079@contoso.example,ws-009,ds-0026,,,Dataset
act-002314,2026-06-10T12:57:00Z,View,key-2314,user130@contoso.example,ws-016,ds-0044,,,Dataset
act-002315,2026-06-01T23:31:00Z,ViewReport,key-2315,user015@contoso.example,ws-024,ds-0068,,,Dataset
act-002316,2026-06-11T06:32:00Z,ViewDashboard,key-2316,user147@contoso.example,ws-058,ds-0173,,,Dataset
act-002317,2026-06-25T20:00:00Z,ViewReport,key-2317,user095@contoso.example,ws-030,ds-0088,,,Dataset
act-002318,2026-06-01T19:48:00Z,ViewDashboard,key-2318,user042@contoso.example,ws-062,ds-0187,,,Dataset
act-002319,2026-06-17T20:04:00Z,View,key-2319,user102@contoso.example,ws-039,ds-0112,,,Dataset
act-002320,2026-06-05T10:28:00Z,View,key-2320,user007@contoso.example,ws-043,ds-0126,,,Dataset
act-002321,2026-06-23T16:31:00Z,View,key-2321,user032@contoso.example,ws-018,ds-0048,,,Dataset
act-002322,2026-06-02T11:37:00Z,RefreshDataset,key-2322,user090@contoso.example,ws-008,ds-0021,,,Dataset
act-002323,2026-06-24T14:57:00Z,View,key-2323,user022@contoso.example,ws-049,ds-0147,,,Dataset
act-002324,2026-06-12T10:21:00Z,View,key-2324,user092@contoso.example,ws-009,ds-0024,,,Dataset
act-002325,2026-06-23T11:10:00Z,View,key-2325,user064@contoso.example,ws-053,ds-0160,,,Dataset
act-002326,2026-06-21T10:08:00Z,View,key-2326,user051@contoso.example,ws-012,ds-0036,,,Dataset
act-002327,2026-06-05T17:19:00Z,View,key-2327,user135@contoso.example,ws-013,ds-0037,,,Dataset
act-002328,2026-06-16T20:42:00Z,View,key-2328,user016@contoso.example,ws-016,ds-0044,,,Dataset
act-002329,2026-06-22T05:01:00Z,ViewReport,key-2329,user118@contoso.example,ws-014,ds-0040,,,Dataset
act-002330,2026-06-06T12:20:00Z,ViewReport,key-2330,user063@contoso.example,ws-010,ds-0028,,,Dataset
act-002331,2026-06-24T08:09:00Z,View,key-2331,user086@contoso.example,ws-003,ds-0009,,,Dataset
act-002332,2026-06-27T15:33:00Z,ViewDashboard,key-2332,user063@contoso.example,ws-010,ds-0029,,,Dataset
act-002333,2026-06-04T09:23:00Z,View,key-2333,user096@contoso.example,ws-034,ds-0098,,,Dataset
act-002334,2026-06-08T01:13:00Z,Export,key-2334,user072@contoso.example,ws-006,ds-0016,,,Dataset
act-002335,2026-06-28T02:14:00Z,View,key-2335,user029@contoso.example,ws-002,ds-0005,,,Dataset
act-002336,2026-06-07T02:18:00Z,View,key-2336,user079@contoso.example,ws-038,ds-0109,,,Dataset
act-002337,2026-06-06T02:18:00Z,View,key-2337,user123@contoso.example,ws-022,ds-0064,,,Dataset
act-002338,2026-06-17T21:55:00Z,View,key-2338,user096@contoso.example,ws-058,ds-0174,,,Dataset
act-002339,2026-06-11T21:58:00Z,View,key-2339,user035@contoso.example,ws-052,ds-0158,,,Dataset
act-002340,2026-06-29T15:30:00Z,RefreshDataset,key-2340,user033@contoso.example,ws-003,ds-0007,,,Dataset
act-002341,2026-06-14T01:47:00Z,View,key-2341,user103@contoso.example,ws-028,ds-0079,,,Dataset
act-002342,2026-06-20T20:30:00Z,View,key-2342,user133@contoso.example,ws-052,ds-0157,,,Dataset
act-002343,2026-06-30T14:44:00Z,View,key-2343,user112@contoso.example,ws-018,ds-0048,,,Dataset
act-002344,2026-06-21T09:04:00Z,View,key-2344,user004@contoso.example,ws-006,ds-0017,,,Dataset
act-002345,2026-06-28T14:44:00Z,ViewReport,key-2345,user098@contoso.example,ws-039,ds-0112,,,Dataset
act-002346,2026-06-15T05:44:00Z,ViewReport,key-2346,user049@contoso.example,ws-039,ds-0115,,,Dataset
act-002347,2026-06-07T18:26:00Z,View,key-2347,user011@contoso.example,ws-044,ds-0130,,,Dataset
act-002348,2026-06-15T03:58:00Z,ViewReport,key-2348,user073@contoso.example,ws-010,ds-0028,,,Dataset
act-002349,2026-06-16T10:03:00Z,RefreshDataset,key-2349,user092@contoso.example,ws-056,ds-0169,,,Dataset
act-002350,2026-06-21T05:08:00Z,View,key-2350,user037@contoso.example,ws-004,ds-0012,,,Dataset
act-002351,2026-06-29T15:52:00Z,ViewReport,key-2351,user037@contoso.example,ws-001,ds-0003,,,Dataset
act-002352,2026-06-05T22:23:00Z,ViewReport,key-2352,user061@contoso.example,ws-049,ds-0146,,,Dataset
act-002353,2026-06-21T22:58:00Z,View,key-2353,user142@contoso.example,ws-012,ds-0036,,,Dataset
act-002354,2026-06-03T09:14:00Z,View,key-2354,user020@contoso.example,ws-019,ds-0055,,,Dataset
act-002355,2026-06-14T12:47:00Z,Export,key-2355,user121@contoso.example,ws-053,ds-0160,,,Dataset
act-002356,2026-06-10T21:19:00Z,View,key-2356,user011@contoso.example,ws-037,ds-0106,,,Dataset
act-002357,2026-06-16T03:07:00Z,ViewDashboard,key-2357,user149@contoso.example,ws-051,ds-0155,,,Dataset
act-002358,2026-06-11T02:50:00Z,View,key-2358,user127@contoso.example,ws-010,ds-0029,,,Dataset
act-002359,2026-06-18T14:08:00Z,View,key-2359,user051@contoso.example,ws-022,ds-0062,,,Dataset
act-002360,2026-06-16T03:20:00Z,View,key-2360,user133@contoso.example,ws-055,ds-0166,,,Dataset
act-002361,2026-06-13T00:11:00Z,View,key-2361,user054@contoso.example,ws-036,ds-0103,,,Dataset
act-002362,2026-06-13T05:46:00Z,View,key-2362,user131@contoso.example,ws-027,ds-0078,,,Dataset
act-002363,2026-06-18T23:18:00Z,View,key-2363,user149@contoso.example,ws-061,ds-0183,,,Dataset
act-002364,2026-06-28T06:28:00Z,ViewReport,key-2364,user119@contoso.example,ws-007,ds-0018,,,Dataset
act-002365,2026-06-21T17:31:00Z,Export,key-2365,user133@contoso.example,ws-030,ds-0089,,,Dataset
act-002366,2026-06-22T00:22:00Z,ViewReport,key-2366,user017@contoso.example,ws-055,ds-0166,,,Dataset
act-002367,2026-06-03T15:33:00Z,ViewReport,key-2367,user072@contoso.example,ws-024,ds-0067,,,Dataset
act-002368,2026-06-02T01:09:00Z,View,key-2368,user067@contoso.example,ws-062,ds-0188,,,Dataset
act-002369,2026-06-25T16:38:00Z,View,key-2369,user079@contoso.example,ws-023,ds-0066,,,Dataset
act-002370,2026-06-30T07:28:00Z,ViewReport,key-2370,user104@contoso.example,ws-051,ds-0156,,,Dataset
act-002371,2026-06-13T13:03:00Z,View,key-2371,user102@contoso.example,ws-026,ds-0074,,,Dataset
act-002372,2026-06-26T23:29:00Z,View,key-2372,user135@contoso.example,ws-011,ds-0030,,,Dataset
act-002373,2026-06-03T13:04:00Z,View,key-2373,user126@contoso.example,ws-045,ds-0135,,,Dataset
act-002374,2026-06-23T14:41:00Z,View,key-2374,user115@contoso.example,ws-020,ds-0057,,,Dataset
act-002375,2026-06-15T09:37:00Z,View,key-2375,user133@contoso.example,ws-037,ds-0107,,,Dataset
act-002376,2026-06-24T09:23:00Z,View,key-2376,user061@contoso.example,ws-060,ds-0180,,,Dataset
act-002377,2026-06-23T07:41:00Z,ViewReport,key-2377,user133@contoso.example,ws-054,ds-0163,,,Dataset
act-002378,2026-06-27T16:06:00Z,View,key-2378,user084@contoso.example,ws-028,ds-0082,,,Dataset
act-002379,2026-06-28T09:07:00Z,ViewReport,key-2379,user071@contoso.example,ws-019,ds-0055,,,Dataset
act-002380,2026-06-21T20:22:00Z,ViewReport,key-2380,user117@contoso.example,ws-030,ds-0088,,,Dataset
act-002381,2026-06-21T00:46:00Z,ViewReport,key-2381,user016@contoso.example,ws-040,ds-0118,,,Dataset
act-002382,2026-06-16T14:41:00Z,ViewReport,key-2382,user096@contoso.example,ws-006,ds-0015,,,Dataset
act-002383,2026-06-11T06:01:00Z,View,key-2383,user051@contoso.example,ws-002,ds-0006,,,Dataset
act-002384,2026-06-04T08:06:00Z,View,key-2384,user090@contoso.example,ws-014,ds-0039,,,Dataset
act-002385,2026-06-19T05:06:00Z,View,key-2385,user142@contoso.example,ws-055,ds-0164,,,Dataset
act-002386,2026-06-12T12:28:00Z,View,key-2386,user014@contoso.example,ws-059,ds-0177,,,Dataset
act-002387,2026-06-12T11:21:00Z,RefreshDataset,key-2387,user042@contoso.example,ws-055,ds-0166,,,Dataset
act-002388,2026-06-11T03:31:00Z,View,key-2388,user137@contoso.example,ws-041,ds-0121,,,Dataset
act-002389,2026-06-12T13:20:00Z,RefreshDataset,key-2389,user104@contoso.example,ws-014,ds-0040,,,Dataset
act-002390,2026-06-10T04:48:00Z,View,key-2390,user079@contoso.example,ws-025,ds-0070,,,Dataset
act-002391,2026-06-05T16:47:00Z,ViewReport,key-2391,user007@contoso.example,ws-012,ds-0035,,,Dataset
act-002392,2026-06-06T04:03:00Z,View,key-2392,user108@contoso.example,ws-025,ds-0071,,,Dataset
act-002393,2026-06-10T18:25:00Z,View,key-2393,user097@contoso.example,ws-004,ds-0011,,,Dataset
act-002394,2026-06-11T05:45:00Z,ViewDashboard,key-2394,user028@contoso.example,ws-006,ds-0016,,,Dataset
act-002395,2026-06-24T08:32:00Z,View,key-2395,user106@contoso.example,ws-041,ds-0119,,,Dataset
act-002396,2026-06-15T07:28:00Z,View,key-2396,user015@contoso.example,ws-016,ds-0044,,,Dataset
act-002397,2026-06-19T07:10:00Z,ViewReport,key-2397,user088@contoso.example,ws-011,ds-0031,,,Dataset
act-002398,2026-06-13T23:53:00Z,View,key-2398,user046@contoso.example,ws-053,ds-0160,,,Dataset
act-002399,2026-06-02T11:46:00Z,View,key-2399,user089@contoso.example,ws-001,ds-0001,,,Dataset
act-002400,2026-06-02T12:57:00Z,View,key-2400,user030@contoso.example,ws-049,ds-0146,,,Dataset
act-002401,2026-06-22T23:49:00Z,RefreshDataset,key-2401,user134@contoso.example,ws-029,ds-0086,,,Dataset
act-002402,2026-06-09T08:42:00Z,View,key-2402,user102@contoso.example,ws-031,ds-0090,,,Dataset
act-002403,2026-06-09T18:58:00Z,View,key-2403,user007@contoso.example,ws-024,ds-0068,,,Dataset
act-002404,2026-06-26T01:50:00Z,View,key-2404,user138@contoso.example,ws-058,ds-0174,,,Dataset
act-002405,2026-06-19T12:31:00Z,ViewReport,key-2405,user077@contoso.example,ws-036,ds-0104,,,Dataset
act-002406,2026-06-02T13:09:00Z,RefreshDataset,key-2406,user025@contoso.example,ws-022,ds-0063,,,Dataset
act-002407,2026-06-27T11:07:00Z,ViewDashboard,key-2407,user120@contoso.example,ws-060,ds-0179,,,Dataset
act-002408,2026-06-11T03:38:00Z,View,key-2408,user046@contoso.example,ws-034,ds-0097,,,Dataset
act-002409,2026-06-29T18:26:00Z,View,key-2409,user111@contoso.example,ws-003,ds-0008,,,Dataset
act-002410,2026-06-12T07:05:00Z,ViewReport,key-2410,user055@contoso.example,ws-025,ds-0070,,,Dataset
act-002411,2026-06-09T05:11:00Z,View,key-2411,user012@contoso.example,ws-003,ds-0009,,,Dataset
act-002412,2026-06-29T09:13:00Z,ViewReport,key-2412,user012@contoso.example,ws-008,ds-0021,,,Dataset
act-002413,2026-06-30T14:29:00Z,View,key-2413,user144@contoso.example,ws-016,ds-0044,,,Dataset
act-002414,2026-06-15T08:39:00Z,Export,key-2414,user130@contoso.example,ws-051,ds-0153,,,Dataset
act-002415,2026-06-19T06:46:00Z,View,key-2415,user076@contoso.example,ws-036,ds-0103,,,Dataset
act-002416,2026-06-06T17:46:00Z,View,key-2416,user125@contoso.example,ws-035,ds-0102,,,Dataset
act-002417,2026-06-25T12:56:00Z,ViewReport,key-2417,user136@contoso.example,ws-059,ds-0177,,,Dataset
act-002418,2026-06-15T06:57:00Z,ViewReport,key-2418,user133@contoso.example,ws-044,ds-0129,,,Dataset
act-002419,2026-06-02T03:06:00Z,ViewReport,key-2419,user009@contoso.example,ws-006,ds-0017,,,Dataset
act-002420,2026-06-21T11:11:00Z,RefreshDataset,key-2420,user039@contoso.example,ws-058,ds-0176,,,Dataset
act-002421,2026-06-07T16:14:00Z,RefreshDataset,key-2421,user043@contoso.example,ws-032,ds-0094,,,Dataset
act-002422,2026-06-05T06:29:00Z,View,key-2422,user070@contoso.example,ws-043,ds-0127,,,Dataset
act-002423,2026-06-10T16:51:00Z,View,key-2423,user062@contoso.example,ws-003,ds-0008,,,Dataset
act-002424,2026-06-21T05:16:00Z,View,key-2424,user103@contoso.example,ws-026,ds-0072,,,Dataset
act-002425,2026-06-18T08:26:00Z,View,key-2425,user029@contoso.example,ws-003,ds-0009,,,Dataset
act-002426,2026-06-30T22:10:00Z,View,key-2426,user094@contoso.example,ws-037,ds-0108,,,Dataset
act-002427,2026-06-11T20:19:00Z,View,key-2427,user064@contoso.example,ws-012,ds-0034,,,Dataset
act-002428,2026-06-07T21:37:00Z,View,key-2428,user034@contoso.example,ws-049,ds-0147,,,Dataset
act-002429,2026-06-04T09:42:00Z,View,key-2429,user099@contoso.example,ws-034,ds-0098,,,Dataset
act-002430,2026-06-20T23:48:00Z,View,key-2430,user098@contoso.example,ws-003,ds-0009,,,Dataset
act-002431,2026-06-03T01:09:00Z,Export,key-2431,user094@contoso.example,ws-052,ds-0157,,,Dataset
act-002432,2026-06-09T09:05:00Z,ViewReport,key-2432,user068@contoso.example,ws-050,ds-0151,,,Dataset
act-002433,2026-06-07T15:29:00Z,View,key-2433,user107@contoso.example,ws-003,ds-0009,,,Dataset
act-002434,2026-06-15T01:21:00Z,View,key-2434,user106@contoso.example,ws-001,ds-0003,,,Dataset
act-002435,2026-06-25T05:15:00Z,ViewReport,key-2435,user071@contoso.example,ws-040,ds-0116,,,Dataset
act-002436,2026-06-13T21:17:00Z,ViewDashboard,key-2436,user102@contoso.example,ws-029,ds-0084,,,Dataset
act-002437,2026-06-01T09:34:00Z,Export,key-2437,user022@contoso.example,ws-032,ds-0092,,,Dataset
act-002438,2026-06-19T18:02:00Z,View,key-2438,user101@contoso.example,ws-036,ds-0104,,,Dataset
act-002439,2026-06-24T07:11:00Z,ViewReport,key-2439,user125@contoso.example,ws-018,ds-0048,,,Dataset
act-002440,2026-06-20T02:48:00Z,View,key-2440,user126@contoso.example,ws-011,ds-0030,,,Dataset
act-002441,2026-06-17T10:07:00Z,View,key-2441,user044@contoso.example,ws-017,ds-0047,,,Dataset
act-002442,2026-06-22T14:11:00Z,View,key-2442,user075@contoso.example,ws-050,ds-0149,,,Dataset
act-002443,2026-06-05T04:08:00Z,View,key-2443,user090@contoso.example,ws-051,ds-0156,,,Dataset
act-002444,2026-06-08T17:16:00Z,View,key-2444,user085@contoso.example,ws-007,ds-0019,,,Dataset
act-002445,2026-06-26T15:59:00Z,View,key-2445,user104@contoso.example,ws-034,ds-0100,,,Dataset
act-002446,2026-06-12T21:31:00Z,View,key-2446,user067@contoso.example,ws-015,ds-0042,,,Dataset
act-002447,2026-06-28T11:53:00Z,Export,key-2447,user134@contoso.example,ws-045,ds-0134,,,Dataset
act-002448,2026-06-28T07:27:00Z,View,key-2448,user150@contoso.example,ws-038,ds-0111,,,Dataset
act-002449,2026-06-18T06:15:00Z,View,key-2449,user132@contoso.example,ws-056,ds-0170,,,Dataset
act-002450,2026-06-07T23:52:00Z,View,key-2450,user056@contoso.example,ws-018,ds-0050,,,Dataset
act-002451,2026-06-13T20:07:00Z,ViewReport,key-2451,user148@contoso.example,ws-031,ds-0091,,,Dataset
act-002452,2026-06-06T12:26:00Z,View,key-2452,user133@contoso.example,ws-045,ds-0134,,,Dataset
act-002453,2026-06-01T17:01:00Z,View,key-2453,user107@contoso.example,ws-042,ds-0124,,,Dataset
act-002454,2026-06-11T07:03:00Z,View,key-2454,user037@contoso.example,ws-003,ds-0007,,,Dataset
act-002455,2026-06-16T11:00:00Z,View,key-2455,user105@contoso.example,ws-052,ds-0158,,,Dataset
act-002456,2026-06-22T00:17:00Z,Export,key-2456,user040@contoso.example,ws-041,ds-0121,,,Dataset
act-002457,2026-06-18T01:15:00Z,View,key-2457,user023@contoso.example,ws-020,ds-0057,,,Dataset
act-002458,2026-06-09T04:43:00Z,View,key-2458,user121@contoso.example,ws-010,ds-0029,,,Dataset
act-002459,2026-06-10T14:52:00Z,View,key-2459,user146@contoso.example,ws-017,ds-0046,,,Dataset
act-002460,2026-06-08T18:11:00Z,View,key-2460,user105@contoso.example,ws-054,ds-0162,,,Dataset
act-002461,2026-06-24T22:32:00Z,View,key-2461,user147@contoso.example,ws-053,ds-0160,,,Dataset
act-002462,2026-06-11T08:10:00Z,ViewReport,key-2462,user033@contoso.example,ws-044,ds-0128,,,Dataset
act-002463,2026-06-20T07:46:00Z,ViewReport,key-2463,user102@contoso.example,ws-062,ds-0187,,,Dataset
act-002464,2026-06-24T18:55:00Z,View,key-2464,user080@contoso.example,ws-044,ds-0131,,,Dataset
act-002465,2026-06-01T21:30:00Z,ViewReport,key-2465,user132@contoso.example,ws-017,ds-0045,,,Dataset
act-002466,2026-06-03T19:53:00Z,ViewReport,key-2466,user027@contoso.example,ws-030,ds-0089,,,Dataset
act-002467,2026-06-21T21:26:00Z,ViewReport,key-2467,user007@contoso.example,ws-008,ds-0020,,,Dataset
act-002468,2026-06-19T16:52:00Z,View,key-2468,user144@contoso.example,ws-003,ds-0008,,,Dataset
act-002469,2026-06-24T01:16:00Z,ViewReport,key-2469,user060@contoso.example,ws-002,ds-0005,,,Dataset
act-002470,2026-06-13T23:11:00Z,View,key-2470,user069@contoso.example,ws-039,ds-0113,,,Dataset
act-002471,2026-06-25T09:21:00Z,View,key-2471,user093@contoso.example,ws-011,ds-0033,,,Dataset
act-002472,2026-06-20T08:08:00Z,View,key-2472,user035@contoso.example,ws-034,ds-0100,,,Dataset
act-002473,2026-06-23T22:45:00Z,View,key-2473,user048@contoso.example,ws-060,ds-0181,,,Dataset
act-002474,2026-06-29T04:06:00Z,ViewDashboard,key-2474,user061@contoso.example,ws-028,ds-0081,,,Dataset
act-002475,2026-06-05T10:03:00Z,View,key-2475,user149@contoso.example,ws-009,ds-0025,,,Dataset
act-002476,2026-06-07T05:36:00Z,View,key-2476,user025@contoso.example,ws-039,ds-0114,,,Dataset
act-002477,2026-06-03T22:42:00Z,View,key-2477,user018@contoso.example,ws-035,ds-0102,,,Dataset
act-002478,2026-06-14T00:34:00Z,View,key-2478,user076@contoso.example,ws-036,ds-0103,,,Dataset
act-002479,2026-06-27T18:50:00Z,Export,key-2479,user058@contoso.example,ws-029,ds-0084,,,Dataset
act-002480,2026-06-07T18:27:00Z,ViewReport,key-2480,user002@contoso.example,ws-038,ds-0110,,,Dataset
act-002481,2026-06-24T10:52:00Z,View,key-2481,user039@contoso.example,ws-041,ds-0119,,,Dataset
act-002482,2026-06-21T18:25:00Z,ViewReport,key-2482,user123@contoso.example,ws-035,ds-0102,,,Dataset
act-002483,2026-06-03T21:05:00Z,View,key-2483,user035@contoso.example,ws-045,ds-0132,,,Dataset
act-002484,2026-06-22T00:29:00Z,View,key-2484,user147@contoso.example,ws-014,ds-0040,,,Dataset
act-002485,2026-06-04T18:45:00Z,View,key-2485,user103@contoso.example,ws-009,ds-0023,,,Dataset
act-002486,2026-06-11T11:55:00Z,ViewReport,key-2486,user056@contoso.example,ws-005,ds-0014,,,Dataset
act-002487,2026-06-14T18:44:00Z,Export,key-2487,user088@contoso.example,ws-057,ds-0171,,,Dataset
act-002488,2026-06-29T02:24:00Z,Export,key-2488,user108@contoso.example,ws-040,ds-0118,,,Dataset
act-002489,2026-06-21T11:22:00Z,ViewReport,key-2489,user149@contoso.example,ws-053,ds-0159,,,Dataset
act-002490,2026-06-03T19:24:00Z,View,key-2490,user104@contoso.example,ws-037,ds-0106,,,Dataset
act-002491,2026-06-02T23:11:00Z,View,key-2491,user071@contoso.example,ws-012,ds-0036,,,Dataset
act-002492,2026-06-10T18:45:00Z,ViewReport,key-2492,user089@contoso.example,ws-049,ds-0147,,,Dataset
act-002493,2026-06-22T03:54:00Z,View,key-2493,user002@contoso.example,ws-027,ds-0075,,,Dataset
act-002494,2026-06-24T08:12:00Z,View,key-2494,user040@contoso.example,ws-058,ds-0175,,,Dataset
act-002495,2026-06-10T19:06:00Z,View,key-2495,user051@contoso.example,ws-037,ds-0108,,,Dataset
act-002496,2026-06-04T15:29:00Z,ViewReport,key-2496,user070@contoso.example,ws-041,ds-0121,,,Dataset
act-002497,2026-06-05T05:09:00Z,Export,key-2497,user078@contoso.example,ws-009,ds-0026,,,Dataset
act-002498,2026-06-05T20:06:00Z,ViewReport,key-2498,user123@contoso.example,ws-061,ds-0184,,,Dataset
act-002499,2026-06-07T16:05:00Z,ViewReport,key-2499,user148@contoso.example,ws-057,ds-0172,,,Dataset
act-002500,2026-06-01T07:16:00Z,View,key-2500,user117@contoso.example,ws-039,ds-0114,,,Dataset
act-002501,2026-06-11T03:02:00Z,View,key-2501,user094@contoso.example,ws-056,ds-0170,,,Dataset
act-002502,2026-06-18T07:46:00Z,View,key-2502,user130@contoso.example,ws-048,ds-0144,,,Dataset
act-002503,2026-06-24T06:15:00Z,View,key-2503,user007@contoso.example,ws-016,ds-0044,,,Dataset
act-002504,2026-06-10T10:13:00Z,ViewDashboard,key-2504,user023@contoso.example,ws-062,ds-0189,,,Dataset
act-002505,2026-06-07T10:41:00Z,ViewReport,key-2505,user076@contoso.example,ws-038,ds-0110,,,Dataset
act-002506,2026-06-08T02:44:00Z,ViewDashboard,key-2506,user017@contoso.example,ws-039,ds-0113,,,Dataset
act-002507,2026-06-29T12:14:00Z,ViewReport,key-2507,user067@contoso.example,ws-018,ds-0051,,,Dataset
act-002508,2026-06-15T20:05:00Z,View,key-2508,user067@contoso.example,ws-060,ds-0180,,,Dataset
act-002509,2026-06-28T06:15:00Z,ViewReport,key-2509,user043@contoso.example,ws-055,ds-0164,,,Dataset
act-002510,2026-06-11T09:06:00Z,ViewReport,key-2510,user140@contoso.example,ws-042,ds-0125,,,Dataset
act-002511,2026-06-19T04:44:00Z,View,key-2511,user102@contoso.example,ws-058,ds-0173,,,Dataset
act-002512,2026-06-30T17:08:00Z,RefreshDataset,key-2512,user066@contoso.example,ws-049,ds-0146,,,Dataset
act-002513,2026-06-11T17:44:00Z,View,key-2513,user132@contoso.example,ws-004,ds-0011,,,Dataset
act-002514,2026-06-30T09:22:00Z,View,key-2514,user143@contoso.example,ws-040,ds-0118,,,Dataset
act-002515,2026-06-14T18:43:00Z,ViewReport,key-2515,user132@contoso.example,ws-009,ds-0026,,,Dataset
act-002516,2026-06-03T13:47:00Z,View,key-2516,user076@contoso.example,ws-017,ds-0046,,,Dataset
act-002517,2026-06-20T19:12:00Z,RefreshDataset,key-2517,user083@contoso.example,ws-010,ds-0028,,,Dataset
act-002518,2026-06-08T23:26:00Z,View,key-2518,user056@contoso.example,ws-030,ds-0087,,,Dataset
act-002519,2026-06-30T16:27:00Z,ViewReport,key-2519,user107@contoso.example,ws-010,ds-0029,,,Dataset
act-002520,2026-06-15T22:18:00Z,View,key-2520,user026@contoso.example,ws-034,ds-0099,,,Dataset
act-002521,2026-06-14T00:20:00Z,View,key-2521,user116@contoso.example,ws-025,ds-0070,,,Dataset
act-002522,2026-06-22T00:30:00Z,ViewReport,key-2522,user061@contoso.example,ws-057,ds-0172,,,Dataset
act-002523,2026-06-13T15:05:00Z,View,key-2523,user067@contoso.example,ws-011,ds-0033,,,Dataset
act-002524,2026-06-16T00:26:00Z,ViewReport,key-2524,user096@contoso.example,ws-051,ds-0156,,,Dataset
act-002525,2026-06-08T02:11:00Z,View,key-2525,user136@contoso.example,ws-010,ds-0028,,,Dataset
act-002526,2026-06-27T19:19:00Z,ViewReport,key-2526,user100@contoso.example,ws-001,ds-0001,,,Dataset
act-002527,2026-06-20T14:08:00Z,View,key-2527,user037@contoso.example,ws-051,ds-0153,,,Dataset
act-002528,2026-06-28T01:17:00Z,View,key-2528,user044@contoso.example,ws-009,ds-0023,,,Dataset
act-002529,2026-06-20T06:04:00Z,ViewReport,key-2529,user028@contoso.example,ws-052,ds-0158,,,Dataset
act-002530,2026-06-21T12:56:00Z,View,key-2530,user116@contoso.example,ws-039,ds-0114,,,Dataset
act-002531,2026-06-11T23:44:00Z,View,key-2531,user067@contoso.example,ws-048,ds-0143,,,Dataset
act-002532,2026-06-16T08:00:00Z,ViewReport,key-2532,user037@contoso.example,ws-011,ds-0030,,,Dataset
act-002533,2026-06-21T11:22:00Z,Export,key-2533,user116@contoso.example,ws-022,ds-0064,,,Dataset
act-002534,2026-06-11T10:51:00Z,View,key-2534,user027@contoso.example,ws-001,ds-0001,,,Dataset
act-002535,2026-06-14T03:18:00Z,View,key-2535,user070@contoso.example,ws-060,ds-0181,,,Dataset
act-002536,2026-06-02T07:38:00Z,View,key-2536,user097@contoso.example,ws-041,ds-0120,,,Dataset
act-002537,2026-06-16T10:18:00Z,View,key-2537,user015@contoso.example,ws-030,ds-0089,,,Dataset
act-002538,2026-06-19T09:05:00Z,View,key-2538,user016@contoso.example,ws-024,ds-0067,,,Dataset
act-002539,2026-06-20T11:25:00Z,View,key-2539,user015@contoso.example,ws-018,ds-0051,,,Dataset
act-002540,2026-06-07T16:21:00Z,View,key-2540,user130@contoso.example,ws-055,ds-0166,,,Dataset
act-002541,2026-06-25T16:11:00Z,View,key-2541,user054@contoso.example,ws-018,ds-0049,,,Dataset
act-002542,2026-06-05T19:39:00Z,View,key-2542,user056@contoso.example,ws-038,ds-0110,,,Dataset
act-002543,2026-06-29T09:12:00Z,View,key-2543,user094@contoso.example,ws-032,ds-0092,,,Dataset
act-002544,2026-06-20T18:06:00Z,View,key-2544,user120@contoso.example,ws-051,ds-0156,,,Dataset
act-002545,2026-06-14T07:32:00Z,View,key-2545,user101@contoso.example,ws-032,ds-0093,,,Dataset
act-002546,2026-06-23T21:36:00Z,View,key-2546,user070@contoso.example,ws-013,ds-0038,,,Dataset
act-002547,2026-06-08T15:44:00Z,View,key-2547,user104@contoso.example,ws-036,ds-0105,,,Dataset
act-002548,2026-06-06T16:31:00Z,View,key-2548,user030@contoso.example,ws-009,ds-0025,,,Dataset
act-002549,2026-06-26T13:23:00Z,ViewDashboard,key-2549,user088@contoso.example,ws-019,ds-0055,,,Dataset
act-002550,2026-06-20T10:22:00Z,ViewReport,key-2550,user095@contoso.example,ws-018,ds-0050,,,Dataset
act-002551,2026-06-26T01:27:00Z,View,key-2551,user087@contoso.example,ws-057,ds-0171,,,Dataset
act-002552,2026-06-17T21:08:00Z,View,key-2552,user106@contoso.example,ws-051,ds-0156,,,Dataset
act-002553,2026-06-08T01:38:00Z,ViewReport,key-2553,user039@contoso.example,ws-049,ds-0147,,,Dataset
act-002554,2026-06-17T10:20:00Z,ViewReport,key-2554,user032@contoso.example,ws-059,ds-0178,,,Dataset
act-002555,2026-06-15T18:13:00Z,ViewReport,key-2555,user077@contoso.example,ws-060,ds-0180,,,Dataset
act-002556,2026-06-30T07:05:00Z,Export,key-2556,user031@contoso.example,ws-028,ds-0080,,,Dataset
act-002557,2026-06-09T05:58:00Z,View,key-2557,user080@contoso.example,ws-007,ds-0019,,,Dataset
act-002558,2026-06-24T01:37:00Z,View,key-2558,user100@contoso.example,ws-036,ds-0103,,,Dataset
act-002559,2026-06-05T09:58:00Z,View,key-2559,user093@contoso.example,ws-013,ds-0037,,,Dataset
act-002560,2026-06-16T08:02:00Z,View,key-2560,user095@contoso.example,ws-028,ds-0080,,,Dataset
act-002561,2026-06-06T23:42:00Z,View,key-2561,user120@contoso.example,ws-059,ds-0178,,,Dataset
act-002562,2026-06-30T00:12:00Z,View,key-2562,user119@contoso.example,ws-033,ds-0095,,,Dataset
act-002563,2026-06-14T12:59:00Z,View,key-2563,user116@contoso.example,ws-021,ds-0060,,,Dataset
act-002564,2026-06-26T21:56:00Z,View,key-2564,user126@contoso.example,ws-039,ds-0114,,,Dataset
act-002565,2026-06-11T02:42:00Z,View,key-2565,user008@contoso.example,ws-055,ds-0166,,,Dataset
act-002566,2026-06-13T22:41:00Z,ViewReport,key-2566,user026@contoso.example,ws-031,ds-0091,,,Dataset
act-002567,2026-06-20T09:01:00Z,View,key-2567,user059@contoso.example,ws-042,ds-0125,,,Dataset
act-002568,2026-06-09T13:06:00Z,ViewReport,key-2568,user070@contoso.example,ws-032,ds-0093,,,Dataset
act-002569,2026-06-04T22:47:00Z,View,key-2569,user132@contoso.example,ws-006,ds-0017,,,Dataset
act-002570,2026-06-05T18:09:00Z,View,key-2570,user037@contoso.example,ws-012,ds-0036,,,Dataset
act-002571,2026-06-27T10:05:00Z,View,key-2571,user008@contoso.example,ws-060,ds-0180,,,Dataset
act-002572,2026-06-01T05:37:00Z,View,key-2572,user017@contoso.example,ws-059,ds-0177,,,Dataset
act-002573,2026-06-26T23:05:00Z,View,key-2573,user115@contoso.example,ws-027,ds-0078,,,Dataset
act-002574,2026-06-06T19:36:00Z,ViewReport,key-2574,user095@contoso.example,ws-006,ds-0015,,,Dataset
act-002575,2026-06-11T04:15:00Z,View,key-2575,user008@contoso.example,ws-042,ds-0124,,,Dataset
act-002576,2026-06-09T19:58:00Z,View,key-2576,user075@contoso.example,ws-043,ds-0127,,,Dataset
act-002577,2026-06-11T12:59:00Z,View,key-2577,user035@contoso.example,ws-047,ds-0140,,,Dataset
act-002578,2026-06-27T12:14:00Z,View,key-2578,user063@contoso.example,ws-018,ds-0051,,,Dataset
act-002579,2026-06-25T20:35:00Z,Export,key-2579,user107@contoso.example,ws-047,ds-0140,,,Dataset
act-002580,2026-06-11T02:36:00Z,View,key-2580,user075@contoso.example,ws-004,ds-0011,,,Dataset
act-002581,2026-06-18T06:50:00Z,View,key-2581,user076@contoso.example,ws-005,ds-0014,,,Dataset
act-002582,2026-06-03T06:02:00Z,View,key-2582,user013@contoso.example,ws-011,ds-0031,,,Dataset
act-002583,2026-06-13T21:49:00Z,ViewReport,key-2583,user068@contoso.example,ws-023,ds-0066,,,Dataset
act-002584,2026-06-26T18:02:00Z,View,key-2584,user145@contoso.example,ws-019,ds-0052,,,Dataset
act-002585,2026-06-08T09:59:00Z,ViewDashboard,key-2585,user124@contoso.example,ws-011,ds-0031,,,Dataset
act-002586,2026-06-24T20:12:00Z,View,key-2586,user060@contoso.example,ws-019,ds-0053,,,Dataset
act-002587,2026-06-30T22:40:00Z,ViewDashboard,key-2587,user117@contoso.example,ws-004,ds-0011,,,Dataset
act-002588,2026-06-04T17:46:00Z,ViewReport,key-2588,user026@contoso.example,ws-014,ds-0039,,,Dataset
act-002589,2026-06-21T17:10:00Z,ViewReport,key-2589,user005@contoso.example,ws-009,ds-0024,,,Dataset
act-002590,2026-06-29T13:42:00Z,View,key-2590,user057@contoso.example,ws-018,ds-0049,,,Dataset
act-002591,2026-06-03T16:59:00Z,View,key-2591,user134@contoso.example,ws-034,ds-0097,,,Dataset
act-002592,2026-06-04T21:05:00Z,ViewReport,key-2592,user007@contoso.example,ws-056,ds-0170,,,Dataset
act-002593,2026-06-18T01:09:00Z,RefreshDataset,key-2593,user143@contoso.example,ws-021,ds-0061,,,Dataset
act-002594,2026-06-08T12:36:00Z,View,key-2594,user002@contoso.example,ws-058,ds-0175,,,Dataset
act-002595,2026-06-25T21:08:00Z,ViewReport,key-2595,user116@contoso.example,ws-057,ds-0172,,,Dataset
act-002596,2026-06-20T10:15:00Z,View,key-2596,user070@contoso.example,ws-032,ds-0092,,,Dataset
act-002597,2026-06-22T02:57:00Z,ViewReport,key-2597,user049@contoso.example,ws-007,ds-0018,,,Dataset
act-002598,2026-06-12T09:58:00Z,ViewReport,key-2598,user134@contoso.example,ws-040,ds-0116,,,Dataset
act-002599,2026-06-13T07:37:00Z,ViewReport,key-2599,user042@contoso.example,ws-049,ds-0145,,,Dataset
act-002600,2026-06-10T00:42:00Z,View,key-2600,user068@contoso.example,ws-015,ds-0041,,,Dataset
act-002601,2026-06-20T04:03:00Z,View,key-2601,user089@contoso.example,ws-021,ds-0058,,,Dataset
act-002602,2026-06-20T02:16:00Z,View,key-2602,user012@contoso.example,ws-029,ds-0083,,,Dataset
act-002603,2026-06-20T20:01:00Z,View,key-2603,user094@contoso.example,ws-056,ds-0168,,,Dataset
act-002604,2026-06-25T15:08:00Z,Export,key-2604,user062@contoso.example,ws-045,ds-0134,,,Dataset
act-002605,2026-06-20T10:15:00Z,ViewDashboard,key-2605,user023@contoso.example,ws-049,ds-0148,,,Dataset
act-002606,2026-06-01T12:54:00Z,View,key-2606,user057@contoso.example,ws-061,ds-0184,,,Dataset
act-002607,2026-06-07T16:11:00Z,View,key-2607,user082@contoso.example,ws-039,ds-0114,,,Dataset
act-002608,2026-06-27T06:48:00Z,View,key-2608,user014@contoso.example,ws-027,ds-0076,,,Dataset
act-002609,2026-06-28T05:44:00Z,View,key-2609,user101@contoso.example,ws-027,ds-0077,,,Dataset
act-002610,2026-06-17T19:36:00Z,View,key-2610,user143@contoso.example,ws-060,ds-0181,,,Dataset
act-002611,2026-06-12T17:22:00Z,View,key-2611,user047@contoso.example,ws-062,ds-0186,,,Dataset
act-002612,2026-06-01T02:00:00Z,RefreshDataset,key-2612,user094@contoso.example,ws-058,ds-0175,,,Dataset
act-002613,2026-06-22T09:19:00Z,View,key-2613,user080@contoso.example,ws-028,ds-0079,,,Dataset
act-002614,2026-06-16T19:09:00Z,View,key-2614,user015@contoso.example,ws-001,ds-0002,,,Dataset
act-002615,2026-06-12T03:51:00Z,ViewReport,key-2615,user141@contoso.example,ws-062,ds-0187,,,Dataset
act-002616,2026-06-28T14:00:00Z,ViewReport,key-2616,user044@contoso.example,ws-018,ds-0049,,,Dataset
act-002617,2026-06-04T23:41:00Z,View,key-2617,user014@contoso.example,ws-040,ds-0116,,,Dataset
act-002618,2026-06-05T11:49:00Z,ViewReport,key-2618,user136@contoso.example,ws-023,ds-0065,,,Dataset
act-002619,2026-06-08T18:04:00Z,ViewDashboard,key-2619,user054@contoso.example,ws-003,ds-0007,,,Dataset
act-002620,2026-06-06T00:44:00Z,View,key-2620,user014@contoso.example,ws-025,ds-0071,,,Dataset
act-002621,2026-06-08T20:31:00Z,View,key-2621,user018@contoso.example,ws-012,ds-0034,,,Dataset
act-002622,2026-06-02T04:58:00Z,View,key-2622,user088@contoso.example,ws-051,ds-0153,,,Dataset
act-002623,2026-06-27T14:20:00Z,Export,key-2623,user030@contoso.example,ws-032,ds-0092,,,Dataset
act-002624,2026-06-05T13:13:00Z,View,key-2624,user015@contoso.example,ws-041,ds-0119,,,Dataset
act-002625,2026-06-16T19:27:00Z,ViewReport,key-2625,user054@contoso.example,ws-056,ds-0168,,,Dataset
act-002626,2026-06-23T00:50:00Z,View,key-2626,user027@contoso.example,ws-017,ds-0047,,,Dataset
act-002627,2026-06-15T12:27:00Z,ViewReport,key-2627,user045@contoso.example,ws-039,ds-0112,,,Dataset
act-002628,2026-06-04T05:31:00Z,View,key-2628,user026@contoso.example,ws-026,ds-0074,,,Dataset
act-002629,2026-06-28T06:13:00Z,View,key-2629,user089@contoso.example,ws-027,ds-0078,,,Dataset
act-002630,2026-06-18T05:40:00Z,RefreshDataset,key-2630,user102@contoso.example,ws-053,ds-0160,,,Dataset
act-002631,2026-06-30T11:25:00Z,View,key-2631,user044@contoso.example,ws-015,ds-0041,,,Dataset
act-002632,2026-06-20T23:20:00Z,View,key-2632,user146@contoso.example,ws-051,ds-0154,,,Dataset
act-002633,2026-06-10T09:04:00Z,View,key-2633,user054@contoso.example,ws-027,ds-0077,,,Dataset
act-002634,2026-06-25T14:27:00Z,ViewReport,key-2634,user143@contoso.example,ws-018,ds-0051,,,Dataset
act-002635,2026-06-30T22:52:00Z,View,key-2635,user107@contoso.example,ws-017,ds-0045,,,Dataset
act-002636,2026-06-30T09:49:00Z,View,key-2636,user110@contoso.example,ws-044,ds-0131,,,Dataset
act-002637,2026-06-30T09:31:00Z,View,key-2637,user092@contoso.example,ws-039,ds-0112,,,Dataset
act-002638,2026-06-29T21:20:00Z,View,key-2638,user002@contoso.example,ws-058,ds-0174,,,Dataset
act-002639,2026-06-11T03:35:00Z,Export,key-2639,user014@contoso.example,ws-036,ds-0105,,,Dataset
act-002640,2026-06-13T14:38:00Z,ViewReport,key-2640,user106@contoso.example,ws-062,ds-0187,,,Dataset
act-002641,2026-06-30T08:55:00Z,View,key-2641,user096@contoso.example,ws-030,ds-0087,,,Dataset
act-002642,2026-06-19T20:00:00Z,ViewReport,key-2642,user085@contoso.example,ws-028,ds-0081,,,Dataset
act-002643,2026-06-14T16:29:00Z,View,key-2643,user043@contoso.example,ws-001,ds-0001,,,Dataset
act-002644,2026-06-14T08:24:00Z,View,key-2644,user092@contoso.example,ws-052,ds-0157,,,Dataset
act-002645,2026-06-02T23:34:00Z,ViewReport,key-2645,user077@contoso.example,ws-005,ds-0013,,,Dataset
act-002646,2026-06-23T12:26:00Z,ViewReport,key-2646,user100@contoso.example,ws-001,ds-0002,,,Dataset
act-002647,2026-06-08T16:45:00Z,View,key-2647,user009@contoso.example,ws-017,ds-0047,,,Dataset
act-002648,2026-06-23T09:06:00Z,View,key-2648,user119@contoso.example,ws-037,ds-0107,,,Dataset
act-002649,2026-06-11T00:54:00Z,ViewReport,key-2649,user008@contoso.example,ws-054,ds-0162,,,Dataset
act-002650,2026-06-21T19:10:00Z,View,key-2650,user029@contoso.example,ws-017,ds-0047,,,Dataset
act-002651,2026-06-06T07:35:00Z,View,key-2651,user073@contoso.example,ws-001,ds-0004,,,Dataset
act-002652,2026-06-09T22:52:00Z,ViewDashboard,key-2652,user035@contoso.example,ws-034,ds-0098,,,Dataset
act-002653,2026-06-29T15:24:00Z,View,key-2653,user025@contoso.example,ws-022,ds-0063,,,Dataset
act-002654,2026-06-29T09:32:00Z,View,key-2654,user121@contoso.example,ws-041,ds-0119,,,Dataset
act-002655,2026-06-21T02:20:00Z,View,key-2655,user085@contoso.example,ws-057,ds-0172,,,Dataset
act-002656,2026-06-09T11:48:00Z,View,key-2656,user140@contoso.example,ws-048,ds-0144,,,Dataset
act-002657,2026-06-11T07:57:00Z,ViewDashboard,key-2657,user059@contoso.example,ws-054,ds-0162,,,Dataset
act-002658,2026-06-11T16:55:00Z,View,key-2658,user018@contoso.example,ws-056,ds-0170,,,Dataset
act-002659,2026-06-14T18:22:00Z,RefreshDataset,key-2659,user087@contoso.example,ws-021,ds-0058,,,Dataset
act-002660,2026-06-05T04:35:00Z,View,key-2660,user083@contoso.example,ws-061,ds-0184,,,Dataset
act-002661,2026-06-03T04:00:00Z,ViewReport,key-2661,user017@contoso.example,ws-049,ds-0147,,,Dataset
act-002662,2026-06-18T02:31:00Z,View,key-2662,user148@contoso.example,ws-057,ds-0171,,,Dataset
act-002663,2026-06-15T07:49:00Z,View,key-2663,user074@contoso.example,ws-006,ds-0017,,,Dataset
act-002664,2026-06-29T19:27:00Z,View,key-2664,user007@contoso.example,ws-022,ds-0062,,,Dataset
act-002665,2026-06-19T17:39:00Z,View,key-2665,user014@contoso.example,ws-061,ds-0184,,,Dataset
act-002666,2026-06-11T21:00:00Z,ViewReport,key-2666,user083@contoso.example,ws-026,ds-0073,,,Dataset
act-002667,2026-06-20T12:40:00Z,ViewReport,key-2667,user116@contoso.example,ws-010,ds-0027,,,Dataset
act-002668,2026-06-29T20:17:00Z,View,key-2668,user093@contoso.example,ws-006,ds-0016,,,Dataset
act-002669,2026-06-20T15:23:00Z,View,key-2669,user075@contoso.example,ws-045,ds-0134,,,Dataset
act-002670,2026-06-12T19:47:00Z,View,key-2670,user005@contoso.example,ws-025,ds-0070,,,Dataset
act-002671,2026-06-23T09:10:00Z,ViewReport,key-2671,user076@contoso.example,ws-002,ds-0005,,,Dataset
act-002672,2026-06-27T02:56:00Z,View,key-2672,user105@contoso.example,ws-045,ds-0132,,,Dataset
act-002673,2026-06-11T08:36:00Z,ViewReport,key-2673,user141@contoso.example,ws-004,ds-0010,,,Dataset
act-002674,2026-06-15T05:20:00Z,View,key-2674,user096@contoso.example,ws-029,ds-0085,,,Dataset
act-002675,2026-06-10T03:21:00Z,ViewReport,key-2675,user147@contoso.example,ws-011,ds-0031,,,Dataset
act-002676,2026-06-07T14:23:00Z,ViewReport,key-2676,user001@contoso.example,ws-039,ds-0115,,,Dataset
act-002677,2026-06-27T14:53:00Z,ViewDashboard,key-2677,user008@contoso.example,ws-050,ds-0149,,,Dataset
act-002678,2026-06-28T21:25:00Z,RefreshDataset,key-2678,user109@contoso.example,ws-009,ds-0024,,,Dataset
act-002679,2026-06-19T08:07:00Z,ViewReport,key-2679,user026@contoso.example,ws-019,ds-0055,,,Dataset
act-002680,2026-06-06T17:16:00Z,View,key-2680,user081@contoso.example,ws-048,ds-0143,,,Dataset
act-002681,2026-06-25T11:37:00Z,View,key-2681,user041@contoso.example,ws-032,ds-0094,,,Dataset
act-002682,2026-06-16T14:47:00Z,ViewReport,key-2682,user150@contoso.example,ws-006,ds-0016,,,Dataset
act-002683,2026-06-20T04:56:00Z,View,key-2683,user029@contoso.example,ws-012,ds-0035,,,Dataset
act-002684,2026-06-27T11:24:00Z,ViewReport,key-2684,user065@contoso.example,ws-049,ds-0145,,,Dataset
act-002685,2026-06-20T00:27:00Z,Export,key-2685,user046@contoso.example,ws-002,ds-0006,,,Dataset
act-002686,2026-06-16T13:07:00Z,View,key-2686,user058@contoso.example,ws-002,ds-0005,,,Dataset
act-002687,2026-06-12T02:42:00Z,View,key-2687,user067@contoso.example,ws-012,ds-0036,,,Dataset
act-002688,2026-06-12T18:45:00Z,View,key-2688,user086@contoso.example,ws-034,ds-0099,,,Dataset
act-002689,2026-06-25T15:13:00Z,View,key-2689,user067@contoso.example,ws-060,ds-0181,,,Dataset
act-002690,2026-06-29T06:35:00Z,RefreshDataset,key-2690,user109@contoso.example,ws-030,ds-0089,,,Dataset
act-002691,2026-06-07T06:30:00Z,View,key-2691,user132@contoso.example,ws-032,ds-0092,,,Dataset
act-002692,2026-06-23T23:17:00Z,ViewReport,key-2692,user063@contoso.example,ws-050,ds-0152,,,Dataset
act-002693,2026-06-24T17:47:00Z,Export,key-2693,user136@contoso.example,ws-041,ds-0122,,,Dataset
act-002694,2026-06-16T00:07:00Z,View,key-2694,user023@contoso.example,ws-048,ds-0144,,,Dataset
act-002695,2026-06-04T23:14:00Z,ViewReport,key-2695,user084@contoso.example,ws-021,ds-0060,,,Dataset
act-002696,2026-06-29T21:59:00Z,View,key-2696,user025@contoso.example,ws-015,ds-0041,,,Dataset
act-002697,2026-06-09T07:10:00Z,View,key-2697,user114@contoso.example,ws-025,ds-0071,,,Dataset
act-002698,2026-06-01T21:29:00Z,View,key-2698,user129@contoso.example,ws-009,ds-0026,,,Dataset
act-002699,2026-06-16T19:26:00Z,View,key-2699,user131@contoso.example,ws-022,ds-0062,,,Dataset
act-002700,2026-06-16T19:41:00Z,ViewReport,key-2700,user018@contoso.example,ws-004,ds-0011,,,Dataset
act-002701,2026-06-07T21:11:00Z,ViewReport,key-2701,user130@contoso.example,ws-017,ds-0045,,,Dataset
act-002702,2026-06-05T05:56:00Z,View,key-2702,user133@contoso.example,ws-005,ds-0014,,,Dataset
act-002703,2026-06-10T21:52:00Z,View,key-2703,user082@contoso.example,ws-061,ds-0184,,,Dataset
act-002704,2026-06-04T19:31:00Z,ViewReport,key-2704,user144@contoso.example,ws-045,ds-0132,,,Dataset
act-002705,2026-06-04T13:56:00Z,View,key-2705,user122@contoso.example,ws-023,ds-0066,,,Dataset
act-002706,2026-06-04T01:51:00Z,ViewDashboard,key-2706,user088@contoso.example,ws-027,ds-0075,,,Dataset
act-002707,2026-06-20T18:01:00Z,ViewReport,key-2707,user048@contoso.example,ws-001,ds-0004,,,Dataset
act-002708,2026-06-17T09:10:00Z,View,key-2708,user025@contoso.example,ws-012,ds-0035,,,Dataset
act-002709,2026-06-16T01:45:00Z,View,key-2709,user058@contoso.example,ws-011,ds-0032,,,Dataset
act-002710,2026-06-28T20:50:00Z,View,key-2710,user127@contoso.example,ws-009,ds-0025,,,Dataset
act-002711,2026-06-22T08:13:00Z,View,key-2711,user016@contoso.example,ws-023,ds-0066,,,Dataset
act-002712,2026-06-27T10:47:00Z,View,key-2712,user044@contoso.example,ws-057,ds-0171,,,Dataset
act-002713,2026-06-11T22:51:00Z,View,key-2713,user058@contoso.example,ws-055,ds-0164,,,Dataset
act-002714,2026-06-08T07:58:00Z,View,key-2714,user060@contoso.example,ws-030,ds-0089,,,Dataset
act-002715,2026-06-14T16:10:00Z,View,key-2715,user086@contoso.example,ws-015,ds-0042,,,Dataset
act-002716,2026-06-28T04:39:00Z,View,key-2716,user108@contoso.example,ws-059,ds-0177,,,Dataset
act-002717,2026-06-18T11:18:00Z,View,key-2717,user024@contoso.example,ws-036,ds-0104,,,Dataset
act-002718,2026-06-13T14:00:00Z,View,key-2718,user043@contoso.example,ws-054,ds-0163,,,Dataset
act-002719,2026-06-02T16:08:00Z,ViewReport,key-2719,user069@contoso.example,ws-010,ds-0028,,,Dataset
act-002720,2026-06-01T14:53:00Z,View,key-2720,user073@contoso.example,ws-056,ds-0169,,,Dataset
act-002721,2026-06-24T20:40:00Z,ViewReport,key-2721,user055@contoso.example,ws-030,ds-0087,,,Dataset
act-002722,2026-06-13T04:53:00Z,View,key-2722,user063@contoso.example,ws-049,ds-0148,,,Dataset
act-002723,2026-06-29T23:21:00Z,ViewReport,key-2723,user026@contoso.example,ws-004,ds-0012,,,Dataset
act-002724,2026-06-04T07:17:00Z,RefreshDataset,key-2724,user097@contoso.example,ws-023,ds-0066,,,Dataset
act-002725,2026-06-18T22:56:00Z,View,key-2725,user034@contoso.example,ws-050,ds-0149,,,Dataset
act-002726,2026-06-27T18:05:00Z,View,key-2726,user150@contoso.example,ws-045,ds-0135,,,Dataset
act-002727,2026-06-30T18:16:00Z,View,key-2727,user150@contoso.example,ws-032,ds-0092,,,Dataset
act-002728,2026-06-09T23:38:00Z,View,key-2728,user076@contoso.example,ws-039,ds-0113,,,Dataset
act-002729,2026-06-15T04:42:00Z,View,key-2729,user065@contoso.example,ws-006,ds-0015,,,Dataset
act-002730,2026-06-26T09:08:00Z,View,key-2730,user093@contoso.example,ws-058,ds-0174,,,Dataset
act-002731,2026-06-14T07:36:00Z,View,key-2731,user068@contoso.example,ws-023,ds-0066,,,Dataset
act-002732,2026-06-27T12:20:00Z,Export,key-2732,user078@contoso.example,ws-009,ds-0026,,,Dataset
act-002733,2026-06-09T09:26:00Z,ViewReport,key-2733,user125@contoso.example,ws-059,ds-0178,,,Dataset
act-002734,2026-06-10T16:04:00Z,ViewReport,key-2734,user041@contoso.example,ws-027,ds-0075,,,Dataset
act-002735,2026-06-11T04:45:00Z,ViewReport,key-2735,user137@contoso.example,ws-044,ds-0131,,,Dataset
act-002736,2026-06-22T12:19:00Z,View,key-2736,user005@contoso.example,ws-034,ds-0098,,,Dataset
act-002737,2026-06-29T17:39:00Z,Export,key-2737,user065@contoso.example,ws-021,ds-0059,,,Dataset
act-002738,2026-06-08T02:30:00Z,View,key-2738,user020@contoso.example,ws-048,ds-0143,,,Dataset
act-002739,2026-06-08T19:06:00Z,ViewReport,key-2739,user128@contoso.example,ws-021,ds-0058,,,Dataset
act-002740,2026-06-11T08:33:00Z,ViewReport,key-2740,user125@contoso.example,ws-020,ds-0057,,,Dataset
act-002741,2026-06-16T15:57:00Z,ViewReport,key-2741,user113@contoso.example,ws-012,ds-0034,,,Dataset
act-002742,2026-06-24T03:23:00Z,ViewReport,key-2742,user042@contoso.example,ws-023,ds-0065,,,Dataset
act-002743,2026-06-09T03:10:00Z,ViewDashboard,key-2743,user001@contoso.example,ws-028,ds-0082,,,Dataset
act-002744,2026-06-23T06:54:00Z,ViewReport,key-2744,user071@contoso.example,ws-045,ds-0135,,,Dataset
act-002745,2026-06-25T03:11:00Z,View,key-2745,user047@contoso.example,ws-026,ds-0074,,,Dataset
act-002746,2026-06-08T14:58:00Z,View,key-2746,user077@contoso.example,ws-013,ds-0038,,,Dataset
act-002747,2026-06-30T02:38:00Z,View,key-2747,user123@contoso.example,ws-042,ds-0124,,,Dataset
act-002748,2026-06-02T21:03:00Z,View,key-2748,user061@contoso.example,ws-038,ds-0110,,,Dataset
act-002749,2026-06-20T19:35:00Z,ViewReport,key-2749,user126@contoso.example,ws-056,ds-0170,,,Dataset
act-002750,2026-06-15T06:14:00Z,View,key-2750,user001@contoso.example,ws-033,ds-0096,,,Dataset
act-002751,2026-06-17T10:58:00Z,View,key-2751,user118@contoso.example,ws-046,ds-0136,,,Dataset
act-002752,2026-06-12T11:43:00Z,Export,key-2752,user046@contoso.example,ws-047,ds-0140,,,Dataset
act-002753,2026-06-14T07:10:00Z,View,key-2753,user072@contoso.example,ws-009,ds-0023,,,Dataset
act-002754,2026-06-26T11:56:00Z,ViewReport,key-2754,user143@contoso.example,ws-009,ds-0026,,,Dataset
act-002755,2026-06-17T11:48:00Z,View,key-2755,user149@contoso.example,ws-044,ds-0130,,,Dataset
act-002756,2026-06-17T22:42:00Z,View,key-2756,user026@contoso.example,ws-009,ds-0024,,,Dataset
act-002757,2026-06-26T19:39:00Z,View,key-2757,user031@contoso.example,ws-025,ds-0070,,,Dataset
act-002758,2026-06-16T22:35:00Z,View,key-2758,user001@contoso.example,ws-021,ds-0061,,,Dataset
act-002759,2026-06-14T08:12:00Z,ViewReport,key-2759,user082@contoso.example,ws-019,ds-0052,,,Dataset
act-002760,2026-06-11T06:51:00Z,View,key-2760,user073@contoso.example,ws-028,ds-0080,,,Dataset
act-002761,2026-06-19T21:29:00Z,View,key-2761,user114@contoso.example,ws-061,ds-0183,,,Dataset
act-002762,2026-06-05T20:00:00Z,View,key-2762,user145@contoso.example,ws-025,ds-0070,,,Dataset
act-002763,2026-06-22T06:11:00Z,View,key-2763,user051@contoso.example,ws-027,ds-0075,,,Dataset
act-002764,2026-06-27T20:49:00Z,Export,key-2764,user021@contoso.example,ws-003,ds-0009,,,Dataset
act-002765,2026-06-22T23:48:00Z,View,key-2765,user097@contoso.example,ws-040,ds-0118,,,Dataset
act-002766,2026-06-07T07:08:00Z,ViewReport,key-2766,user001@contoso.example,ws-027,ds-0076,,,Dataset
act-002767,2026-06-22T16:41:00Z,View,key-2767,user044@contoso.example,ws-057,ds-0171,,,Dataset
act-002768,2026-06-10T08:30:00Z,View,key-2768,user147@contoso.example,ws-044,ds-0129,,,Dataset
act-002769,2026-06-24T00:59:00Z,View,key-2769,user035@contoso.example,ws-042,ds-0125,,,Dataset
act-002770,2026-06-03T05:23:00Z,ViewReport,key-2770,user139@contoso.example,ws-043,ds-0127,,,Dataset
act-002771,2026-06-19T13:59:00Z,ViewDashboard,key-2771,user013@contoso.example,ws-051,ds-0154,,,Dataset
act-002772,2026-06-05T09:54:00Z,View,key-2772,user129@contoso.example,ws-010,ds-0029,,,Dataset
act-002773,2026-06-27T21:11:00Z,ViewReport,key-2773,user072@contoso.example,ws-041,ds-0121,,,Dataset
act-002774,2026-06-10T20:39:00Z,View,key-2774,user010@contoso.example,ws-032,ds-0093,,,Dataset
act-002775,2026-06-15T12:36:00Z,ViewReport,key-2775,user020@contoso.example,ws-050,ds-0150,,,Dataset
act-002776,2026-06-12T04:52:00Z,View,key-2776,user024@contoso.example,ws-046,ds-0139,,,Dataset
act-002777,2026-06-30T18:29:00Z,View,key-2777,user092@contoso.example,ws-043,ds-0127,,,Dataset
act-002778,2026-06-04T13:25:00Z,Export,key-2778,user015@contoso.example,ws-032,ds-0092,,,Dataset
act-002779,2026-06-30T03:56:00Z,View,key-2779,user096@contoso.example,ws-046,ds-0137,,,Dataset
act-002780,2026-06-09T09:01:00Z,View,key-2780,user100@contoso.example,ws-013,ds-0037,,,Dataset
act-002781,2026-06-02T03:42:00Z,View,key-2781,user100@contoso.example,ws-011,ds-0033,,,Dataset
act-002782,2026-06-05T10:53:00Z,View,key-2782,user007@contoso.example,ws-041,ds-0121,,,Dataset
act-002783,2026-06-02T00:13:00Z,Export,key-2783,user138@contoso.example,ws-034,ds-0099,,,Dataset
act-002784,2026-06-12T15:55:00Z,View,key-2784,user122@contoso.example,ws-028,ds-0080,,,Dataset
act-002785,2026-06-21T07:35:00Z,Export,key-2785,user116@contoso.example,ws-025,ds-0070,,,Dataset
act-002786,2026-06-21T02:47:00Z,View,key-2786,user094@contoso.example,ws-059,ds-0178,,,Dataset
act-002787,2026-06-17T02:55:00Z,View,key-2787,user013@contoso.example,ws-034,ds-0100,,,Dataset
act-002788,2026-06-30T05:06:00Z,View,key-2788,user020@contoso.example,ws-017,ds-0045,,,Dataset
act-002789,2026-06-18T05:12:00Z,View,key-2789,user122@contoso.example,ws-036,ds-0105,,,Dataset
act-002790,2026-06-05T10:52:00Z,View,key-2790,user134@contoso.example,ws-010,ds-0029,,,Dataset
act-002791,2026-06-30T01:47:00Z,ViewDashboard,key-2791,user023@contoso.example,ws-019,ds-0053,,,Dataset
act-002792,2026-06-02T04:24:00Z,View,key-2792,user007@contoso.example,ws-014,ds-0040,,,Dataset
act-002793,2026-06-12T01:24:00Z,ViewReport,key-2793,user143@contoso.example,ws-040,ds-0117,,,Dataset
act-002794,2026-06-24T05:43:00Z,View,key-2794,user040@contoso.example,ws-031,ds-0090,,,Dataset
act-002795,2026-06-19T05:20:00Z,ViewReport,key-2795,user101@contoso.example,ws-026,ds-0073,,,Dataset
act-002796,2026-06-11T22:43:00Z,View,key-2796,user057@contoso.example,ws-026,ds-0072,,,Dataset
act-002797,2026-06-26T02:27:00Z,View,key-2797,user095@contoso.example,ws-051,ds-0155,,,Dataset
act-002798,2026-06-12T19:53:00Z,View,key-2798,user087@contoso.example,ws-005,ds-0014,,,Dataset
act-002799,2026-06-08T11:47:00Z,View,key-2799,user053@contoso.example,ws-026,ds-0073,,,Dataset
act-002800,2026-06-15T05:16:00Z,View,key-2800,user099@contoso.example,ws-039,ds-0112,,,Dataset
act-002801,2026-06-24T04:10:00Z,RefreshDataset,key-2801,user124@contoso.example,ws-036,ds-0105,,,Dataset
act-002802,2026-06-13T02:31:00Z,ViewReport,key-2802,user004@contoso.example,ws-027,ds-0078,,,Dataset
act-002803,2026-06-09T11:48:00Z,RefreshDataset,key-2803,user037@contoso.example,ws-029,ds-0086,,,Dataset
act-002804,2026-06-10T23:48:00Z,ViewReport,key-2804,user093@contoso.example,ws-016,ds-0044,,,Dataset
act-002805,2026-06-20T13:16:00Z,View,key-2805,user116@contoso.example,ws-013,ds-0038,,,Dataset
act-002806,2026-06-18T01:24:00Z,View,key-2806,user022@contoso.example,ws-025,ds-0070,,,Dataset
act-002807,2026-06-20T20:59:00Z,View,key-2807,user049@contoso.example,ws-035,ds-0102,,,Dataset
act-002808,2026-06-10T16:39:00Z,RefreshDataset,key-2808,user057@contoso.example,ws-042,ds-0125,,,Dataset
act-002809,2026-06-03T03:27:00Z,View,key-2809,user098@contoso.example,ws-004,ds-0012,,,Dataset
act-002810,2026-06-28T10:15:00Z,ViewReport,key-2810,user048@contoso.example,ws-049,ds-0145,,,Dataset
act-002811,2026-06-30T02:06:00Z,ViewReport,key-2811,user082@contoso.example,ws-055,ds-0164,,,Dataset
act-002812,2026-06-09T05:16:00Z,View,key-2812,user006@contoso.example,ws-001,ds-0002,,,Dataset
act-002813,2026-06-22T23:16:00Z,ViewReport,key-2813,user120@contoso.example,ws-019,ds-0055,,,Dataset
act-002814,2026-06-20T01:45:00Z,View,key-2814,user141@contoso.example,ws-045,ds-0135,,,Dataset
act-002815,2026-06-01T16:51:00Z,View,key-2815,user135@contoso.example,ws-045,ds-0132,,,Dataset
act-002816,2026-06-23T23:23:00Z,ViewDashboard,key-2816,user058@contoso.example,ws-031,ds-0091,,,Dataset
act-002817,2026-06-14T08:20:00Z,ViewReport,key-2817,user115@contoso.example,ws-024,ds-0068,,,Dataset
act-002818,2026-06-12T19:28:00Z,View,key-2818,user124@contoso.example,ws-049,ds-0148,,,Dataset
act-002819,2026-06-09T04:22:00Z,View,key-2819,user042@contoso.example,ws-062,ds-0188,,,Dataset
act-002820,2026-06-21T18:41:00Z,ViewReport,key-2820,user078@contoso.example,ws-006,ds-0015,,,Dataset
act-002821,2026-06-07T12:33:00Z,ViewReport,key-2821,user084@contoso.example,ws-016,ds-0043,,,Dataset
act-002822,2026-06-13T16:16:00Z,ViewDashboard,key-2822,user136@contoso.example,ws-050,ds-0150,,,Dataset
act-002823,2026-06-11T01:51:00Z,Export,key-2823,user116@contoso.example,ws-059,ds-0178,,,Dataset
act-002824,2026-06-17T20:55:00Z,RefreshDataset,key-2824,user124@contoso.example,ws-038,ds-0111,,,Dataset
act-002825,2026-06-30T05:48:00Z,View,key-2825,user131@contoso.example,ws-028,ds-0082,,,Dataset
act-002826,2026-06-04T10:33:00Z,View,key-2826,user104@contoso.example,ws-001,ds-0002,,,Dataset
act-002827,2026-06-15T16:43:00Z,View,key-2827,user028@contoso.example,ws-051,ds-0153,,,Dataset
act-002828,2026-06-04T19:57:00Z,ViewReport,key-2828,user041@contoso.example,ws-020,ds-0057,,,Dataset
act-002829,2026-06-26T09:26:00Z,View,key-2829,user145@contoso.example,ws-042,ds-0124,,,Dataset
act-002830,2026-06-20T18:09:00Z,View,key-2830,user056@contoso.example,ws-041,ds-0119,,,Dataset
act-002831,2026-06-15T03:01:00Z,ViewReport,key-2831,user095@contoso.example,ws-001,ds-0003,,,Dataset
act-002832,2026-06-28T19:41:00Z,View,key-2832,user019@contoso.example,ws-034,ds-0099,,,Dataset
act-002833,2026-06-26T17:54:00Z,View,key-2833,user015@contoso.example,ws-042,ds-0125,,,Dataset
act-002834,2026-06-12T06:52:00Z,View,key-2834,user063@contoso.example,ws-017,ds-0047,,,Dataset
act-002835,2026-06-13T02:14:00Z,ViewReport,key-2835,user017@contoso.example,ws-058,ds-0176,,,Dataset
act-002836,2026-06-10T09:51:00Z,View,key-2836,user028@contoso.example,ws-036,ds-0105,,,Dataset
act-002837,2026-06-20T15:10:00Z,View,key-2837,user074@contoso.example,ws-061,ds-0182,,,Dataset
act-002838,2026-06-03T21:03:00Z,View,key-2838,user084@contoso.example,ws-019,ds-0055,,,Dataset
act-002839,2026-06-17T00:24:00Z,ViewReport,key-2839,user057@contoso.example,ws-049,ds-0146,,,Dataset
act-002840,2026-06-05T22:46:00Z,View,key-2840,user069@contoso.example,ws-062,ds-0186,,,Dataset
act-002841,2026-06-02T02:05:00Z,View,key-2841,user049@contoso.example,ws-040,ds-0117,,,Dataset
act-002842,2026-06-29T01:48:00Z,RefreshDataset,key-2842,user125@contoso.example,ws-022,ds-0064,,,Dataset
act-002843,2026-06-01T19:29:00Z,View,key-2843,user106@contoso.example,ws-009,ds-0026,,,Dataset
act-002844,2026-06-27T14:37:00Z,View,key-2844,user122@contoso.example,ws-006,ds-0015,,,Dataset
act-002845,2026-06-26T22:14:00Z,View,key-2845,user028@contoso.example,ws-041,ds-0122,,,Dataset
act-002846,2026-06-14T18:50:00Z,View,key-2846,user044@contoso.example,ws-013,ds-0037,,,Dataset
act-002847,2026-06-16T09:26:00Z,View,key-2847,user005@contoso.example,ws-005,ds-0013,,,Dataset
act-002848,2026-06-13T20:38:00Z,ViewReport,key-2848,user121@contoso.example,ws-055,ds-0167,,,Dataset
act-002849,2026-06-10T01:00:00Z,ViewReport,key-2849,user015@contoso.example,ws-051,ds-0153,,,Dataset
act-002850,2026-06-03T16:13:00Z,View,key-2850,user102@contoso.example,ws-012,ds-0034,,,Dataset
act-002851,2026-06-13T23:55:00Z,View,key-2851,user097@contoso.example,ws-007,ds-0019,,,Dataset
act-002852,2026-06-04T00:33:00Z,ViewReport,key-2852,user117@contoso.example,ws-030,ds-0087,,,Dataset
act-002853,2026-06-02T00:31:00Z,ViewReport,key-2853,user026@contoso.example,ws-006,ds-0016,,,Dataset
act-002854,2026-06-01T04:48:00Z,View,key-2854,user030@contoso.example,ws-012,ds-0036,,,Dataset
act-002855,2026-06-06T22:25:00Z,ViewReport,key-2855,user011@contoso.example,ws-048,ds-0144,,,Dataset
act-002856,2026-06-11T03:54:00Z,View,key-2856,user020@contoso.example,ws-004,ds-0010,,,Dataset
act-002857,2026-06-25T17:58:00Z,ViewReport,key-2857,user145@contoso.example,ws-007,ds-0018,,,Dataset
act-002858,2026-06-07T08:46:00Z,View,key-2858,user098@contoso.example,ws-050,ds-0151,,,Dataset
act-002859,2026-06-30T14:27:00Z,View,key-2859,user123@contoso.example,ws-052,ds-0158,,,Dataset
act-002860,2026-06-27T02:02:00Z,View,key-2860,user079@contoso.example,ws-010,ds-0029,,,Dataset
act-002861,2026-06-03T02:50:00Z,View,key-2861,user046@contoso.example,ws-038,ds-0109,,,Dataset
act-002862,2026-06-18T04:47:00Z,View,key-2862,user146@contoso.example,ws-014,ds-0039,,,Dataset
act-002863,2026-06-13T08:49:00Z,RefreshDataset,key-2863,user085@contoso.example,ws-012,ds-0035,,,Dataset
act-002864,2026-06-17T20:24:00Z,View,key-2864,user038@contoso.example,ws-011,ds-0032,,,Dataset
act-002865,2026-06-04T02:57:00Z,View,key-2865,user040@contoso.example,ws-042,ds-0125,,,Dataset
act-002866,2026-06-27T10:16:00Z,ViewReport,key-2866,user100@contoso.example,ws-027,ds-0078,,,Dataset
act-002867,2026-06-11T10:02:00Z,ViewReport,key-2867,user041@contoso.example,ws-015,ds-0041,,,Dataset
act-002868,2026-06-29T22:05:00Z,ViewReport,key-2868,user037@contoso.example,ws-045,ds-0133,,,Dataset
act-002869,2026-06-30T10:53:00Z,ViewReport,key-2869,user013@contoso.example,ws-024,ds-0068,,,Dataset
act-002870,2026-06-11T22:29:00Z,ViewReport,key-2870,user085@contoso.example,ws-030,ds-0089,,,Dataset
act-002871,2026-06-01T05:18:00Z,ViewDashboard,key-2871,user036@contoso.example,ws-013,ds-0037,,,Dataset
act-002872,2026-06-14T06:15:00Z,View,key-2872,user030@contoso.example,ws-033,ds-0096,,,Dataset
act-002873,2026-06-22T14:40:00Z,View,key-2873,user114@contoso.example,ws-029,ds-0083,,,Dataset
act-002874,2026-06-16T03:54:00Z,ViewDashboard,key-2874,user040@contoso.example,ws-058,ds-0176,,,Dataset
act-002875,2026-06-01T04:01:00Z,View,key-2875,user053@contoso.example,ws-036,ds-0103,,,Dataset
act-002876,2026-06-20T20:08:00Z,View,key-2876,user135@contoso.example,ws-001,ds-0004,,,Dataset
act-002877,2026-06-14T14:27:00Z,ViewReport,key-2877,user119@contoso.example,ws-062,ds-0188,,,Dataset
act-002878,2026-06-09T09:33:00Z,View,key-2878,user126@contoso.example,ws-016,ds-0043,,,Dataset
act-002879,2026-06-18T00:31:00Z,ViewReport,key-2879,user012@contoso.example,ws-018,ds-0050,,,Dataset
act-002880,2026-06-30T09:39:00Z,View,key-2880,user149@contoso.example,ws-038,ds-0111,,,Dataset
act-002881,2026-06-30T12:26:00Z,Export,key-2881,user112@contoso.example,ws-035,ds-0101,,,Dataset
act-002882,2026-06-06T18:24:00Z,ViewReport,key-2882,user112@contoso.example,ws-003,ds-0009,,,Dataset
act-002883,2026-06-21T09:54:00Z,View,key-2883,user011@contoso.example,ws-052,ds-0157,,,Dataset
act-002884,2026-06-09T22:31:00Z,ViewDashboard,key-2884,user077@contoso.example,ws-011,ds-0032,,,Dataset
act-002885,2026-06-27T19:20:00Z,ViewDashboard,key-2885,user083@contoso.example,ws-023,ds-0066,,,Dataset
act-002886,2026-06-21T16:54:00Z,ViewReport,key-2886,user105@contoso.example,ws-024,ds-0068,,,Dataset
act-002887,2026-06-12T14:29:00Z,RefreshDataset,key-2887,user063@contoso.example,ws-061,ds-0184,,,Dataset
act-002888,2026-06-23T20:28:00Z,View,key-2888,user066@contoso.example,ws-010,ds-0029,,,Dataset
act-002889,2026-06-06T14:32:00Z,View,key-2889,user045@contoso.example,ws-050,ds-0149,,,Dataset
act-002890,2026-06-17T14:49:00Z,View,key-2890,user045@contoso.example,ws-020,ds-0056,,,Dataset
act-002891,2026-06-26T14:49:00Z,View,key-2891,user083@contoso.example,ws-034,ds-0097,,,Dataset
act-002892,2026-06-09T23:34:00Z,View,key-2892,user128@contoso.example,ws-054,ds-0162,,,Dataset
act-002893,2026-06-28T09:49:00Z,ViewReport,key-2893,user075@contoso.example,ws-051,ds-0153,,,Dataset
act-002894,2026-06-14T22:19:00Z,ViewReport,key-2894,user016@contoso.example,ws-030,ds-0088,,,Dataset
act-002895,2026-06-07T23:01:00Z,View,key-2895,user026@contoso.example,ws-061,ds-0185,,,Dataset
act-002896,2026-06-28T09:14:00Z,View,key-2896,user145@contoso.example,ws-034,ds-0099,,,Dataset
act-002897,2026-06-10T11:57:00Z,View,key-2897,user142@contoso.example,ws-019,ds-0052,,,Dataset
act-002898,2026-06-06T06:08:00Z,View,key-2898,user086@contoso.example,ws-022,ds-0064,,,Dataset
act-002899,2026-06-24T07:13:00Z,View,key-2899,user132@contoso.example,ws-031,ds-0090,,,Dataset
act-002900,2026-06-26T05:08:00Z,View,key-2900,user107@contoso.example,ws-045,ds-0135,,,Dataset
act-002901,2026-06-27T11:49:00Z,ViewReport,key-2901,user078@contoso.example,ws-042,ds-0124,,,Dataset
act-002902,2026-06-20T20:09:00Z,View,key-2902,user057@contoso.example,ws-057,ds-0171,,,Dataset
act-002903,2026-06-27T22:39:00Z,View,key-2903,user052@contoso.example,ws-047,ds-0141,,,Dataset
act-002904,2026-06-08T20:29:00Z,View,key-2904,user020@contoso.example,ws-055,ds-0164,,,Dataset
act-002905,2026-06-29T11:43:00Z,View,key-2905,user003@contoso.example,ws-040,ds-0117,,,Dataset
act-002906,2026-06-04T09:56:00Z,View,key-2906,user021@contoso.example,ws-009,ds-0023,,,Dataset
act-002907,2026-06-12T23:49:00Z,View,key-2907,user098@contoso.example,ws-046,ds-0136,,,Dataset
act-002908,2026-06-27T04:13:00Z,View,key-2908,user070@contoso.example,ws-007,ds-0018,,,Dataset
act-002909,2026-06-06T17:04:00Z,View,key-2909,user119@contoso.example,ws-010,ds-0029,,,Dataset
act-002910,2026-06-29T23:58:00Z,View,key-2910,user148@contoso.example,ws-036,ds-0104,,,Dataset
act-002911,2026-06-25T02:24:00Z,Export,key-2911,user115@contoso.example,ws-019,ds-0052,,,Dataset
act-002912,2026-06-29T20:23:00Z,View,key-2912,user113@contoso.example,ws-002,ds-0006,,,Dataset
act-002913,2026-06-27T23:38:00Z,View,key-2913,user095@contoso.example,ws-012,ds-0036,,,Dataset
act-002914,2026-06-03T01:41:00Z,View,key-2914,user024@contoso.example,ws-051,ds-0155,,,Dataset
act-002915,2026-06-02T00:41:00Z,Export,key-2915,user076@contoso.example,ws-050,ds-0149,,,Dataset
act-002916,2026-06-08T00:02:00Z,View,key-2916,user058@contoso.example,ws-012,ds-0036,,,Dataset
act-002917,2026-06-05T00:43:00Z,View,key-2917,user145@contoso.example,ws-034,ds-0097,,,Dataset
act-002918,2026-06-10T04:28:00Z,View,key-2918,user049@contoso.example,ws-055,ds-0165,,,Dataset
act-002919,2026-06-18T00:53:00Z,View,key-2919,user098@contoso.example,ws-054,ds-0163,,,Dataset
act-002920,2026-06-28T06:59:00Z,Export,key-2920,user114@contoso.example,ws-016,ds-0043,,,Dataset
act-002921,2026-06-14T23:14:00Z,ViewReport,key-2921,user023@contoso.example,ws-059,ds-0178,,,Dataset
act-002922,2026-06-10T07:05:00Z,View,key-2922,user059@contoso.example,ws-006,ds-0016,,,Dataset
act-002923,2026-06-28T19:32:00Z,ViewDashboard,key-2923,user071@contoso.example,ws-041,ds-0122,,,Dataset
act-002924,2026-06-04T08:54:00Z,View,key-2924,user075@contoso.example,ws-018,ds-0048,,,Dataset
act-002925,2026-06-05T18:14:00Z,ViewReport,key-2925,user066@contoso.example,ws-003,ds-0008,,,Dataset
act-002926,2026-06-24T12:56:00Z,View,key-2926,user051@contoso.example,ws-010,ds-0029,,,Dataset
act-002927,2026-06-17T23:12:00Z,View,key-2927,user017@contoso.example,ws-062,ds-0187,,,Dataset
act-002928,2026-06-14T15:19:00Z,ViewReport,key-2928,user139@contoso.example,ws-061,ds-0182,,,Dataset
act-002929,2026-06-24T19:53:00Z,RefreshDataset,key-2929,user014@contoso.example,ws-028,ds-0081,,,Dataset
act-002930,2026-06-12T17:18:00Z,View,key-2930,user064@contoso.example,ws-056,ds-0169,,,Dataset
act-002931,2026-06-18T18:18:00Z,Export,key-2931,user035@contoso.example,ws-043,ds-0126,,,Dataset
act-002932,2026-06-26T16:37:00Z,ViewReport,key-2932,user042@contoso.example,ws-042,ds-0124,,,Dataset
act-002933,2026-06-21T09:21:00Z,View,key-2933,user145@contoso.example,ws-051,ds-0156,,,Dataset
act-002934,2026-06-18T18:34:00Z,View,key-2934,user074@contoso.example,ws-017,ds-0046,,,Dataset
act-002935,2026-06-11T11:44:00Z,View,key-2935,user072@contoso.example,ws-027,ds-0076,,,Dataset
act-002936,2026-06-05T03:01:00Z,View,key-2936,user103@contoso.example,ws-001,ds-0003,,,Dataset
act-002937,2026-06-04T03:48:00Z,View,key-2937,user083@contoso.example,ws-041,ds-0122,,,Dataset
act-002938,2026-06-26T08:23:00Z,View,key-2938,user009@contoso.example,ws-019,ds-0054,,,Dataset
act-002939,2026-06-24T11:28:00Z,ViewReport,key-2939,user098@contoso.example,ws-060,ds-0181,,,Dataset
act-002940,2026-06-13T04:47:00Z,View,key-2940,user056@contoso.example,ws-038,ds-0111,,,Dataset
act-002941,2026-06-08T18:21:00Z,RefreshDataset,key-2941,user003@contoso.example,ws-022,ds-0062,,,Dataset
act-002942,2026-06-02T23:42:00Z,Export,key-2942,user089@contoso.example,ws-053,ds-0161,,,Dataset
act-002943,2026-06-24T11:12:00Z,View,key-2943,user047@contoso.example,ws-051,ds-0153,,,Dataset
act-002944,2026-06-28T20:23:00Z,ViewReport,key-2944,user117@contoso.example,ws-036,ds-0103,,,Dataset
act-002945,2026-06-27T15:42:00Z,View,key-2945,user092@contoso.example,ws-020,ds-0056,,,Dataset
act-002946,2026-06-06T09:23:00Z,ViewReport,key-2946,user126@contoso.example,ws-046,ds-0136,,,Dataset
act-002947,2026-06-26T01:07:00Z,ViewDashboard,key-2947,user030@contoso.example,ws-020,ds-0057,,,Dataset
act-002948,2026-06-03T14:22:00Z,View,key-2948,user053@contoso.example,ws-011,ds-0032,,,Dataset
act-002949,2026-06-12T17:12:00Z,View,key-2949,user076@contoso.example,ws-037,ds-0106,,,Dataset
act-002950,2026-06-27T18:40:00Z,View,key-2950,user023@contoso.example,ws-017,ds-0046,,,Dataset
act-002951,2026-06-11T13:37:00Z,View,key-2951,user142@contoso.example,ws-028,ds-0080,,,Dataset
act-002952,2026-06-16T17:30:00Z,View,key-2952,user018@contoso.example,ws-007,ds-0018,,,Dataset
act-002953,2026-06-08T10:43:00Z,View,key-2953,user132@contoso.example,ws-051,ds-0156,,,Dataset
act-002954,2026-06-22T18:05:00Z,RefreshDataset,key-2954,user072@contoso.example,ws-006,ds-0015,,,Dataset
act-002955,2026-06-18T05:21:00Z,View,key-2955,user124@contoso.example,ws-038,ds-0111,,,Dataset
act-002956,2026-06-07T19:27:00Z,View,key-2956,user052@contoso.example,ws-026,ds-0072,,,Dataset
act-002957,2026-06-28T03:27:00Z,ViewReport,key-2957,user001@contoso.example,ws-008,ds-0022,,,Dataset
act-002958,2026-06-21T19:39:00Z,RefreshDataset,key-2958,user108@contoso.example,ws-013,ds-0037,,,Dataset
act-002959,2026-06-22T17:42:00Z,ViewReport,key-2959,user143@contoso.example,ws-061,ds-0185,,,Dataset
act-002960,2026-06-10T04:42:00Z,View,key-2960,user085@contoso.example,ws-059,ds-0178,,,Dataset
act-002961,2026-06-04T10:14:00Z,ViewReport,key-2961,user036@contoso.example,ws-035,ds-0102,,,Dataset
act-002962,2026-06-02T22:37:00Z,Export,key-2962,user091@contoso.example,ws-039,ds-0113,,,Dataset
act-002963,2026-06-02T12:24:00Z,View,key-2963,user033@contoso.example,ws-052,ds-0158,,,Dataset
act-002964,2026-06-24T17:20:00Z,View,key-2964,user085@contoso.example,ws-062,ds-0189,,,Dataset
act-002965,2026-06-19T08:18:00Z,View,key-2965,user147@contoso.example,ws-008,ds-0021,,,Dataset
act-002966,2026-06-08T06:06:00Z,View,key-2966,user098@contoso.example,ws-008,ds-0022,,,Dataset
act-002967,2026-06-25T20:45:00Z,View,key-2967,user008@contoso.example,ws-046,ds-0139,,,Dataset
act-002968,2026-06-06T12:47:00Z,View,key-2968,user011@contoso.example,ws-011,ds-0033,,,Dataset
act-002969,2026-06-13T22:44:00Z,ViewReport,key-2969,user063@contoso.example,ws-056,ds-0169,,,Dataset
act-002970,2026-06-25T13:15:00Z,View,key-2970,user095@contoso.example,ws-016,ds-0044,,,Dataset
act-002971,2026-06-24T03:35:00Z,Export,key-2971,user038@contoso.example,ws-029,ds-0084,,,Dataset
act-002972,2026-06-20T21:05:00Z,ViewReport,key-2972,user103@contoso.example,ws-038,ds-0110,,,Dataset
act-002973,2026-06-03T06:44:00Z,ViewReport,key-2973,user062@contoso.example,ws-006,ds-0016,,,Dataset
act-002974,2026-06-26T19:32:00Z,View,key-2974,user075@contoso.example,ws-039,ds-0113,,,Dataset
act-002975,2026-06-17T09:43:00Z,ViewDashboard,key-2975,user079@contoso.example,ws-029,ds-0083,,,Dataset
act-002976,2026-06-30T06:01:00Z,View,key-2976,user075@contoso.example,ws-001,ds-0002,,,Dataset
act-002977,2026-06-26T10:52:00Z,ViewReport,key-2977,user116@contoso.example,ws-058,ds-0173,,,Dataset
act-002978,2026-06-24T15:30:00Z,View,key-2978,user076@contoso.example,ws-027,ds-0075,,,Dataset
act-002979,2026-06-29T13:52:00Z,Export,key-2979,user129@contoso.example,ws-030,ds-0089,,,Dataset
act-002980,2026-06-07T03:25:00Z,View,key-2980,user045@contoso.example,ws-022,ds-0063,,,Dataset
act-002981,2026-06-29T11:14:00Z,ViewReport,key-2981,user051@contoso.example,ws-022,ds-0063,,,Dataset
act-002982,2026-06-02T10:29:00Z,View,key-2982,user130@contoso.example,ws-062,ds-0189,,,Dataset
act-002983,2026-06-27T12:25:00Z,View,key-2983,user015@contoso.example,ws-006,ds-0015,,,Dataset
act-002984,2026-06-06T10:01:00Z,ViewReport,key-2984,user098@contoso.example,ws-040,ds-0117,,,Dataset
act-002985,2026-06-14T13:02:00Z,View,key-2985,user092@contoso.example,ws-034,ds-0099,,,Dataset
act-002986,2026-06-01T16:59:00Z,ViewReport,key-2986,user110@contoso.example,ws-032,ds-0093,,,Dataset
act-002987,2026-06-03T01:26:00Z,ViewReport,key-2987,user096@contoso.example,ws-045,ds-0132,,,Dataset
act-002988,2026-06-12T23:13:00Z,View,key-2988,user066@contoso.example,ws-012,ds-0035,,,Dataset
act-002989,2026-06-16T08:55:00Z,ViewReport,key-2989,user067@contoso.example,ws-010,ds-0028,,,Dataset
act-002990,2026-06-03T05:43:00Z,View,key-2990,user067@contoso.example,ws-025,ds-0070,,,Dataset
act-002991,2026-06-07T18:27:00Z,View,key-2991,user054@contoso.example,ws-045,ds-0134,,,Dataset
act-002992,2026-06-11T18:50:00Z,View,key-2992,user002@contoso.example,ws-034,ds-0100,,,Dataset
act-002993,2026-06-29T02:35:00Z,ViewReport,key-2993,user002@contoso.example,ws-056,ds-0169,,,Dataset
act-002994,2026-06-29T16:31:00Z,View,key-2994,user056@contoso.example,ws-010,ds-0028,,,Dataset
act-002995,2026-06-17T17:07:00Z,View,key-2995,user149@contoso.example,ws-050,ds-0152,,,Dataset
act-002996,2026-06-21T20:09:00Z,View,key-2996,user025@contoso.example,ws-042,ds-0123,,,Dataset
act-002997,2026-06-17T18:36:00Z,View,key-2997,user028@contoso.example,ws-020,ds-0057,,,Dataset
act-002998,2026-06-20T17:30:00Z,View,key-2998,user106@contoso.example,ws-051,ds-0155,,,Dataset
act-002999,2026-06-11T00:06:00Z,ViewDashboard,key-2999,user120@contoso.example,ws-045,ds-0135,,,Dataset
act-003000,2026-06-24T11:29:00Z,ViewReport,key-3000,user027@contoso.example,ws-037,ds-0108,,,Dataset
act-003001,2026-06-17T01:33:00Z,ViewReport,key-3001,user082@contoso.example,ws-038,ds-0111,,,Dataset
act-003002,2026-06-24T04:08:00Z,View,key-3002,user023@contoso.example,ws-037,ds-0106,,,Dataset
act-003003,2026-06-11T04:43:00Z,ViewReport,key-3003,user044@contoso.example,ws-045,ds-0133,,,Dataset
act-003004,2026-06-17T03:58:00Z,Export,key-3004,user087@contoso.example,ws-036,ds-0104,,,Dataset
act-003005,2026-06-26T23:05:00Z,RefreshDataset,key-3005,user052@contoso.example,ws-042,ds-0125,,,Dataset
act-003006,2026-06-03T06:05:00Z,ViewReport,key-3006,user118@contoso.example,ws-052,ds-0158,,,Dataset
act-003007,2026-06-29T09:36:00Z,View,key-3007,user084@contoso.example,ws-022,ds-0063,,,Dataset
act-003008,2026-06-05T22:50:00Z,ViewReport,key-3008,user110@contoso.example,ws-043,ds-0126,,,Dataset
act-003009,2026-06-26T05:50:00Z,View,key-3009,user064@contoso.example,ws-030,ds-0089,,,Dataset
act-003010,2026-06-16T13:42:00Z,View,key-3010,user133@contoso.example,ws-033,ds-0095,,,Dataset
act-003011,2026-06-29T04:20:00Z,ViewReport,key-3011,user109@contoso.example,ws-039,ds-0112,,,Dataset
act-003012,2026-06-21T10:07:00Z,View,key-3012,user029@contoso.example,ws-034,ds-0099,,,Dataset
act-003013,2026-06-15T05:30:00Z,ViewReport,key-3013,user065@contoso.example,ws-009,ds-0025,,,Dataset
act-003014,2026-06-18T22:12:00Z,View,key-3014,user024@contoso.example,ws-037,ds-0106,,,Dataset
act-003015,2026-06-28T23:12:00Z,View,key-3015,user086@contoso.example,ws-026,ds-0074,,,Dataset
act-003016,2026-06-01T06:12:00Z,View,key-3016,user122@contoso.example,ws-026,ds-0073,,,Dataset
act-003017,2026-06-10T18:26:00Z,ViewDashboard,key-3017,user113@contoso.example,ws-054,ds-0163,,,Dataset
act-003018,2026-06-11T14:19:00Z,ViewReport,key-3018,user110@contoso.example,ws-055,ds-0166,,,Dataset
act-003019,2026-06-23T10:19:00Z,View,key-3019,user037@contoso.example,ws-061,ds-0182,,,Dataset
act-003020,2026-06-04T16:54:00Z,View,key-3020,user143@contoso.example,ws-043,ds-0126,,,Dataset
act-003021,2026-06-22T05:06:00Z,Export,key-3021,user084@contoso.example,ws-011,ds-0033,,,Dataset
act-003022,2026-06-17T17:31:00Z,View,key-3022,user011@contoso.example,ws-041,ds-0121,,,Dataset
act-003023,2026-06-29T11:03:00Z,ViewReport,key-3023,user088@contoso.example,ws-020,ds-0056,,,Dataset
act-003024,2026-06-03T06:19:00Z,View,key-3024,user014@contoso.example,ws-057,ds-0171,,,Dataset
act-003025,2026-06-18T22:42:00Z,View,key-3025,user108@contoso.example,ws-037,ds-0107,,,Dataset
act-003026,2026-06-20T18:58:00Z,ViewReport,key-3026,user057@contoso.example,ws-038,ds-0110,,,Dataset
act-003027,2026-06-18T15:50:00Z,View,key-3027,user126@contoso.example,ws-024,ds-0069,,,Dataset
act-003028,2026-06-03T07:19:00Z,View,key-3028,user062@contoso.example,ws-009,ds-0023,,,Dataset
act-003029,2026-06-21T16:53:00Z,RefreshDataset,key-3029,user064@contoso.example,ws-060,ds-0179,,,Dataset
act-003030,2026-06-09T02:01:00Z,View,key-3030,user118@contoso.example,ws-038,ds-0109,,,Dataset
act-003031,2026-06-27T04:39:00Z,ViewReport,key-3031,user115@contoso.example,ws-062,ds-0187,,,Dataset
act-003032,2026-06-14T12:23:00Z,ViewReport,key-3032,user011@contoso.example,ws-037,ds-0108,,,Dataset
act-003033,2026-06-29T13:52:00Z,ViewReport,key-3033,user061@contoso.example,ws-044,ds-0128,,,Dataset
act-003034,2026-06-29T19:14:00Z,ViewDashboard,key-3034,user113@contoso.example,ws-019,ds-0055,,,Dataset
act-003035,2026-06-28T21:31:00Z,View,key-3035,user025@contoso.example,ws-040,ds-0117,,,Dataset
act-003036,2026-06-02T23:57:00Z,View,key-3036,user052@contoso.example,ws-058,ds-0176,,,Dataset
act-003037,2026-06-19T15:57:00Z,ViewReport,key-3037,user029@contoso.example,ws-011,ds-0032,,,Dataset
act-003038,2026-06-17T05:45:00Z,RefreshDataset,key-3038,user056@contoso.example,ws-006,ds-0015,,,Dataset
act-003039,2026-06-22T08:02:00Z,ViewReport,key-3039,user086@contoso.example,ws-053,ds-0160,,,Dataset
act-003040,2026-06-24T16:11:00Z,ViewReport,key-3040,user030@contoso.example,ws-042,ds-0123,,,Dataset
act-003041,2026-06-30T15:12:00Z,ViewReport,key-3041,user035@contoso.example,ws-058,ds-0176,,,Dataset
act-003042,2026-06-27T01:13:00Z,ViewReport,key-3042,user112@contoso.example,ws-008,ds-0021,,,Dataset
act-003043,2026-06-13T12:18:00Z,ViewReport,key-3043,user025@contoso.example,ws-039,ds-0112,,,Dataset
act-003044,2026-06-27T16:59:00Z,View,key-3044,user131@contoso.example,ws-024,ds-0069,,,Dataset
act-003045,2026-06-16T22:57:00Z,ViewReport,key-3045,user135@contoso.example,ws-055,ds-0165,,,Dataset
act-003046,2026-06-18T16:19:00Z,Export,key-3046,user126@contoso.example,ws-031,ds-0090,,,Dataset
act-003047,2026-06-20T23:56:00Z,View,key-3047,user149@contoso.example,ws-032,ds-0092,,,Dataset
act-003048,2026-06-16T02:06:00Z,Export,key-3048,user023@contoso.example,ws-027,ds-0075,,,Dataset
act-003049,2026-06-15T19:53:00Z,View,key-3049,user014@contoso.example,ws-027,ds-0076,,,Dataset
act-003050,2026-06-30T12:37:00Z,RefreshDataset,key-3050,user046@contoso.example,ws-061,ds-0182,,,Dataset
act-003051,2026-06-26T07:40:00Z,View,key-3051,user091@contoso.example,ws-061,ds-0184,,,Dataset
act-003052,2026-06-04T00:34:00Z,ViewDashboard,key-3052,user053@contoso.example,ws-055,ds-0167,,,Dataset
act-003053,2026-06-05T15:42:00Z,ViewDashboard,key-3053,user101@contoso.example,ws-045,ds-0133,,,Dataset
act-003054,2026-06-17T13:34:00Z,ViewDashboard,key-3054,user147@contoso.example,ws-056,ds-0170,,,Dataset
act-003055,2026-06-17T09:09:00Z,View,key-3055,user048@contoso.example,ws-002,ds-0005,,,Dataset
act-003056,2026-06-13T10:03:00Z,View,key-3056,user013@contoso.example,ws-055,ds-0165,,,Dataset
act-003057,2026-06-29T10:58:00Z,View,key-3057,user025@contoso.example,ws-012,ds-0036,,,Dataset
act-003058,2026-06-09T05:02:00Z,View,key-3058,user105@contoso.example,ws-062,ds-0188,,,Dataset
act-003059,2026-06-12T03:51:00Z,View,key-3059,user046@contoso.example,ws-021,ds-0058,,,Dataset
act-003060,2026-06-27T18:18:00Z,View,key-3060,user112@contoso.example,ws-051,ds-0154,,,Dataset
act-003061,2026-06-02T07:45:00Z,ViewReport,key-3061,user107@contoso.example,ws-054,ds-0162,,,Dataset
act-003062,2026-06-28T22:04:00Z,View,key-3062,user146@contoso.example,ws-003,ds-0008,,,Dataset
act-003063,2026-06-06T22:37:00Z,View,key-3063,user082@contoso.example,ws-042,ds-0123,,,Dataset
act-003064,2026-06-07T16:27:00Z,View,key-3064,user018@contoso.example,ws-046,ds-0139,,,Dataset
act-003065,2026-06-05T22:48:00Z,View,key-3065,user126@contoso.example,ws-049,ds-0146,,,Dataset
act-003066,2026-06-13T04:07:00Z,RefreshDataset,key-3066,user051@contoso.example,ws-054,ds-0163,,,Dataset
act-003067,2026-06-11T09:40:00Z,View,key-3067,user018@contoso.example,ws-029,ds-0083,,,Dataset
act-003068,2026-06-09T23:14:00Z,View,key-3068,user051@contoso.example,ws-011,ds-0031,,,Dataset
act-003069,2026-06-30T21:58:00Z,ViewReport,key-3069,user078@contoso.example,ws-045,ds-0132,,,Dataset
act-003070,2026-06-18T20:36:00Z,ViewReport,key-3070,user093@contoso.example,ws-050,ds-0151,,,Dataset
act-003071,2026-06-08T02:11:00Z,View,key-3071,user085@contoso.example,ws-005,ds-0013,,,Dataset
act-003072,2026-06-19T01:19:00Z,ViewDashboard,key-3072,user008@contoso.example,ws-005,ds-0013,,,Dataset
act-003073,2026-06-28T05:17:00Z,ViewDashboard,key-3073,user116@contoso.example,ws-010,ds-0027,,,Dataset
act-003074,2026-06-02T06:25:00Z,View,key-3074,user063@contoso.example,ws-061,ds-0184,,,Dataset
act-003075,2026-06-26T15:46:00Z,View,key-3075,user053@contoso.example,ws-022,ds-0064,,,Dataset
act-003076,2026-06-10T20:09:00Z,View,key-3076,user113@contoso.example,ws-028,ds-0080,,,Dataset
act-003077,2026-06-04T16:36:00Z,Export,key-3077,user101@contoso.example,ws-042,ds-0124,,,Dataset
act-003078,2026-06-06T02:48:00Z,ViewReport,key-3078,user121@contoso.example,ws-042,ds-0123,,,Dataset
act-003079,2026-06-20T21:52:00Z,ViewReport,key-3079,user076@contoso.example,ws-062,ds-0188,,,Dataset
act-003080,2026-06-24T04:41:00Z,View,key-3080,user009@contoso.example,ws-052,ds-0157,,,Dataset
act-003081,2026-06-27T03:31:00Z,View,key-3081,user069@contoso.example,ws-012,ds-0035,,,Dataset
act-003082,2026-06-18T04:05:00Z,View,key-3082,user023@contoso.example,ws-061,ds-0182,,,Dataset
act-003083,2026-06-29T15:49:00Z,ViewDashboard,key-3083,user126@contoso.example,ws-030,ds-0087,,,Dataset
act-003084,2026-06-22T18:26:00Z,View,key-3084,user037@contoso.example,ws-021,ds-0061,,,Dataset
act-003085,2026-06-09T21:03:00Z,Export,key-3085,user071@contoso.example,ws-056,ds-0170,,,Dataset
act-003086,2026-06-19T12:52:00Z,ViewReport,key-3086,user108@contoso.example,ws-008,ds-0021,,,Dataset
act-003087,2026-06-23T20:40:00Z,View,key-3087,user102@contoso.example,ws-028,ds-0082,,,Dataset
act-003088,2026-06-13T05:30:00Z,View,key-3088,user124@contoso.example,ws-009,ds-0024,,,Dataset
act-003089,2026-06-02T13:20:00Z,View,key-3089,user111@contoso.example,ws-059,ds-0177,,,Dataset
act-003090,2026-06-25T16:27:00Z,ViewReport,key-3090,user055@contoso.example,ws-015,ds-0042,,,Dataset
act-003091,2026-06-15T16:23:00Z,ViewReport,key-3091,user119@contoso.example,ws-060,ds-0179,,,Dataset
act-003092,2026-06-04T21:56:00Z,View,key-3092,user017@contoso.example,ws-041,ds-0119,,,Dataset
act-003093,2026-06-19T18:36:00Z,Export,key-3093,user023@contoso.example,ws-018,ds-0050,,,Dataset
act-003094,2026-06-16T12:46:00Z,View,key-3094,user126@contoso.example,ws-042,ds-0123,,,Dataset
act-003095,2026-06-21T00:00:00Z,View,key-3095,user113@contoso.example,ws-011,ds-0033,,,Dataset
act-003096,2026-06-19T13:49:00Z,ViewReport,key-3096,user079@contoso.example,ws-015,ds-0042,,,Dataset
act-003097,2026-06-11T05:28:00Z,ViewDashboard,key-3097,user075@contoso.example,ws-044,ds-0130,,,Dataset
act-003098,2026-06-07T00:44:00Z,View,key-3098,user140@contoso.example,ws-001,ds-0003,,,Dataset
act-003099,2026-06-16T16:40:00Z,View,key-3099,user074@contoso.example,ws-004,ds-0011,,,Dataset
act-003100,2026-06-14T10:53:00Z,View,key-3100,user023@contoso.example,ws-049,ds-0145,,,Dataset
act-003101,2026-06-22T17:26:00Z,ViewReport,key-3101,user078@contoso.example,ws-046,ds-0139,,,Dataset
act-003102,2026-06-20T20:32:00Z,ViewReport,key-3102,user050@contoso.example,ws-042,ds-0125,,,Dataset
act-003103,2026-06-23T05:00:00Z,ViewReport,key-3103,user037@contoso.example,ws-019,ds-0054,,,Dataset
act-003104,2026-06-06T12:35:00Z,View,key-3104,user007@contoso.example,ws-036,ds-0104,,,Dataset
act-003105,2026-06-21T21:13:00Z,View,key-3105,user126@contoso.example,ws-041,ds-0121,,,Dataset
act-003106,2026-06-18T11:50:00Z,View,key-3106,user099@contoso.example,ws-026,ds-0074,,,Dataset
act-003107,2026-06-29T10:13:00Z,View,key-3107,user067@contoso.example,ws-001,ds-0002,,,Dataset
act-003108,2026-06-24T13:18:00Z,View,key-3108,user130@contoso.example,ws-019,ds-0053,,,Dataset
act-003109,2026-06-04T07:08:00Z,View,key-3109,user118@contoso.example,ws-014,ds-0039,,,Dataset
act-003110,2026-06-12T00:16:00Z,View,key-3110,user108@contoso.example,ws-008,ds-0020,,,Dataset
act-003111,2026-06-13T09:48:00Z,ViewReport,key-3111,user096@contoso.example,ws-022,ds-0062,,,Dataset
act-003112,2026-06-24T00:36:00Z,ViewReport,key-3112,user081@contoso.example,ws-026,ds-0072,,,Dataset
act-003113,2026-06-12T23:41:00Z,View,key-3113,user026@contoso.example,ws-055,ds-0165,,,Dataset
act-003114,2026-06-10T18:09:00Z,ViewDashboard,key-3114,user109@contoso.example,ws-056,ds-0169,,,Dataset
act-003115,2026-06-06T04:51:00Z,View,key-3115,user113@contoso.example,ws-056,ds-0169,,,Dataset
act-003116,2026-06-14T00:12:00Z,View,key-3116,user129@contoso.example,ws-048,ds-0143,,,Dataset
act-003117,2026-06-02T15:04:00Z,View,key-3117,user066@contoso.example,ws-006,ds-0016,,,Dataset
act-003118,2026-06-11T16:49:00Z,View,key-3118,user110@contoso.example,ws-061,ds-0184,,,Dataset
act-003119,2026-06-09T03:40:00Z,ViewReport,key-3119,user062@contoso.example,ws-040,ds-0118,,,Dataset
act-003120,2026-06-20T19:53:00Z,ViewReport,key-3120,user063@contoso.example,ws-034,ds-0100,,,Dataset
act-003121,2026-06-22T20:14:00Z,ViewReport,key-3121,user063@contoso.example,ws-052,ds-0157,,,Dataset
act-003122,2026-06-17T06:46:00Z,View,key-3122,user110@contoso.example,ws-018,ds-0051,,,Dataset
act-003123,2026-06-18T16:13:00Z,ViewReport,key-3123,user103@contoso.example,ws-048,ds-0142,,,Dataset
act-003124,2026-06-17T18:50:00Z,View,key-3124,user132@contoso.example,ws-046,ds-0136,,,Dataset
act-003125,2026-06-04T14:13:00Z,Export,key-3125,user112@contoso.example,ws-048,ds-0143,,,Dataset
act-003126,2026-06-18T03:58:00Z,View,key-3126,user037@contoso.example,ws-034,ds-0097,,,Dataset
act-003127,2026-06-08T10:02:00Z,ViewReport,key-3127,user061@contoso.example,ws-043,ds-0126,,,Dataset
act-003128,2026-06-16T17:31:00Z,ViewReport,key-3128,user093@contoso.example,ws-021,ds-0060,,,Dataset
act-003129,2026-06-05T03:37:00Z,View,key-3129,user097@contoso.example,ws-051,ds-0155,,,Dataset
act-003130,2026-06-17T08:59:00Z,View,key-3130,user051@contoso.example,ws-051,ds-0153,,,Dataset
act-003131,2026-06-30T06:59:00Z,View,key-3131,user090@contoso.example,ws-027,ds-0075,,,Dataset
act-003132,2026-06-02T17:25:00Z,View,key-3132,user040@contoso.example,ws-041,ds-0119,,,Dataset
act-003133,2026-06-14T21:40:00Z,View,key-3133,user023@contoso.example,ws-039,ds-0112,,,Dataset
act-003134,2026-06-29T01:28:00Z,View,key-3134,user114@contoso.example,ws-036,ds-0104,,,Dataset
act-003135,2026-06-26T17:54:00Z,ViewDashboard,key-3135,user059@contoso.example,ws-037,ds-0106,,,Dataset
act-003136,2026-06-23T19:30:00Z,View,key-3136,user018@contoso.example,ws-008,ds-0020,,,Dataset
act-003137,2026-06-20T01:22:00Z,View,key-3137,user068@contoso.example,ws-055,ds-0167,,,Dataset
act-003138,2026-06-30T13:32:00Z,Export,key-3138,user059@contoso.example,ws-049,ds-0147,,,Dataset
act-003139,2026-06-07T01:23:00Z,ViewReport,key-3139,user072@contoso.example,ws-020,ds-0056,,,Dataset
act-003140,2026-06-02T21:27:00Z,ViewDashboard,key-3140,user036@contoso.example,ws-015,ds-0041,,,Dataset
act-003141,2026-06-13T03:03:00Z,View,key-3141,user039@contoso.example,ws-061,ds-0182,,,Dataset
act-003142,2026-06-09T17:44:00Z,View,key-3142,user100@contoso.example,ws-041,ds-0121,,,Dataset
act-003143,2026-06-12T03:33:00Z,View,key-3143,user029@contoso.example,ws-046,ds-0138,,,Dataset
act-003144,2026-06-20T17:52:00Z,ViewReport,key-3144,user021@contoso.example,ws-036,ds-0105,,,Dataset
act-003145,2026-06-07T04:37:00Z,View,key-3145,user061@contoso.example,ws-027,ds-0078,,,Dataset
act-003146,2026-06-12T15:11:00Z,View,key-3146,user053@contoso.example,ws-024,ds-0068,,,Dataset
act-003147,2026-06-20T17:22:00Z,ViewReport,key-3147,user102@contoso.example,ws-041,ds-0122,,,Dataset
act-003148,2026-06-22T22:33:00Z,View,key-3148,user120@contoso.example,ws-029,ds-0083,,,Dataset
act-003149,2026-06-05T17:59:00Z,ViewReport,key-3149,user059@contoso.example,ws-058,ds-0174,,,Dataset
act-003150,2026-06-17T20:45:00Z,View,key-3150,user003@contoso.example,ws-059,ds-0178,,,Dataset
act-003151,2026-06-01T18:39:00Z,RefreshDataset,key-3151,user110@contoso.example,ws-050,ds-0151,,,Dataset
act-003152,2026-06-14T21:59:00Z,View,key-3152,user069@contoso.example,ws-060,ds-0180,,,Dataset
act-003153,2026-06-21T10:44:00Z,RefreshDataset,key-3153,user017@contoso.example,ws-002,ds-0005,,,Dataset
act-003154,2026-06-28T08:39:00Z,View,key-3154,user120@contoso.example,ws-003,ds-0008,,,Dataset
act-003155,2026-06-24T07:22:00Z,ViewReport,key-3155,user096@contoso.example,ws-061,ds-0185,,,Dataset
act-003156,2026-06-09T07:53:00Z,ViewDashboard,key-3156,user083@contoso.example,ws-026,ds-0074,,,Dataset
act-003157,2026-06-08T12:53:00Z,ViewReport,key-3157,user101@contoso.example,ws-027,ds-0076,,,Dataset
act-003158,2026-06-04T22:03:00Z,View,key-3158,user147@contoso.example,ws-042,ds-0125,,,Dataset
act-003159,2026-06-20T20:28:00Z,View,key-3159,user042@contoso.example,ws-040,ds-0117,,,Dataset
act-003160,2026-06-05T22:27:00Z,Export,key-3160,user097@contoso.example,ws-028,ds-0079,,,Dataset
act-003161,2026-06-24T21:05:00Z,RefreshDataset,key-3161,user061@contoso.example,ws-029,ds-0083,,,Dataset
act-003162,2026-06-02T00:09:00Z,View,key-3162,user118@contoso.example,ws-044,ds-0128,,,Dataset
act-003163,2026-06-25T11:47:00Z,Export,key-3163,user122@contoso.example,ws-006,ds-0016,,,Dataset
act-003164,2026-06-27T13:51:00Z,View,key-3164,user112@contoso.example,ws-052,ds-0157,,,Dataset
act-003165,2026-06-23T18:15:00Z,ViewReport,key-3165,user082@contoso.example,ws-046,ds-0138,,,Dataset
act-003166,2026-06-04T08:22:00Z,Export,key-3166,user097@contoso.example,ws-022,ds-0062,,,Dataset
act-003167,2026-06-21T19:43:00Z,View,key-3167,user112@contoso.example,ws-001,ds-0003,,,Dataset
act-003168,2026-06-17T02:09:00Z,View,key-3168,user002@contoso.example,ws-004,ds-0010,,,Dataset
act-003169,2026-06-02T00:25:00Z,Export,key-3169,user021@contoso.example,ws-052,ds-0157,,,Dataset
act-003170,2026-06-12T11:33:00Z,RefreshDataset,key-3170,user057@contoso.example,ws-030,ds-0089,,,Dataset
act-003171,2026-06-28T18:57:00Z,View,key-3171,user037@contoso.example,ws-056,ds-0170,,,Dataset
act-003172,2026-06-28T08:16:00Z,View,key-3172,user112@contoso.example,ws-028,ds-0082,,,Dataset
act-003173,2026-06-11T05:13:00Z,View,key-3173,user078@contoso.example,ws-017,ds-0047,,,Dataset
act-003174,2026-06-24T17:39:00Z,View,key-3174,user022@contoso.example,ws-028,ds-0080,,,Dataset
act-003175,2026-06-07T19:51:00Z,View,key-3175,user022@contoso.example,ws-049,ds-0147,,,Dataset
act-003176,2026-06-30T14:25:00Z,View,key-3176,user054@contoso.example,ws-049,ds-0145,,,Dataset
act-003177,2026-06-02T07:35:00Z,View,key-3177,user150@contoso.example,ws-008,ds-0021,,,Dataset
act-003178,2026-06-11T18:58:00Z,View,key-3178,user090@contoso.example,ws-004,ds-0011,,,Dataset
act-003179,2026-06-24T21:43:00Z,View,key-3179,user017@contoso.example,ws-039,ds-0112,,,Dataset
act-003180,2026-06-01T13:52:00Z,View,key-3180,user029@contoso.example,ws-019,ds-0054,,,Dataset
act-003181,2026-06-21T02:51:00Z,View,key-3181,user125@contoso.example,ws-012,ds-0036,,,Dataset
act-003182,2026-06-10T01:45:00Z,ViewReport,key-3182,user017@contoso.example,ws-044,ds-0129,,,Dataset
act-003183,2026-06-15T06:01:00Z,View,key-3183,user059@contoso.example,ws-058,ds-0176,,,Dataset
act-003184,2026-06-27T16:09:00Z,View,key-3184,user034@contoso.example,ws-007,ds-0018,,,Dataset
act-003185,2026-06-18T14:56:00Z,View,key-3185,user149@contoso.example,ws-045,ds-0133,,,Dataset
act-003186,2026-06-29T18:25:00Z,View,key-3186,user061@contoso.example,ws-012,ds-0035,,,Dataset
act-003187,2026-06-01T20:11:00Z,View,key-3187,user093@contoso.example,ws-048,ds-0142,,,Dataset
act-003188,2026-06-05T02:32:00Z,View,key-3188,user099@contoso.example,ws-032,ds-0092,,,Dataset
act-003189,2026-06-28T01:35:00Z,ViewReport,key-3189,user147@contoso.example,ws-018,ds-0049,,,Dataset
act-003190,2026-06-04T04:41:00Z,View,key-3190,user140@contoso.example,ws-036,ds-0105,,,Dataset
act-003191,2026-06-12T23:33:00Z,View,key-3191,user068@contoso.example,ws-049,ds-0146,,,Dataset
act-003192,2026-06-20T17:04:00Z,ViewDashboard,key-3192,user070@contoso.example,ws-047,ds-0141,,,Dataset
act-003193,2026-06-01T19:55:00Z,View,key-3193,user110@contoso.example,ws-022,ds-0062,,,Dataset
act-003194,2026-06-12T09:29:00Z,ViewReport,key-3194,user048@contoso.example,ws-007,ds-0018,,,Dataset
act-003195,2026-06-29T15:41:00Z,ViewReport,key-3195,user096@contoso.example,ws-005,ds-0014,,,Dataset
act-003196,2026-06-09T16:29:00Z,View,key-3196,user010@contoso.example,ws-028,ds-0079,,,Dataset
act-003197,2026-06-11T12:24:00Z,View,key-3197,user013@contoso.example,ws-014,ds-0040,,,Dataset
act-003198,2026-06-27T11:25:00Z,View,key-3198,user080@contoso.example,ws-001,ds-0002,,,Dataset
act-003199,2026-06-09T20:25:00Z,View,key-3199,user025@contoso.example,ws-010,ds-0028,,,Dataset
act-003200,2026-06-05T21:49:00Z,View,key-3200,user086@contoso.example,ws-062,ds-0186,,,Dataset
act-003201,2026-06-02T13:25:00Z,View,key-3201,user097@contoso.example,ws-053,ds-0161,,,Dataset
act-003202,2026-06-14T01:54:00Z,View,key-3202,user090@contoso.example,ws-032,ds-0093,,,Dataset
act-003203,2026-06-20T00:53:00Z,Export,key-3203,user096@contoso.example,ws-044,ds-0131,,,Dataset
act-003204,2026-06-23T14:27:00Z,View,key-3204,user148@contoso.example,ws-029,ds-0085,,,Dataset
act-003205,2026-06-07T15:36:00Z,ViewDashboard,key-3205,user150@contoso.example,ws-060,ds-0180,,,Dataset
act-003206,2026-06-04T19:19:00Z,View,key-3206,user119@contoso.example,ws-042,ds-0125,,,Dataset
act-003207,2026-06-05T18:53:00Z,View,key-3207,user049@contoso.example,ws-050,ds-0152,,,Dataset
act-003208,2026-06-11T04:05:00Z,ViewReport,key-3208,user146@contoso.example,ws-059,ds-0178,,,Dataset
act-003209,2026-06-24T12:51:00Z,View,key-3209,user007@contoso.example,ws-002,ds-0005,,,Dataset
act-003210,2026-06-05T14:27:00Z,View,key-3210,user079@contoso.example,ws-025,ds-0070,,,Dataset
act-003211,2026-06-06T08:43:00Z,View,key-3211,user021@contoso.example,ws-055,ds-0167,,,Dataset
act-003212,2026-06-04T02:52:00Z,View,key-3212,user034@contoso.example,ws-054,ds-0162,,,Dataset
act-003213,2026-06-14T20:26:00Z,View,key-3213,user125@contoso.example,ws-058,ds-0173,,,Dataset
act-003214,2026-06-15T06:40:00Z,View,key-3214,user057@contoso.example,ws-048,ds-0142,,,Dataset
act-003215,2026-06-28T07:00:00Z,RefreshDataset,key-3215,user138@contoso.example,ws-052,ds-0157,,,Dataset
act-003216,2026-06-08T03:16:00Z,ViewDashboard,key-3216,user064@contoso.example,ws-033,ds-0095,,,Dataset
act-003217,2026-06-16T17:58:00Z,View,key-3217,user099@contoso.example,ws-001,ds-0004,,,Dataset
act-003218,2026-06-07T06:47:00Z,View,key-3218,user068@contoso.example,ws-017,ds-0047,,,Dataset
act-003219,2026-06-21T04:51:00Z,View,key-3219,user104@contoso.example,ws-032,ds-0094,,,Dataset
act-003220,2026-06-29T17:25:00Z,ViewReport,key-3220,user009@contoso.example,ws-037,ds-0106,,,Dataset
act-003221,2026-06-24T21:21:00Z,View,key-3221,user013@contoso.example,ws-048,ds-0142,,,Dataset
act-003222,2026-06-23T11:58:00Z,View,key-3222,user090@contoso.example,ws-048,ds-0143,,,Dataset
act-003223,2026-06-30T22:48:00Z,View,key-3223,user084@contoso.example,ws-020,ds-0056,,,Dataset
act-003224,2026-06-16T11:55:00Z,RefreshDataset,key-3224,user081@contoso.example,ws-005,ds-0014,,,Dataset
act-003225,2026-06-09T07:43:00Z,ViewDashboard,key-3225,user086@contoso.example,ws-047,ds-0140,,,Dataset
act-003226,2026-06-15T17:06:00Z,ViewReport,key-3226,user124@contoso.example,ws-048,ds-0144,,,Dataset
act-003227,2026-06-15T19:58:00Z,ViewReport,key-3227,user028@contoso.example,ws-061,ds-0183,,,Dataset
act-003228,2026-06-26T09:56:00Z,ViewDashboard,key-3228,user030@contoso.example,ws-046,ds-0136,,,Dataset
act-003229,2026-06-12T21:48:00Z,ViewDashboard,key-3229,user030@contoso.example,ws-054,ds-0163,,,Dataset
act-003230,2026-06-10T08:27:00Z,View,key-3230,user088@contoso.example,ws-036,ds-0105,,,Dataset
act-003231,2026-06-09T03:29:00Z,View,key-3231,user105@contoso.example,ws-009,ds-0024,,,Dataset
act-003232,2026-06-30T11:26:00Z,RefreshDataset,key-3232,user101@contoso.example,ws-013,ds-0037,,,Dataset
act-003233,2026-06-14T17:35:00Z,View,key-3233,user081@contoso.example,ws-032,ds-0093,,,Dataset
act-003234,2026-06-22T10:15:00Z,ViewReport,key-3234,user057@contoso.example,ws-054,ds-0163,,,Dataset
act-003235,2026-06-16T15:27:00Z,View,key-3235,user091@contoso.example,ws-038,ds-0111,,,Dataset
act-003236,2026-06-20T19:02:00Z,ViewReport,key-3236,user071@contoso.example,ws-016,ds-0044,,,Dataset
act-003237,2026-06-10T04:14:00Z,View,key-3237,user110@contoso.example,ws-048,ds-0144,,,Dataset
act-003238,2026-06-06T05:24:00Z,ViewDashboard,key-3238,user131@contoso.example,ws-038,ds-0110,,,Dataset
act-003239,2026-06-28T09:39:00Z,View,key-3239,user101@contoso.example,ws-055,ds-0166,,,Dataset
act-003240,2026-06-04T09:24:00Z,View,key-3240,user060@contoso.example,ws-015,ds-0042,,,Dataset
act-003241,2026-06-13T06:45:00Z,View,key-3241,user016@contoso.example,ws-029,ds-0086,,,Dataset
act-003242,2026-06-22T11:48:00Z,View,key-3242,user093@contoso.example,ws-019,ds-0053,,,Dataset
act-003243,2026-06-03T20:12:00Z,ViewReport,key-3243,user051@contoso.example,ws-008,ds-0020,,,Dataset
act-003244,2026-06-12T13:07:00Z,RefreshDataset,key-3244,user002@contoso.example,ws-010,ds-0028,,,Dataset
act-003245,2026-06-06T15:32:00Z,View,key-3245,user077@contoso.example,ws-027,ds-0075,,,Dataset
act-003246,2026-06-10T14:53:00Z,ViewReport,key-3246,user115@contoso.example,ws-049,ds-0148,,,Dataset
act-003247,2026-06-06T23:11:00Z,ViewReport,key-3247,user029@contoso.example,ws-021,ds-0059,,,Dataset
act-003248,2026-06-16T12:04:00Z,ViewReport,key-3248,user105@contoso.example,ws-052,ds-0157,,,Dataset
act-003249,2026-06-18T05:56:00Z,View,key-3249,user140@contoso.example,ws-016,ds-0044,,,Dataset
act-003250,2026-06-11T21:33:00Z,ViewReport,key-3250,user031@contoso.example,ws-025,ds-0070,,,Dataset
act-003251,2026-06-07T20:45:00Z,ViewReport,key-3251,user127@contoso.example,ws-028,ds-0081,,,Dataset
act-003252,2026-06-10T00:33:00Z,View,key-3252,user071@contoso.example,ws-039,ds-0115,,,Dataset
act-003253,2026-06-01T14:12:00Z,View,key-3253,user148@contoso.example,ws-052,ds-0157,,,Dataset
act-003254,2026-06-21T13:06:00Z,View,key-3254,user088@contoso.example,ws-042,ds-0125,,,Dataset
act-003255,2026-06-15T15:37:00Z,ViewReport,key-3255,user015@contoso.example,ws-049,ds-0147,,,Dataset
act-003256,2026-06-13T03:32:00Z,ViewReport,key-3256,user068@contoso.example,ws-022,ds-0063,,,Dataset
act-003257,2026-06-05T10:07:00Z,View,key-3257,user081@contoso.example,ws-009,ds-0023,,,Dataset
act-003258,2026-06-09T10:20:00Z,View,key-3258,user033@contoso.example,ws-008,ds-0020,,,Dataset
act-003259,2026-06-10T03:23:00Z,View,key-3259,user111@contoso.example,ws-012,ds-0034,,,Dataset
act-003260,2026-06-08T09:35:00Z,View,key-3260,user110@contoso.example,ws-023,ds-0065,,,Dataset
act-003261,2026-06-28T02:42:00Z,View,key-3261,user098@contoso.example,ws-040,ds-0116,,,Dataset
act-003262,2026-06-09T19:58:00Z,View,key-3262,user084@contoso.example,ws-011,ds-0031,,,Dataset
act-003263,2026-06-07T07:31:00Z,ViewDashboard,key-3263,user046@contoso.example,ws-059,ds-0177,,,Dataset
act-003264,2026-06-01T03:52:00Z,View,key-3264,user025@contoso.example,ws-032,ds-0093,,,Dataset
act-003265,2026-06-09T13:43:00Z,View,key-3265,user077@contoso.example,ws-010,ds-0028,,,Dataset
act-003266,2026-06-03T11:56:00Z,View,key-3266,user122@contoso.example,ws-041,ds-0122,,,Dataset
act-003267,2026-06-14T16:17:00Z,ViewReport,key-3267,user023@contoso.example,ws-001,ds-0002,,,Dataset
act-003268,2026-06-07T08:04:00Z,View,key-3268,user018@contoso.example,ws-054,ds-0162,,,Dataset
act-003269,2026-06-01T19:00:00Z,View,key-3269,user096@contoso.example,ws-042,ds-0125,,,Dataset
act-003270,2026-06-16T20:06:00Z,ViewDashboard,key-3270,user089@contoso.example,ws-056,ds-0169,,,Dataset
act-003271,2026-06-04T09:37:00Z,View,key-3271,user150@contoso.example,ws-032,ds-0092,,,Dataset
act-003272,2026-06-28T22:41:00Z,View,key-3272,user049@contoso.example,ws-032,ds-0092,,,Dataset
act-003273,2026-06-18T15:54:00Z,View,key-3273,user010@contoso.example,ws-019,ds-0055,,,Dataset
act-003274,2026-06-28T14:11:00Z,View,key-3274,user020@contoso.example,ws-051,ds-0153,,,Dataset
act-003275,2026-06-28T16:03:00Z,View,key-3275,user134@contoso.example,ws-046,ds-0137,,,Dataset
act-003276,2026-06-17T02:24:00Z,View,key-3276,user036@contoso.example,ws-046,ds-0139,,,Dataset
act-003277,2026-06-28T14:45:00Z,ViewDashboard,key-3277,user006@contoso.example,ws-016,ds-0044,,,Dataset
act-003278,2026-06-27T19:38:00Z,View,key-3278,user005@contoso.example,ws-003,ds-0009,,,Dataset
act-003279,2026-06-26T09:46:00Z,View,key-3279,user088@contoso.example,ws-034,ds-0099,,,Dataset
act-003280,2026-06-01T07:01:00Z,View,key-3280,user001@contoso.example,ws-056,ds-0170,,,Dataset
act-003281,2026-06-09T11:45:00Z,View,key-3281,user013@contoso.example,ws-062,ds-0186,,,Dataset
act-003282,2026-06-17T02:53:00Z,View,key-3282,user055@contoso.example,ws-045,ds-0132,,,Dataset
act-003283,2026-06-02T00:11:00Z,ViewReport,key-3283,user097@contoso.example,ws-043,ds-0127,,,Dataset
act-003284,2026-06-08T22:08:00Z,View,key-3284,user053@contoso.example,ws-040,ds-0117,,,Dataset
act-003285,2026-06-26T15:14:00Z,ViewReport,key-3285,user083@contoso.example,ws-038,ds-0110,,,Dataset
act-003286,2026-06-02T08:53:00Z,View,key-3286,user099@contoso.example,ws-019,ds-0054,,,Dataset
act-003287,2026-06-29T01:21:00Z,View,key-3287,user119@contoso.example,ws-050,ds-0150,,,Dataset
act-003288,2026-06-08T11:13:00Z,ViewReport,key-3288,user043@contoso.example,ws-029,ds-0084,,,Dataset
act-003289,2026-06-14T21:58:00Z,View,key-3289,user053@contoso.example,ws-032,ds-0094,,,Dataset
act-003290,2026-06-02T11:55:00Z,ViewDashboard,key-3290,user145@contoso.example,ws-019,ds-0054,,,Dataset
act-003291,2026-06-15T06:49:00Z,ViewReport,key-3291,user025@contoso.example,ws-028,ds-0079,,,Dataset
act-003292,2026-06-07T21:42:00Z,ViewReport,key-3292,user112@contoso.example,ws-030,ds-0089,,,Dataset
act-003293,2026-06-10T04:26:00Z,ViewReport,key-3293,user016@contoso.example,ws-006,ds-0016,,,Dataset
act-003294,2026-06-23T00:39:00Z,ViewReport,key-3294,user118@contoso.example,ws-048,ds-0144,,,Dataset
act-003295,2026-06-06T14:16:00Z,ViewReport,key-3295,user023@contoso.example,ws-001,ds-0003,,,Dataset
act-003296,2026-06-09T20:44:00Z,View,key-3296,user100@contoso.example,ws-022,ds-0063,,,Dataset
act-003297,2026-06-10T02:50:00Z,ViewReport,key-3297,user023@contoso.example,ws-007,ds-0018,,,Dataset
act-003298,2026-06-23T06:27:00Z,View,key-3298,user013@contoso.example,ws-032,ds-0094,,,Dataset
act-003299,2026-06-21T05:44:00Z,RefreshDataset,key-3299,user045@contoso.example,ws-032,ds-0093,,,Dataset
act-003300,2026-06-14T01:02:00Z,View,key-3300,user148@contoso.example,ws-037,ds-0106,,,Dataset
act-003301,2026-06-22T05:10:00Z,View,key-3301,user053@contoso.example,ws-018,ds-0049,,,Dataset
act-003302,2026-06-12T14:38:00Z,View,key-3302,user082@contoso.example,ws-052,ds-0158,,,Dataset
act-003303,2026-06-30T18:19:00Z,Export,key-3303,user144@contoso.example,ws-033,ds-0095,,,Dataset
act-003304,2026-06-19T05:09:00Z,View,key-3304,user124@contoso.example,ws-029,ds-0084,,,Dataset
act-003305,2026-06-09T15:20:00Z,View,key-3305,user114@contoso.example,ws-017,ds-0046,,,Dataset
act-003306,2026-06-15T11:25:00Z,View,key-3306,user042@contoso.example,ws-032,ds-0094,,,Dataset
act-003307,2026-06-17T16:43:00Z,ViewReport,key-3307,user112@contoso.example,ws-053,ds-0159,,,Dataset
act-003308,2026-06-07T17:12:00Z,View,key-3308,user109@contoso.example,ws-038,ds-0110,,,Dataset
act-003309,2026-06-12T14:03:00Z,View,key-3309,user001@contoso.example,ws-019,ds-0054,,,Dataset
act-003310,2026-06-03T05:08:00Z,View,key-3310,user058@contoso.example,ws-053,ds-0161,,,Dataset
act-003311,2026-06-21T22:33:00Z,View,key-3311,user054@contoso.example,ws-043,ds-0127,,,Dataset
act-003312,2026-06-21T21:50:00Z,View,key-3312,user078@contoso.example,ws-024,ds-0068,,,Dataset
act-003313,2026-06-10T23:32:00Z,ViewReport,key-3313,user086@contoso.example,ws-019,ds-0055,,,Dataset
act-003314,2026-06-10T21:49:00Z,ViewReport,key-3314,user117@contoso.example,ws-029,ds-0085,,,Dataset
act-003315,2026-06-10T18:32:00Z,ViewReport,key-3315,user060@contoso.example,ws-045,ds-0135,,,Dataset
act-003316,2026-06-20T13:56:00Z,ViewDashboard,key-3316,user144@contoso.example,ws-045,ds-0134,,,Dataset
act-003317,2026-06-23T04:23:00Z,View,key-3317,user074@contoso.example,ws-014,ds-0039,,,Dataset
act-003318,2026-06-07T01:39:00Z,RefreshDataset,key-3318,user064@contoso.example,ws-018,ds-0050,,,Dataset
act-003319,2026-06-30T10:11:00Z,View,key-3319,user126@contoso.example,ws-006,ds-0017,,,Dataset
act-003320,2026-06-07T21:18:00Z,View,key-3320,user006@contoso.example,ws-034,ds-0098,,,Dataset
act-003321,2026-06-26T13:34:00Z,View,key-3321,user145@contoso.example,ws-062,ds-0186,,,Dataset
act-003322,2026-06-26T22:47:00Z,ViewDashboard,key-3322,user066@contoso.example,ws-014,ds-0039,,,Dataset
act-003323,2026-06-16T03:22:00Z,ViewReport,key-3323,user107@contoso.example,ws-041,ds-0122,,,Dataset
act-003324,2026-06-29T03:01:00Z,View,key-3324,user020@contoso.example,ws-047,ds-0140,,,Dataset
act-003325,2026-06-02T06:52:00Z,View,key-3325,user027@contoso.example,ws-002,ds-0006,,,Dataset
act-003326,2026-06-23T04:13:00Z,View,key-3326,user094@contoso.example,ws-050,ds-0150,,,Dataset
act-003327,2026-06-04T05:06:00Z,View,key-3327,user058@contoso.example,ws-037,ds-0107,,,Dataset
act-003328,2026-06-05T06:09:00Z,View,key-3328,user067@contoso.example,ws-048,ds-0143,,,Dataset
act-003329,2026-06-04T08:08:00Z,View,key-3329,user060@contoso.example,ws-016,ds-0043,,,Dataset
act-003330,2026-06-21T04:26:00Z,View,key-3330,user068@contoso.example,ws-011,ds-0033,,,Dataset
act-003331,2026-06-11T06:58:00Z,View,key-3331,user010@contoso.example,ws-041,ds-0122,,,Dataset
act-003332,2026-06-09T10:07:00Z,View,key-3332,user140@contoso.example,ws-053,ds-0159,,,Dataset
act-003333,2026-06-28T14:31:00Z,View,key-3333,user009@contoso.example,ws-047,ds-0141,,,Dataset
act-003334,2026-06-25T02:43:00Z,ViewReport,key-3334,user026@contoso.example,ws-011,ds-0032,,,Dataset
act-003335,2026-06-07T05:27:00Z,View,key-3335,user051@contoso.example,ws-046,ds-0138,,,Dataset
act-003336,2026-06-30T05:45:00Z,View,key-3336,user087@contoso.example,ws-058,ds-0176,,,Dataset
act-003337,2026-06-12T08:26:00Z,ViewReport,key-3337,user054@contoso.example,ws-052,ds-0157,,,Dataset
act-003338,2026-06-07T22:24:00Z,View,key-3338,user049@contoso.example,ws-062,ds-0189,,,Dataset
act-003339,2026-06-03T01:56:00Z,View,key-3339,user146@contoso.example,ws-030,ds-0088,,,Dataset
act-003340,2026-06-15T07:11:00Z,ViewReport,key-3340,user026@contoso.example,ws-019,ds-0052,,,Dataset
act-003341,2026-06-12T09:21:00Z,View,key-3341,user144@contoso.example,ws-030,ds-0087,,,Dataset
act-003342,2026-06-24T15:27:00Z,ViewReport,key-3342,user098@contoso.example,ws-055,ds-0164,,,Dataset
act-003343,2026-06-01T05:56:00Z,View,key-3343,user073@contoso.example,ws-020,ds-0056,,,Dataset
act-003344,2026-06-01T21:37:00Z,View,key-3344,user137@contoso.example,ws-021,ds-0060,,,Dataset
act-003345,2026-06-14T16:38:00Z,View,key-3345,user096@contoso.example,ws-008,ds-0021,,,Dataset
act-003346,2026-06-01T15:44:00Z,View,key-3346,user146@contoso.example,ws-048,ds-0144,,,Dataset
act-003347,2026-06-13T18:36:00Z,View,key-3347,user135@contoso.example,ws-051,ds-0156,,,Dataset
act-003348,2026-06-04T18:41:00Z,Export,key-3348,user146@contoso.example,ws-011,ds-0032,,,Dataset
act-003349,2026-06-10T17:52:00Z,View,key-3349,user100@contoso.example,ws-058,ds-0175,,,Dataset
act-003350,2026-06-04T05:15:00Z,View,key-3350,user003@contoso.example,ws-056,ds-0169,,,Dataset
act-003351,2026-06-02T04:18:00Z,View,key-3351,user029@contoso.example,ws-009,ds-0024,,,Dataset
act-003352,2026-06-16T10:33:00Z,RefreshDataset,key-3352,user116@contoso.example,ws-035,ds-0102,,,Dataset
act-003353,2026-06-07T10:13:00Z,View,key-3353,user122@contoso.example,ws-019,ds-0052,,,Dataset
act-003354,2026-06-02T04:32:00Z,ViewReport,key-3354,user105@contoso.example,ws-050,ds-0152,,,Dataset
act-003355,2026-06-14T16:27:00Z,View,key-3355,user139@contoso.example,ws-046,ds-0137,,,Dataset
act-003356,2026-06-27T23:17:00Z,View,key-3356,user099@contoso.example,ws-019,ds-0055,,,Dataset
act-003357,2026-06-06T02:03:00Z,ViewReport,key-3357,user104@contoso.example,ws-061,ds-0183,,,Dataset
act-003358,2026-06-12T02:19:00Z,ViewReport,key-3358,user119@contoso.example,ws-060,ds-0180,,,Dataset
act-003359,2026-06-07T19:59:00Z,ViewReport,key-3359,user075@contoso.example,ws-036,ds-0104,,,Dataset
act-003360,2026-06-24T06:05:00Z,View,key-3360,user113@contoso.example,ws-002,ds-0005,,,Dataset
act-003361,2026-06-16T02:42:00Z,RefreshDataset,key-3361,user015@contoso.example,ws-004,ds-0012,,,Dataset
act-003362,2026-06-22T04:29:00Z,View,key-3362,user011@contoso.example,ws-029,ds-0085,,,Dataset
act-003363,2026-06-18T20:34:00Z,ViewReport,key-3363,user141@contoso.example,ws-050,ds-0149,,,Dataset
act-003364,2026-06-13T19:28:00Z,View,key-3364,user085@contoso.example,ws-051,ds-0156,,,Dataset
act-003365,2026-06-28T16:19:00Z,View,key-3365,user042@contoso.example,ws-019,ds-0053,,,Dataset
act-003366,2026-06-07T03:16:00Z,View,key-3366,user086@contoso.example,ws-049,ds-0146,,,Dataset
act-003367,2026-06-06T23:06:00Z,View,key-3367,user141@contoso.example,ws-016,ds-0044,,,Dataset
act-003368,2026-06-14T01:27:00Z,ViewReport,key-3368,user002@contoso.example,ws-012,ds-0036,,,Dataset
act-003369,2026-06-25T19:57:00Z,View,key-3369,user012@contoso.example,ws-045,ds-0132,,,Dataset
act-003370,2026-06-22T08:03:00Z,View,key-3370,user150@contoso.example,ws-056,ds-0168,,,Dataset
act-003371,2026-06-04T10:07:00Z,ViewReport,key-3371,user075@contoso.example,ws-027,ds-0078,,,Dataset
act-003372,2026-06-01T11:50:00Z,View,key-3372,user004@contoso.example,ws-006,ds-0016,,,Dataset
act-003373,2026-06-22T02:45:00Z,ViewReport,key-3373,user123@contoso.example,ws-022,ds-0062,,,Dataset
act-003374,2026-06-21T08:45:00Z,ViewDashboard,key-3374,user103@contoso.example,ws-015,ds-0042,,,Dataset
act-003375,2026-06-30T07:50:00Z,View,key-3375,user047@contoso.example,ws-037,ds-0107,,,Dataset
act-003376,2026-06-06T13:19:00Z,View,key-3376,user069@contoso.example,ws-040,ds-0116,,,Dataset
act-003377,2026-06-23T07:44:00Z,ViewReport,key-3377,user046@contoso.example,ws-049,ds-0148,,,Dataset
act-003378,2026-06-10T10:13:00Z,RefreshDataset,key-3378,user102@contoso.example,ws-051,ds-0154,,,Dataset
act-003379,2026-06-01T09:08:00Z,View,key-3379,user022@contoso.example,ws-023,ds-0065,,,Dataset
act-003380,2026-06-15T09:45:00Z,View,key-3380,user095@contoso.example,ws-054,ds-0162,,,Dataset
act-003381,2026-06-22T07:59:00Z,ViewReport,key-3381,user103@contoso.example,ws-049,ds-0147,,,Dataset
act-003382,2026-06-17T20:21:00Z,View,key-3382,user111@contoso.example,ws-053,ds-0161,,,Dataset
act-003383,2026-06-17T05:01:00Z,View,key-3383,user141@contoso.example,ws-049,ds-0146,,,Dataset
act-003384,2026-06-04T05:09:00Z,ViewReport,key-3384,user099@contoso.example,ws-028,ds-0079,,,Dataset
act-003385,2026-06-13T03:59:00Z,Export,key-3385,user138@contoso.example,ws-024,ds-0067,,,Dataset
act-003386,2026-06-02T19:51:00Z,View,key-3386,user003@contoso.example,ws-042,ds-0125,,,Dataset
act-003387,2026-06-20T14:37:00Z,View,key-3387,user112@contoso.example,ws-060,ds-0181,,,Dataset
act-003388,2026-06-22T07:22:00Z,ViewReport,key-3388,user082@contoso.example,ws-009,ds-0026,,,Dataset
act-003389,2026-06-20T02:04:00Z,View,key-3389,user055@contoso.example,ws-041,ds-0121,,,Dataset
act-003390,2026-06-08T03:28:00Z,View,key-3390,user090@contoso.example,ws-006,ds-0015,,,Dataset
act-003391,2026-06-29T06:15:00Z,View,key-3391,user001@contoso.example,ws-044,ds-0128,,,Dataset
act-003392,2026-06-18T12:03:00Z,Export,key-3392,user061@contoso.example,ws-028,ds-0079,,,Dataset
act-003393,2026-06-15T15:58:00Z,View,key-3393,user047@contoso.example,ws-030,ds-0089,,,Dataset
act-003394,2026-06-25T11:12:00Z,View,key-3394,user036@contoso.example,ws-041,ds-0120,,,Dataset
act-003395,2026-06-02T21:07:00Z,View,key-3395,user059@contoso.example,ws-029,ds-0083,,,Dataset
act-003396,2026-06-01T00:12:00Z,View,key-3396,user098@contoso.example,ws-018,ds-0048,,,Dataset
act-003397,2026-06-19T13:17:00Z,ViewReport,key-3397,user018@contoso.example,ws-039,ds-0114,,,Dataset
act-003398,2026-06-07T07:04:00Z,View,key-3398,user107@contoso.example,ws-009,ds-0026,,,Dataset
act-003399,2026-06-17T07:39:00Z,ViewDashboard,key-3399,user078@contoso.example,ws-027,ds-0075,,,Dataset
act-003400,2026-06-06T04:26:00Z,View,key-3400,user023@contoso.example,ws-056,ds-0168,,,Dataset
act-003401,2026-06-12T09:56:00Z,View,key-3401,user008@contoso.example,ws-019,ds-0055,,,Dataset
act-003402,2026-06-07T20:41:00Z,ViewReport,key-3402,user031@contoso.example,ws-028,ds-0080,,,Dataset
act-003403,2026-06-08T02:22:00Z,ViewReport,key-3403,user051@contoso.example,ws-034,ds-0098,,,Dataset
act-003404,2026-06-28T22:24:00Z,View,key-3404,user054@contoso.example,ws-038,ds-0111,,,Dataset
act-003405,2026-06-13T09:26:00Z,View,key-3405,user022@contoso.example,ws-060,ds-0181,,,Dataset
act-003406,2026-06-24T09:20:00Z,View,key-3406,user035@contoso.example,ws-016,ds-0044,,,Dataset
act-003407,2026-06-07T04:56:00Z,ViewReport,key-3407,user080@contoso.example,ws-029,ds-0084,,,Dataset
act-003408,2026-06-17T21:20:00Z,View,key-3408,user115@contoso.example,ws-062,ds-0186,,,Dataset
act-003409,2026-06-25T19:36:00Z,ViewReport,key-3409,user105@contoso.example,ws-019,ds-0055,,,Dataset
act-003410,2026-06-12T14:29:00Z,View,key-3410,user057@contoso.example,ws-028,ds-0081,,,Dataset
act-003411,2026-06-12T05:07:00Z,ViewReport,key-3411,user001@contoso.example,ws-057,ds-0172,,,Dataset
act-003412,2026-06-22T12:18:00Z,ViewDashboard,key-3412,user074@contoso.example,ws-001,ds-0002,,,Dataset
act-003413,2026-06-03T04:12:00Z,RefreshDataset,key-3413,user020@contoso.example,ws-059,ds-0178,,,Dataset
act-003414,2026-06-11T08:02:00Z,View,key-3414,user118@contoso.example,ws-014,ds-0040,,,Dataset
act-003415,2026-06-17T06:00:00Z,Export,key-3415,user004@contoso.example,ws-040,ds-0116,,,Dataset
act-003416,2026-06-04T12:12:00Z,View,key-3416,user006@contoso.example,ws-013,ds-0037,,,Dataset
act-003417,2026-06-07T20:17:00Z,View,key-3417,user027@contoso.example,ws-049,ds-0147,,,Dataset
act-003418,2026-06-28T00:43:00Z,View,key-3418,user102@contoso.example,ws-030,ds-0089,,,Dataset
act-003419,2026-06-07T13:59:00Z,View,key-3419,user040@contoso.example,ws-027,ds-0077,,,Dataset
act-003420,2026-06-24T02:11:00Z,RefreshDataset,key-3420,user067@contoso.example,ws-036,ds-0104,,,Dataset
act-003421,2026-06-22T10:18:00Z,View,key-3421,user108@contoso.example,ws-019,ds-0052,,,Dataset
act-003422,2026-06-17T20:49:00Z,ViewReport,key-3422,user111@contoso.example,ws-042,ds-0124,,,Dataset
act-003423,2026-06-16T21:19:00Z,View,key-3423,user048@contoso.example,ws-034,ds-0100,,,Dataset
act-003424,2026-06-13T19:32:00Z,ViewReport,key-3424,user002@contoso.example,ws-036,ds-0105,,,Dataset
act-003425,2026-06-29T02:44:00Z,View,key-3425,user034@contoso.example,ws-021,ds-0060,,,Dataset
act-003426,2026-06-16T19:49:00Z,ViewReport,key-3426,user141@contoso.example,ws-048,ds-0144,,,Dataset
act-003427,2026-06-05T03:53:00Z,View,key-3427,user107@contoso.example,ws-040,ds-0116,,,Dataset
act-003428,2026-06-22T15:07:00Z,View,key-3428,user019@contoso.example,ws-051,ds-0155,,,Dataset
act-003429,2026-06-10T19:18:00Z,View,key-3429,user139@contoso.example,ws-053,ds-0160,,,Dataset
act-003430,2026-06-12T03:19:00Z,View,key-3430,user109@contoso.example,ws-062,ds-0189,,,Dataset
act-003431,2026-06-04T13:47:00Z,ViewReport,key-3431,user140@contoso.example,ws-004,ds-0011,,,Dataset
act-003432,2026-06-10T18:20:00Z,View,key-3432,user008@contoso.example,ws-059,ds-0177,,,Dataset
act-003433,2026-06-27T13:32:00Z,ViewReport,key-3433,user129@contoso.example,ws-018,ds-0048,,,Dataset
act-003434,2026-06-15T18:20:00Z,View,key-3434,user079@contoso.example,ws-061,ds-0182,,,Dataset
act-003435,2026-06-25T02:48:00Z,View,key-3435,user098@contoso.example,ws-001,ds-0003,,,Dataset
act-003436,2026-06-13T02:43:00Z,ViewReport,key-3436,user049@contoso.example,ws-033,ds-0095,,,Dataset
act-003437,2026-06-06T23:21:00Z,View,key-3437,user012@contoso.example,ws-040,ds-0116,,,Dataset
act-003438,2026-06-30T17:32:00Z,ViewReport,key-3438,user012@contoso.example,ws-029,ds-0086,,,Dataset
act-003439,2026-06-14T18:00:00Z,View,key-3439,user057@contoso.example,ws-018,ds-0049,,,Dataset
act-003440,2026-06-10T23:47:00Z,ViewReport,key-3440,user019@contoso.example,ws-042,ds-0124,,,Dataset
act-003441,2026-06-03T05:03:00Z,View,key-3441,user007@contoso.example,ws-012,ds-0036,,,Dataset
act-003442,2026-06-27T20:08:00Z,Export,key-3442,user093@contoso.example,ws-021,ds-0060,,,Dataset
act-003443,2026-06-21T18:53:00Z,ViewReport,key-3443,user025@contoso.example,ws-029,ds-0085,,,Dataset
act-003444,2026-06-23T21:08:00Z,ViewReport,key-3444,user010@contoso.example,ws-050,ds-0152,,,Dataset
act-003445,2026-06-15T04:09:00Z,View,key-3445,user053@contoso.example,ws-018,ds-0051,,,Dataset
act-003446,2026-06-08T11:47:00Z,View,key-3446,user058@contoso.example,ws-048,ds-0142,,,Dataset
act-003447,2026-06-19T17:39:00Z,View,key-3447,user028@contoso.example,ws-058,ds-0173,,,Dataset
act-003448,2026-06-23T03:15:00Z,ViewReport,key-3448,user150@contoso.example,ws-053,ds-0161,,,Dataset
act-003449,2026-06-16T23:30:00Z,View,key-3449,user118@contoso.example,ws-022,ds-0063,,,Dataset
act-003450,2026-06-20T05:28:00Z,ViewDashboard,key-3450,user100@contoso.example,ws-048,ds-0142,,,Dataset
act-003451,2026-06-15T17:52:00Z,View,key-3451,user002@contoso.example,ws-015,ds-0041,,,Dataset
act-003452,2026-06-21T17:45:00Z,View,key-3452,user099@contoso.example,ws-027,ds-0076,,,Dataset
act-003453,2026-06-26T13:21:00Z,View,key-3453,user067@contoso.example,ws-010,ds-0027,,,Dataset
act-003454,2026-06-26T16:24:00Z,View,key-3454,user051@contoso.example,ws-030,ds-0087,,,Dataset
act-003455,2026-06-01T12:09:00Z,View,key-3455,user017@contoso.example,ws-002,ds-0006,,,Dataset
act-003456,2026-06-10T21:43:00Z,ViewReport,key-3456,user145@contoso.example,ws-048,ds-0143,,,Dataset
act-003457,2026-06-20T20:07:00Z,View,key-3457,user113@contoso.example,ws-050,ds-0151,,,Dataset
act-003458,2026-06-05T01:11:00Z,View,key-3458,user017@contoso.example,ws-050,ds-0152,,,Dataset
act-003459,2026-06-07T00:48:00Z,View,key-3459,user061@contoso.example,ws-001,ds-0002,,,Dataset
act-003460,2026-06-30T20:13:00Z,View,key-3460,user075@contoso.example,ws-050,ds-0150,,,Dataset
act-003461,2026-06-29T02:37:00Z,View,key-3461,user020@contoso.example,ws-060,ds-0181,,,Dataset
act-003462,2026-06-23T20:28:00Z,View,key-3462,user050@contoso.example,ws-050,ds-0152,,,Dataset
act-003463,2026-06-01T20:21:00Z,ViewDashboard,key-3463,user072@contoso.example,ws-001,ds-0001,,,Dataset
act-003464,2026-06-19T10:03:00Z,View,key-3464,user044@contoso.example,ws-026,ds-0073,,,Dataset
act-003465,2026-06-15T03:52:00Z,View,key-3465,user143@contoso.example,ws-050,ds-0152,,,Dataset
act-003466,2026-06-29T20:00:00Z,ViewReport,key-3466,user072@contoso.example,ws-013,ds-0037,,,Dataset
act-003467,2026-06-21T08:48:00Z,ViewReport,key-3467,user105@contoso.example,ws-010,ds-0029,,,Dataset
act-003468,2026-06-03T21:24:00Z,View,key-3468,user105@contoso.example,ws-050,ds-0152,,,Dataset
act-003469,2026-06-26T05:17:00Z,View,key-3469,user135@contoso.example,ws-006,ds-0015,,,Dataset
act-003470,2026-06-25T10:55:00Z,RefreshDataset,key-3470,user110@contoso.example,ws-011,ds-0030,,,Dataset
act-003471,2026-06-08T04:15:00Z,View,key-3471,user126@contoso.example,ws-044,ds-0130,,,Dataset
act-003472,2026-06-01T23:20:00Z,ViewReport,key-3472,user076@contoso.example,ws-042,ds-0124,,,Dataset
act-003473,2026-06-03T01:15:00Z,View,key-3473,user041@contoso.example,ws-041,ds-0122,,,Dataset
act-003474,2026-06-06T13:54:00Z,View,key-3474,user069@contoso.example,ws-062,ds-0187,,,Dataset
act-003475,2026-06-04T22:20:00Z,View,key-3475,user137@contoso.example,ws-011,ds-0033,,,Dataset
act-003476,2026-06-07T16:22:00Z,ViewReport,key-3476,user060@contoso.example,ws-008,ds-0022,,,Dataset
act-003477,2026-06-11T15:33:00Z,ViewDashboard,key-3477,user031@contoso.example,ws-007,ds-0019,,,Dataset
act-003478,2026-06-14T09:50:00Z,ViewReport,key-3478,user106@contoso.example,ws-026,ds-0072,,,Dataset
act-003479,2026-06-27T16:17:00Z,View,key-3479,user049@contoso.example,ws-042,ds-0123,,,Dataset
act-003480,2026-06-06T21:58:00Z,View,key-3480,user026@contoso.example,ws-053,ds-0159,,,Dataset
act-003481,2026-06-25T01:56:00Z,ViewReport,key-3481,user026@contoso.example,ws-017,ds-0046,,,Dataset
act-003482,2026-06-11T16:49:00Z,Export,key-3482,user031@contoso.example,ws-058,ds-0173,,,Dataset
act-003483,2026-06-27T03:35:00Z,View,key-3483,user031@contoso.example,ws-033,ds-0095,,,Dataset
act-003484,2026-06-27T01:06:00Z,View,key-3484,user034@contoso.example,ws-026,ds-0074,,,Dataset
act-003485,2026-06-07T23:23:00Z,Export,key-3485,user102@contoso.example,ws-022,ds-0064,,,Dataset
act-003486,2026-06-17T05:32:00Z,View,key-3486,user070@contoso.example,ws-050,ds-0152,,,Dataset
act-003487,2026-06-02T17:07:00Z,ViewReport,key-3487,user087@contoso.example,ws-012,ds-0036,,,Dataset
act-003488,2026-06-14T07:51:00Z,View,key-3488,user098@contoso.example,ws-008,ds-0021,,,Dataset
act-003489,2026-06-13T01:09:00Z,View,key-3489,user144@contoso.example,ws-040,ds-0116,,,Dataset
act-003490,2026-06-19T05:29:00Z,Export,key-3490,user143@contoso.example,ws-046,ds-0136,,,Dataset
act-003491,2026-06-18T08:55:00Z,View,key-3491,user118@contoso.example,ws-041,ds-0120,,,Dataset
act-003492,2026-06-03T17:04:00Z,View,key-3492,user137@contoso.example,ws-052,ds-0158,,,Dataset
act-003493,2026-06-08T09:31:00Z,Export,key-3493,user012@contoso.example,ws-057,ds-0172,,,Dataset
act-003494,2026-06-12T02:00:00Z,ViewReport,key-3494,user066@contoso.example,ws-055,ds-0166,,,Dataset
act-003495,2026-06-16T07:00:00Z,View,key-3495,user048@contoso.example,ws-053,ds-0161,,,Dataset
act-003496,2026-06-17T05:06:00Z,View,key-3496,user021@contoso.example,ws-020,ds-0056,,,Dataset
act-003497,2026-06-23T09:53:00Z,View,key-3497,user024@contoso.example,ws-044,ds-0131,,,Dataset
act-003498,2026-06-27T23:19:00Z,View,key-3498,user071@contoso.example,ws-062,ds-0189,,,Dataset
act-003499,2026-06-25T09:19:00Z,View,key-3499,user137@contoso.example,ws-034,ds-0098,,,Dataset
act-003500,2026-06-21T18:18:00Z,ViewReport,key-3500,user145@contoso.example,ws-013,ds-0038,,,Dataset
act-003501,2026-06-14T07:19:00Z,RefreshDataset,key-3501,user005@contoso.example,ws-050,ds-0149,,,Dataset
act-003502,2026-06-25T00:59:00Z,View,key-3502,user108@contoso.example,ws-009,ds-0024,,,Dataset
act-003503,2026-06-17T23:46:00Z,View,key-3503,user071@contoso.example,ws-051,ds-0156,,,Dataset
act-003504,2026-06-12T00:03:00Z,View,key-3504,user094@contoso.example,ws-024,ds-0067,,,Dataset
act-003505,2026-06-03T21:05:00Z,ViewReport,key-3505,user055@contoso.example,ws-018,ds-0051,,,Dataset
act-003506,2026-06-01T14:49:00Z,Export,key-3506,user019@contoso.example,ws-034,ds-0100,,,Dataset
act-003507,2026-06-16T00:24:00Z,RefreshDataset,key-3507,user100@contoso.example,ws-060,ds-0180,,,Dataset
act-003508,2026-06-22T23:25:00Z,ViewReport,key-3508,user106@contoso.example,ws-048,ds-0143,,,Dataset
act-003509,2026-06-10T22:34:00Z,RefreshDataset,key-3509,user008@contoso.example,ws-058,ds-0173,,,Dataset
act-003510,2026-06-30T19:33:00Z,View,key-3510,user080@contoso.example,ws-043,ds-0126,,,Dataset
act-003511,2026-06-25T16:58:00Z,View,key-3511,user137@contoso.example,ws-007,ds-0019,,,Dataset
act-003512,2026-06-13T18:25:00Z,View,key-3512,user072@contoso.example,ws-051,ds-0155,,,Dataset
act-003513,2026-06-09T08:03:00Z,View,key-3513,user037@contoso.example,ws-029,ds-0084,,,Dataset
act-003514,2026-06-28T09:31:00Z,View,key-3514,user057@contoso.example,ws-041,ds-0119,,,Dataset
act-003515,2026-06-25T18:26:00Z,ViewReport,key-3515,user104@contoso.example,ws-018,ds-0051,,,Dataset
act-003516,2026-06-05T00:45:00Z,View,key-3516,user002@contoso.example,ws-050,ds-0150,,,Dataset
act-003517,2026-06-22T08:37:00Z,RefreshDataset,key-3517,user029@contoso.example,ws-058,ds-0174,,,Dataset
act-003518,2026-06-16T23:44:00Z,Export,key-3518,user018@contoso.example,ws-015,ds-0041,,,Dataset
act-003519,2026-06-29T19:01:00Z,View,key-3519,user100@contoso.example,ws-006,ds-0017,,,Dataset
act-003520,2026-06-14T16:58:00Z,View,key-3520,user113@contoso.example,ws-034,ds-0097,,,Dataset
act-003521,2026-06-05T03:44:00Z,ViewReport,key-3521,user143@contoso.example,ws-047,ds-0140,,,Dataset
act-003522,2026-06-19T06:53:00Z,View,key-3522,user065@contoso.example,ws-030,ds-0089,,,Dataset
act-003523,2026-06-24T23:59:00Z,View,key-3523,user079@contoso.example,ws-056,ds-0168,,,Dataset
act-003524,2026-06-16T01:49:00Z,ViewReport,key-3524,user023@contoso.example,ws-032,ds-0094,,,Dataset
act-003525,2026-06-27T05:53:00Z,View,key-3525,user089@contoso.example,ws-037,ds-0107,,,Dataset
act-003526,2026-06-13T22:17:00Z,ViewReport,key-3526,user081@contoso.example,ws-009,ds-0026,,,Dataset
act-003527,2026-06-13T12:26:00Z,View,key-3527,user118@contoso.example,ws-040,ds-0118,,,Dataset
act-003528,2026-06-25T03:05:00Z,View,key-3528,user127@contoso.example,ws-011,ds-0031,,,Dataset
act-003529,2026-06-01T03:33:00Z,ViewReport,key-3529,user087@contoso.example,ws-059,ds-0177,,,Dataset
act-003530,2026-06-21T16:49:00Z,View,key-3530,user095@contoso.example,ws-049,ds-0146,,,Dataset
act-003531,2026-06-19T13:31:00Z,View,key-3531,user048@contoso.example,ws-054,ds-0162,,,Dataset
act-003532,2026-06-26T13:11:00Z,ViewReport,key-3532,user087@contoso.example,ws-032,ds-0093,,,Dataset
act-003533,2026-06-05T11:29:00Z,View,key-3533,user008@contoso.example,ws-037,ds-0108,,,Dataset
act-003534,2026-06-23T22:58:00Z,View,key-3534,user132@contoso.example,ws-021,ds-0061,,,Dataset
act-003535,2026-06-21T08:34:00Z,ViewReport,key-3535,user107@contoso.example,ws-005,ds-0013,,,Dataset
act-003536,2026-06-03T16:27:00Z,ViewReport,key-3536,user133@contoso.example,ws-058,ds-0173,,,Dataset
act-003537,2026-06-24T06:48:00Z,ViewReport,key-3537,user053@contoso.example,ws-001,ds-0003,,,Dataset
act-003538,2026-06-09T04:10:00Z,ViewReport,key-3538,user127@contoso.example,ws-050,ds-0152,,,Dataset
act-003539,2026-06-18T11:13:00Z,ViewReport,key-3539,user032@contoso.example,ws-012,ds-0034,,,Dataset
act-003540,2026-06-23T22:00:00Z,ViewReport,key-3540,user057@contoso.example,ws-006,ds-0017,,,Dataset
act-003541,2026-06-29T18:34:00Z,ViewReport,key-3541,user003@contoso.example,ws-049,ds-0145,,,Dataset
act-003542,2026-06-19T00:17:00Z,View,key-3542,user126@contoso.example,ws-001,ds-0002,,,Dataset
act-003543,2026-06-30T13:22:00Z,View,key-3543,user146@contoso.example,ws-048,ds-0142,,,Dataset
act-003544,2026-06-22T00:06:00Z,View,key-3544,user087@contoso.example,ws-027,ds-0078,,,Dataset
act-003545,2026-06-14T10:47:00Z,View,key-3545,user091@contoso.example,ws-001,ds-0001,,,Dataset
act-003546,2026-06-15T17:31:00Z,ViewReport,key-3546,user012@contoso.example,ws-004,ds-0010,,,Dataset
act-003547,2026-06-20T10:39:00Z,View,key-3547,user119@contoso.example,ws-006,ds-0015,,,Dataset
act-003548,2026-06-24T19:36:00Z,View,key-3548,user050@contoso.example,ws-001,ds-0002,,,Dataset
act-003549,2026-06-13T19:54:00Z,ViewReport,key-3549,user148@contoso.example,ws-007,ds-0018,,,Dataset
act-003550,2026-06-30T03:33:00Z,ViewReport,key-3550,user108@contoso.example,ws-018,ds-0050,,,Dataset
act-003551,2026-06-29T08:33:00Z,View,key-3551,user035@contoso.example,ws-046,ds-0139,,,Dataset
act-003552,2026-06-14T18:58:00Z,View,key-3552,user050@contoso.example,ws-037,ds-0107,,,Dataset
act-003553,2026-06-13T14:42:00Z,Export,key-3553,user117@contoso.example,ws-041,ds-0122,,,Dataset
act-003554,2026-06-30T22:29:00Z,View,key-3554,user106@contoso.example,ws-028,ds-0082,,,Dataset
act-003555,2026-06-23T21:36:00Z,View,key-3555,user047@contoso.example,ws-060,ds-0181,,,Dataset
act-003556,2026-06-23T12:39:00Z,View,key-3556,user070@contoso.example,ws-009,ds-0026,,,Dataset
act-003557,2026-06-23T17:40:00Z,View,key-3557,user139@contoso.example,ws-052,ds-0158,,,Dataset
act-003558,2026-06-18T23:05:00Z,ViewReport,key-3558,user025@contoso.example,ws-057,ds-0172,,,Dataset
act-003559,2026-06-23T04:16:00Z,ViewReport,key-3559,user114@contoso.example,ws-029,ds-0084,,,Dataset
act-003560,2026-06-25T15:02:00Z,View,key-3560,user137@contoso.example,ws-032,ds-0093,,,Dataset
act-003561,2026-06-26T15:21:00Z,View,key-3561,user111@contoso.example,ws-030,ds-0087,,,Dataset
act-003562,2026-06-06T08:18:00Z,View,key-3562,user138@contoso.example,ws-046,ds-0137,,,Dataset
act-003563,2026-06-18T21:52:00Z,View,key-3563,user095@contoso.example,ws-034,ds-0099,,,Dataset
act-003564,2026-06-28T00:06:00Z,Export,key-3564,user029@contoso.example,ws-021,ds-0058,,,Dataset
act-003565,2026-06-30T18:12:00Z,View,key-3565,user113@contoso.example,ws-045,ds-0135,,,Dataset
act-003566,2026-06-30T08:53:00Z,View,key-3566,user044@contoso.example,ws-061,ds-0184,,,Dataset
act-003567,2026-06-01T03:15:00Z,ViewReport,key-3567,user138@contoso.example,ws-025,ds-0071,,,Dataset
act-003568,2026-06-28T09:13:00Z,ViewDashboard,key-3568,user045@contoso.example,ws-048,ds-0142,,,Dataset
act-003569,2026-06-18T21:48:00Z,RefreshDataset,key-3569,user080@contoso.example,ws-008,ds-0020,,,Dataset
act-003570,2026-06-01T09:24:00Z,View,key-3570,user137@contoso.example,ws-017,ds-0046,,,Dataset
act-003571,2026-06-14T21:46:00Z,ViewReport,key-3571,user113@contoso.example,ws-018,ds-0051,,,Dataset
act-003572,2026-06-30T05:13:00Z,ViewReport,key-3572,user124@contoso.example,ws-037,ds-0106,,,Dataset
act-003573,2026-06-30T07:14:00Z,View,key-3573,user147@contoso.example,ws-005,ds-0013,,,Dataset
act-003574,2026-06-01T07:19:00Z,ViewReport,key-3574,user080@contoso.example,ws-028,ds-0082,,,Dataset
act-003575,2026-06-13T20:32:00Z,ViewReport,key-3575,user064@contoso.example,ws-026,ds-0073,,,Dataset
act-003576,2026-06-25T05:53:00Z,ViewDashboard,key-3576,user011@contoso.example,ws-006,ds-0017,,,Dataset
act-003577,2026-06-28T19:20:00Z,ViewDashboard,key-3577,user100@contoso.example,ws-027,ds-0076,,,Dataset
act-003578,2026-06-18T13:06:00Z,View,key-3578,user049@contoso.example,ws-042,ds-0125,,,Dataset
act-003579,2026-06-02T15:36:00Z,View,key-3579,user020@contoso.example,ws-001,ds-0001,,,Dataset
act-003580,2026-06-23T23:36:00Z,ViewReport,key-3580,user129@contoso.example,ws-052,ds-0157,,,Dataset
act-003581,2026-06-28T08:25:00Z,View,key-3581,user120@contoso.example,ws-039,ds-0115,,,Dataset
act-003582,2026-06-01T19:36:00Z,View,key-3582,user011@contoso.example,ws-033,ds-0096,,,Dataset
act-003583,2026-06-07T22:53:00Z,View,key-3583,user042@contoso.example,ws-031,ds-0090,,,Dataset
act-003584,2026-06-11T15:44:00Z,View,key-3584,user015@contoso.example,ws-035,ds-0102,,,Dataset
act-003585,2026-06-24T20:38:00Z,View,key-3585,user007@contoso.example,ws-003,ds-0009,,,Dataset
act-003586,2026-06-12T14:48:00Z,ViewDashboard,key-3586,user088@contoso.example,ws-050,ds-0152,,,Dataset
act-003587,2026-06-12T00:01:00Z,ViewReport,key-3587,user077@contoso.example,ws-006,ds-0015,,,Dataset
act-003588,2026-06-09T02:22:00Z,Export,key-3588,user098@contoso.example,ws-038,ds-0110,,,Dataset
act-003589,2026-06-22T07:02:00Z,ViewReport,key-3589,user041@contoso.example,ws-033,ds-0096,,,Dataset
act-003590,2026-06-16T11:27:00Z,ViewReport,key-3590,user048@contoso.example,ws-014,ds-0040,,,Dataset
act-003591,2026-06-01T05:07:00Z,View,key-3591,user146@contoso.example,ws-040,ds-0116,,,Dataset
act-003592,2026-06-06T17:13:00Z,ViewReport,key-3592,user083@contoso.example,ws-049,ds-0145,,,Dataset
act-003593,2026-06-07T14:01:00Z,ViewReport,key-3593,user123@contoso.example,ws-011,ds-0031,,,Dataset
act-003594,2026-06-23T12:44:00Z,ViewDashboard,key-3594,user117@contoso.example,ws-003,ds-0008,,,Dataset
act-003595,2026-06-06T00:42:00Z,View,key-3595,user072@contoso.example,ws-020,ds-0056,,,Dataset
act-003596,2026-06-17T19:12:00Z,View,key-3596,user120@contoso.example,ws-013,ds-0037,,,Dataset
act-003597,2026-06-29T15:58:00Z,View,key-3597,user122@contoso.example,ws-032,ds-0094,,,Dataset
act-003598,2026-06-20T08:59:00Z,View,key-3598,user140@contoso.example,ws-034,ds-0097,,,Dataset
act-003599,2026-06-11T06:53:00Z,View,key-3599,user076@contoso.example,ws-018,ds-0048,,,Dataset
act-003600,2026-06-17T09:09:00Z,ViewReport,key-3600,user144@contoso.example,ws-037,ds-0108,,,Dataset
act-003601,2026-06-20T16:35:00Z,View,key-3601,user125@contoso.example,ws-062,ds-0187,,,Dataset
act-003602,2026-06-15T11:30:00Z,RefreshDataset,key-3602,user112@contoso.example,ws-054,ds-0163,,,Dataset
act-003603,2026-06-26T11:33:00Z,ViewReport,key-3603,user113@contoso.example,ws-030,ds-0087,,,Dataset
act-003604,2026-06-18T11:25:00Z,View,key-3604,user149@contoso.example,ws-027,ds-0077,,,Dataset
act-003605,2026-06-06T08:08:00Z,View,key-3605,user068@contoso.example,ws-039,ds-0115,,,Dataset
act-003606,2026-06-13T17:43:00Z,ViewReport,key-3606,user144@contoso.example,ws-011,ds-0033,,,Dataset
act-003607,2026-06-12T02:25:00Z,View,key-3607,user134@contoso.example,ws-030,ds-0089,,,Dataset
act-003608,2026-06-16T06:20:00Z,View,key-3608,user120@contoso.example,ws-010,ds-0028,,,Dataset
act-003609,2026-06-16T16:25:00Z,View,key-3609,user018@contoso.example,ws-022,ds-0062,,,Dataset
act-003610,2026-06-09T09:35:00Z,ViewReport,key-3610,user113@contoso.example,ws-042,ds-0123,,,Dataset
act-003611,2026-06-10T14:26:00Z,View,key-3611,user020@contoso.example,ws-018,ds-0051,,,Dataset
act-003612,2026-06-01T06:04:00Z,View,key-3612,user046@contoso.example,ws-045,ds-0135,,,Dataset
act-003613,2026-06-16T15:55:00Z,RefreshDataset,key-3613,user015@contoso.example,ws-049,ds-0146,,,Dataset
act-003614,2026-06-28T13:42:00Z,View,key-3614,user134@contoso.example,ws-046,ds-0139,,,Dataset
act-003615,2026-06-22T12:28:00Z,ViewReport,key-3615,user073@contoso.example,ws-057,ds-0171,,,Dataset
act-003616,2026-06-24T05:00:00Z,ViewReport,key-3616,user008@contoso.example,ws-029,ds-0085,,,Dataset
act-003617,2026-06-22T10:30:00Z,ViewDashboard,key-3617,user104@contoso.example,ws-046,ds-0137,,,Dataset
act-003618,2026-06-06T04:52:00Z,View,key-3618,user068@contoso.example,ws-007,ds-0018,,,Dataset
act-003619,2026-06-25T13:21:00Z,View,key-3619,user104@contoso.example,ws-009,ds-0024,,,Dataset
act-003620,2026-06-28T10:49:00Z,View,key-3620,user022@contoso.example,ws-011,ds-0030,,,Dataset
act-003621,2026-06-05T02:18:00Z,ViewReport,key-3621,user060@contoso.example,ws-007,ds-0019,,,Dataset
act-003622,2026-06-23T16:08:00Z,ViewReport,key-3622,user124@contoso.example,ws-053,ds-0161,,,Dataset
act-003623,2026-06-20T01:34:00Z,View,key-3623,user131@contoso.example,ws-062,ds-0188,,,Dataset
act-003624,2026-06-14T10:50:00Z,RefreshDataset,key-3624,user065@contoso.example,ws-010,ds-0028,,,Dataset
act-003625,2026-06-14T13:51:00Z,ViewReport,key-3625,user027@contoso.example,ws-005,ds-0014,,,Dataset
act-003626,2026-06-16T00:51:00Z,View,key-3626,user061@contoso.example,ws-062,ds-0189,,,Dataset
act-003627,2026-06-20T13:29:00Z,View,key-3627,user086@contoso.example,ws-004,ds-0010,,,Dataset
act-003628,2026-06-12T22:55:00Z,View,key-3628,user079@contoso.example,ws-016,ds-0043,,,Dataset
act-003629,2026-06-03T23:08:00Z,ViewDashboard,key-3629,user096@contoso.example,ws-024,ds-0068,,,Dataset
act-003630,2026-06-11T04:44:00Z,RefreshDataset,key-3630,user093@contoso.example,ws-056,ds-0169,,,Dataset
act-003631,2026-06-23T15:35:00Z,ViewDashboard,key-3631,user051@contoso.example,ws-040,ds-0116,,,Dataset
act-003632,2026-06-30T10:07:00Z,View,key-3632,user036@contoso.example,ws-034,ds-0098,,,Dataset
act-003633,2026-06-01T05:10:00Z,ViewReport,key-3633,user022@contoso.example,ws-041,ds-0119,,,Dataset
act-003634,2026-06-07T20:05:00Z,View,key-3634,user037@contoso.example,ws-044,ds-0129,,,Dataset
act-003635,2026-06-03T23:17:00Z,View,key-3635,user009@contoso.example,ws-051,ds-0154,,,Dataset
act-003636,2026-06-24T17:16:00Z,ViewDashboard,key-3636,user081@contoso.example,ws-039,ds-0114,,,Dataset
act-003637,2026-06-27T10:23:00Z,ViewReport,key-3637,user064@contoso.example,ws-039,ds-0115,,,Dataset
act-003638,2026-06-10T21:41:00Z,View,key-3638,user047@contoso.example,ws-020,ds-0056,,,Dataset
act-003639,2026-06-08T19:04:00Z,View,key-3639,user017@contoso.example,ws-018,ds-0049,,,Dataset
act-003640,2026-06-18T20:15:00Z,View,key-3640,user068@contoso.example,ws-037,ds-0107,,,Dataset
act-003641,2026-06-20T16:15:00Z,View,key-3641,user003@contoso.example,ws-032,ds-0092,,,Dataset
act-003642,2026-06-17T08:24:00Z,View,key-3642,user128@contoso.example,ws-051,ds-0154,,,Dataset
act-003643,2026-06-07T04:36:00Z,Export,key-3643,user131@contoso.example,ws-040,ds-0117,,,Dataset
act-003644,2026-06-09T10:27:00Z,View,key-3644,user049@contoso.example,ws-013,ds-0037,,,Dataset
act-003645,2026-06-15T01:40:00Z,View,key-3645,user077@contoso.example,ws-013,ds-0037,,,Dataset
act-003646,2026-06-13T19:33:00Z,View,key-3646,user139@contoso.example,ws-025,ds-0071,,,Dataset
act-003647,2026-06-20T23:01:00Z,View,key-3647,user103@contoso.example,ws-051,ds-0155,,,Dataset
act-003648,2026-06-30T00:36:00Z,View,key-3648,user051@contoso.example,ws-027,ds-0077,,,Dataset
act-003649,2026-06-02T13:09:00Z,View,key-3649,user085@contoso.example,ws-038,ds-0109,,,Dataset
act-003650,2026-06-17T17:59:00Z,View,key-3650,user128@contoso.example,ws-049,ds-0145,,,Dataset
act-003651,2026-06-06T08:17:00Z,View,key-3651,user063@contoso.example,ws-027,ds-0077,,,Dataset
act-003652,2026-06-03T04:46:00Z,ViewReport,key-3652,user036@contoso.example,ws-046,ds-0136,,,Dataset
act-003653,2026-06-22T01:37:00Z,View,key-3653,user150@contoso.example,ws-017,ds-0045,,,Dataset
act-003654,2026-06-08T21:36:00Z,View,key-3654,user024@contoso.example,ws-004,ds-0012,,,Dataset
act-003655,2026-06-22T02:09:00Z,View,key-3655,user019@contoso.example,ws-012,ds-0036,,,Dataset
act-003656,2026-06-11T20:06:00Z,ViewReport,key-3656,user130@contoso.example,ws-012,ds-0036,,,Dataset
act-003657,2026-06-12T02:13:00Z,View,key-3657,user009@contoso.example,ws-034,ds-0099,,,Dataset
act-003658,2026-06-11T09:53:00Z,ViewReport,key-3658,user085@contoso.example,ws-010,ds-0028,,,Dataset
act-003659,2026-06-06T07:31:00Z,View,key-3659,user138@contoso.example,ws-001,ds-0003,,,Dataset
act-003660,2026-06-28T14:31:00Z,View,key-3660,user014@contoso.example,ws-041,ds-0122,,,Dataset
act-003661,2026-06-25T01:13:00Z,View,key-3661,user111@contoso.example,ws-017,ds-0046,,,Dataset
act-003662,2026-06-01T15:15:00Z,ViewReport,key-3662,user119@contoso.example,ws-026,ds-0074,,,Dataset
act-003663,2026-06-17T23:18:00Z,View,key-3663,user120@contoso.example,ws-022,ds-0062,,,Dataset
act-003664,2026-06-09T17:19:00Z,View,key-3664,user057@contoso.example,ws-038,ds-0109,,,Dataset
act-003665,2026-06-03T01:52:00Z,View,key-3665,user060@contoso.example,ws-019,ds-0054,,,Dataset
act-003666,2026-06-18T21:51:00Z,ViewReport,key-3666,user063@contoso.example,ws-031,ds-0091,,,Dataset
act-003667,2026-06-15T22:27:00Z,View,key-3667,user092@contoso.example,ws-042,ds-0124,,,Dataset
act-003668,2026-06-18T10:34:00Z,View,key-3668,user109@contoso.example,ws-017,ds-0045,,,Dataset
act-003669,2026-06-29T23:17:00Z,ViewReport,key-3669,user108@contoso.example,ws-030,ds-0088,,,Dataset
act-003670,2026-06-18T04:08:00Z,View,key-3670,user035@contoso.example,ws-025,ds-0070,,,Dataset
act-003671,2026-06-22T21:56:00Z,View,key-3671,user094@contoso.example,ws-008,ds-0021,,,Dataset
act-003672,2026-06-17T16:39:00Z,View,key-3672,user044@contoso.example,ws-045,ds-0134,,,Dataset
act-003673,2026-06-23T06:01:00Z,View,key-3673,user069@contoso.example,ws-042,ds-0123,,,Dataset
act-003674,2026-06-04T04:59:00Z,View,key-3674,user106@contoso.example,ws-029,ds-0085,,,Dataset
act-003675,2026-06-15T01:29:00Z,ViewReport,key-3675,user048@contoso.example,ws-044,ds-0128,,,Dataset
act-003676,2026-06-27T09:16:00Z,ViewReport,key-3676,user077@contoso.example,ws-061,ds-0183,,,Dataset
act-003677,2026-06-24T15:20:00Z,ViewReport,key-3677,user113@contoso.example,ws-056,ds-0168,,,Dataset
act-003678,2026-06-03T03:14:00Z,View,key-3678,user107@contoso.example,ws-010,ds-0029,,,Dataset
act-003679,2026-06-26T16:53:00Z,View,key-3679,user011@contoso.example,ws-042,ds-0125,,,Dataset
act-003680,2026-06-05T09:10:00Z,ViewReport,key-3680,user082@contoso.example,ws-034,ds-0100,,,Dataset
act-003681,2026-06-20T23:51:00Z,Export,key-3681,user147@contoso.example,ws-038,ds-0110,,,Dataset
act-003682,2026-06-09T13:33:00Z,View,key-3682,user055@contoso.example,ws-026,ds-0074,,,Dataset
act-003683,2026-06-23T03:51:00Z,ViewReport,key-3683,user004@contoso.example,ws-001,ds-0004,,,Dataset
act-003684,2026-06-07T11:35:00Z,View,key-3684,user122@contoso.example,ws-058,ds-0174,,,Dataset
act-003685,2026-06-05T12:12:00Z,View,key-3685,user122@contoso.example,ws-058,ds-0175,,,Dataset
act-003686,2026-06-12T01:53:00Z,View,key-3686,user019@contoso.example,ws-018,ds-0048,,,Dataset
act-003687,2026-06-20T04:24:00Z,View,key-3687,user002@contoso.example,ws-028,ds-0079,,,Dataset
act-003688,2026-06-06T07:35:00Z,ViewReport,key-3688,user133@contoso.example,ws-039,ds-0113,,,Dataset
act-003689,2026-06-27T17:01:00Z,View,key-3689,user107@contoso.example,ws-043,ds-0126,,,Dataset
act-003690,2026-06-30T23:57:00Z,ViewReport,key-3690,user146@contoso.example,ws-061,ds-0183,,,Dataset
act-003691,2026-06-16T01:24:00Z,ViewReport,key-3691,user081@contoso.example,ws-055,ds-0167,,,Dataset
act-003692,2026-06-19T22:39:00Z,ViewReport,key-3692,user030@contoso.example,ws-001,ds-0001,,,Dataset
act-003693,2026-06-19T12:42:00Z,ViewReport,key-3693,user057@contoso.example,ws-054,ds-0162,,,Dataset
act-003694,2026-06-24T21:45:00Z,View,key-3694,user037@contoso.example,ws-022,ds-0062,,,Dataset
act-003695,2026-06-07T18:21:00Z,View,key-3695,user020@contoso.example,ws-003,ds-0007,,,Dataset
act-003696,2026-06-28T03:56:00Z,View,key-3696,user012@contoso.example,ws-044,ds-0131,,,Dataset
act-003697,2026-06-01T01:34:00Z,View,key-3697,user015@contoso.example,ws-012,ds-0036,,,Dataset
act-003698,2026-06-12T07:08:00Z,View,key-3698,user061@contoso.example,ws-016,ds-0043,,,Dataset
act-003699,2026-06-19T22:22:00Z,ViewDashboard,key-3699,user013@contoso.example,ws-034,ds-0099,,,Dataset
act-003700,2026-06-17T18:33:00Z,View,key-3700,user099@contoso.example,ws-003,ds-0008,,,Dataset
act-003701,2026-06-03T14:07:00Z,Export,key-3701,user074@contoso.example,ws-001,ds-0004,,,Dataset
act-003702,2026-06-16T17:11:00Z,ViewReport,key-3702,user091@contoso.example,ws-024,ds-0068,,,Dataset
act-003703,2026-06-29T18:39:00Z,View,key-3703,user032@contoso.example,ws-061,ds-0185,,,Dataset
act-003704,2026-06-29T15:12:00Z,View,key-3704,user101@contoso.example,ws-049,ds-0146,,,Dataset
act-003705,2026-06-14T10:03:00Z,View,key-3705,user136@contoso.example,ws-062,ds-0189,,,Dataset
act-003706,2026-06-21T23:32:00Z,View,key-3706,user110@contoso.example,ws-032,ds-0094,,,Dataset
act-003707,2026-06-25T01:11:00Z,RefreshDataset,key-3707,user051@contoso.example,ws-041,ds-0120,,,Dataset
act-003708,2026-06-04T13:01:00Z,ViewReport,key-3708,user090@contoso.example,ws-022,ds-0062,,,Dataset
act-003709,2026-06-02T04:44:00Z,Export,key-3709,user088@contoso.example,ws-028,ds-0079,,,Dataset
act-003710,2026-06-01T12:52:00Z,View,key-3710,user119@contoso.example,ws-019,ds-0052,,,Dataset
act-003711,2026-06-26T01:59:00Z,ViewReport,key-3711,user090@contoso.example,ws-059,ds-0177,,,Dataset
act-003712,2026-06-05T08:58:00Z,ViewReport,key-3712,user110@contoso.example,ws-009,ds-0023,,,Dataset
act-003713,2026-06-20T08:49:00Z,ViewReport,key-3713,user111@contoso.example,ws-054,ds-0163,,,Dataset
act-003714,2026-06-29T09:24:00Z,View,key-3714,user120@contoso.example,ws-046,ds-0138,,,Dataset
act-003715,2026-06-13T20:59:00Z,ViewReport,key-3715,user066@contoso.example,ws-056,ds-0169,,,Dataset
act-003716,2026-06-14T19:54:00Z,View,key-3716,user130@contoso.example,ws-011,ds-0031,,,Dataset
act-003717,2026-06-10T00:01:00Z,RefreshDataset,key-3717,user004@contoso.example,ws-001,ds-0002,,,Dataset
act-003718,2026-06-27T22:07:00Z,ViewReport,key-3718,user114@contoso.example,ws-019,ds-0055,,,Dataset
act-003719,2026-06-09T06:28:00Z,View,key-3719,user025@contoso.example,ws-044,ds-0131,,,Dataset
act-003720,2026-06-01T15:15:00Z,ViewReport,key-3720,user049@contoso.example,ws-044,ds-0130,,,Dataset
act-003721,2026-06-06T04:20:00Z,RefreshDataset,key-3721,user139@contoso.example,ws-062,ds-0186,,,Dataset
act-003722,2026-06-23T07:14:00Z,View,key-3722,user043@contoso.example,ws-042,ds-0124,,,Dataset
act-003723,2026-06-21T23:09:00Z,ViewReport,key-3723,user069@contoso.example,ws-019,ds-0054,,,Dataset
act-003724,2026-06-11T01:07:00Z,View,key-3724,user121@contoso.example,ws-030,ds-0088,,,Dataset
act-003725,2026-06-16T12:23:00Z,View,key-3725,user108@contoso.example,ws-041,ds-0119,,,Dataset
act-003726,2026-06-27T13:05:00Z,ViewReport,key-3726,user013@contoso.example,ws-004,ds-0011,,,Dataset
act-003727,2026-06-02T00:56:00Z,View,key-3727,user032@contoso.example,ws-031,ds-0090,,,Dataset
act-003728,2026-06-17T12:10:00Z,ViewReport,key-3728,user128@contoso.example,ws-055,ds-0165,,,Dataset
act-003729,2026-06-20T07:39:00Z,ViewReport,key-3729,user053@contoso.example,ws-020,ds-0056,,,Dataset
act-003730,2026-06-10T16:42:00Z,View,key-3730,user015@contoso.example,ws-049,ds-0148,,,Dataset
act-003731,2026-06-05T12:37:00Z,ViewReport,key-3731,user058@contoso.example,ws-055,ds-0165,,,Dataset
act-003732,2026-06-03T10:44:00Z,ViewReport,key-3732,user135@contoso.example,ws-030,ds-0089,,,Dataset
act-003733,2026-06-02T20:01:00Z,View,key-3733,user128@contoso.example,ws-044,ds-0129,,,Dataset
act-003734,2026-06-25T10:29:00Z,View,key-3734,user055@contoso.example,ws-029,ds-0085,,,Dataset
act-003735,2026-06-04T16:59:00Z,ViewReport,key-3735,user142@contoso.example,ws-021,ds-0058,,,Dataset
act-003736,2026-06-05T06:31:00Z,ViewReport,key-3736,user138@contoso.example,ws-005,ds-0014,,,Dataset
act-003737,2026-06-09T08:16:00Z,View,key-3737,user082@contoso.example,ws-034,ds-0100,,,Dataset
act-003738,2026-06-01T03:42:00Z,ViewReport,key-3738,user023@contoso.example,ws-018,ds-0051,,,Dataset
act-003739,2026-06-08T16:23:00Z,ViewDashboard,key-3739,user077@contoso.example,ws-061,ds-0184,,,Dataset
act-003740,2026-06-28T03:35:00Z,View,key-3740,user058@contoso.example,ws-028,ds-0080,,,Dataset
act-003741,2026-06-06T12:47:00Z,ViewDashboard,key-3741,user117@contoso.example,ws-026,ds-0072,,,Dataset
act-003742,2026-06-02T02:30:00Z,View,key-3742,user125@contoso.example,ws-039,ds-0115,,,Dataset
act-003743,2026-06-22T01:04:00Z,View,key-3743,user050@contoso.example,ws-005,ds-0013,,,Dataset
act-003744,2026-06-13T01:22:00Z,ViewReport,key-3744,user145@contoso.example,ws-027,ds-0076,,,Dataset
act-003745,2026-06-16T02:11:00Z,View,key-3745,user021@contoso.example,ws-041,ds-0122,,,Dataset
act-003746,2026-06-21T01:34:00Z,Export,key-3746,user043@contoso.example,ws-014,ds-0040,,,Dataset
act-003747,2026-06-21T20:30:00Z,View,key-3747,user001@contoso.example,ws-041,ds-0120,,,Dataset
act-003748,2026-06-14T22:01:00Z,View,key-3748,user112@contoso.example,ws-027,ds-0077,,,Dataset
act-003749,2026-06-20T12:00:00Z,ViewDashboard,key-3749,user099@contoso.example,ws-052,ds-0157,,,Dataset
act-003750,2026-06-13T03:05:00Z,Export,key-3750,user048@contoso.example,ws-062,ds-0189,,,Dataset
act-003751,2026-06-18T18:08:00Z,ViewReport,key-3751,user124@contoso.example,ws-009,ds-0023,,,Dataset
act-003752,2026-06-11T16:27:00Z,View,key-3752,user144@contoso.example,ws-027,ds-0078,,,Dataset
act-003753,2026-06-26T07:01:00Z,View,key-3753,user058@contoso.example,ws-050,ds-0150,,,Dataset
act-003754,2026-06-07T22:24:00Z,View,key-3754,user068@contoso.example,ws-018,ds-0051,,,Dataset
act-003755,2026-06-19T04:32:00Z,View,key-3755,user149@contoso.example,ws-054,ds-0162,,,Dataset
act-003756,2026-06-04T16:43:00Z,View,key-3756,user122@contoso.example,ws-036,ds-0104,,,Dataset
act-003757,2026-06-11T20:25:00Z,View,key-3757,user065@contoso.example,ws-047,ds-0140,,,Dataset
act-003758,2026-06-29T10:42:00Z,ViewReport,key-3758,user098@contoso.example,ws-025,ds-0071,,,Dataset
act-003759,2026-06-30T08:42:00Z,View,key-3759,user008@contoso.example,ws-058,ds-0176,,,Dataset
act-003760,2026-06-14T18:57:00Z,ViewReport,key-3760,user087@contoso.example,ws-049,ds-0147,,,Dataset
act-003761,2026-06-25T10:33:00Z,View,key-3761,user051@contoso.example,ws-022,ds-0062,,,Dataset
act-003762,2026-06-26T11:34:00Z,ViewReport,key-3762,user142@contoso.example,ws-006,ds-0016,,,Dataset
act-003763,2026-06-25T14:23:00Z,ViewReport,key-3763,user063@contoso.example,ws-036,ds-0104,,,Dataset
act-003764,2026-06-09T23:18:00Z,View,key-3764,user011@contoso.example,ws-052,ds-0158,,,Dataset
act-003765,2026-06-17T16:22:00Z,View,key-3765,user143@contoso.example,ws-021,ds-0060,,,Dataset
act-003766,2026-06-30T17:15:00Z,Export,key-3766,user048@contoso.example,ws-008,ds-0022,,,Dataset
act-003767,2026-06-15T23:10:00Z,ViewReport,key-3767,user114@contoso.example,ws-040,ds-0116,,,Dataset
act-003768,2026-06-17T06:18:00Z,View,key-3768,user049@contoso.example,ws-005,ds-0013,,,Dataset
act-003769,2026-06-05T16:05:00Z,View,key-3769,user122@contoso.example,ws-048,ds-0143,,,Dataset
act-003770,2026-06-03T15:28:00Z,View,key-3770,user002@contoso.example,ws-057,ds-0171,,,Dataset
act-003771,2026-06-08T09:02:00Z,View,key-3771,user126@contoso.example,ws-017,ds-0045,,,Dataset
act-003772,2026-06-28T07:27:00Z,View,key-3772,user082@contoso.example,ws-006,ds-0017,,,Dataset
act-003773,2026-06-15T08:06:00Z,ViewReport,key-3773,user017@contoso.example,ws-041,ds-0122,,,Dataset
act-003774,2026-06-17T08:40:00Z,View,key-3774,user016@contoso.example,ws-046,ds-0136,,,Dataset
act-003775,2026-06-01T00:56:00Z,View,key-3775,user016@contoso.example,ws-009,ds-0024,,,Dataset
act-003776,2026-06-27T21:40:00Z,ViewReport,key-3776,user071@contoso.example,ws-016,ds-0044,,,Dataset
act-003777,2026-06-27T17:37:00Z,View,key-3777,user003@contoso.example,ws-002,ds-0005,,,Dataset
act-003778,2026-06-03T02:46:00Z,ViewReport,key-3778,user147@contoso.example,ws-022,ds-0064,,,Dataset
act-003779,2026-06-06T03:22:00Z,ViewReport,key-3779,user020@contoso.example,ws-056,ds-0170,,,Dataset
act-003780,2026-06-19T04:29:00Z,RefreshDataset,key-3780,user069@contoso.example,ws-043,ds-0126,,,Dataset
act-003781,2026-06-10T07:41:00Z,ViewReport,key-3781,user074@contoso.example,ws-039,ds-0115,,,Dataset
act-003782,2026-06-11T12:04:00Z,ViewReport,key-3782,user080@contoso.example,ws-045,ds-0133,,,Dataset
act-003783,2026-06-14T17:36:00Z,View,key-3783,user140@contoso.example,ws-009,ds-0026,,,Dataset
act-003784,2026-06-24T06:13:00Z,RefreshDataset,key-3784,user114@contoso.example,ws-035,ds-0102,,,Dataset
act-003785,2026-06-10T15:56:00Z,RefreshDataset,key-3785,user027@contoso.example,ws-004,ds-0012,,,Dataset
act-003786,2026-06-10T16:29:00Z,View,key-3786,user048@contoso.example,ws-059,ds-0177,,,Dataset
act-003787,2026-06-23T21:38:00Z,Export,key-3787,user058@contoso.example,ws-001,ds-0004,,,Dataset
act-003788,2026-06-08T16:56:00Z,ViewReport,key-3788,user097@contoso.example,ws-012,ds-0034,,,Dataset
act-003789,2026-06-12T13:07:00Z,View,key-3789,user149@contoso.example,ws-049,ds-0146,,,Dataset
act-003790,2026-06-13T17:56:00Z,View,key-3790,user104@contoso.example,ws-007,ds-0019,,,Dataset
act-003791,2026-06-14T21:39:00Z,View,key-3791,user147@contoso.example,ws-050,ds-0149,,,Dataset
act-003792,2026-06-28T18:55:00Z,ViewReport,key-3792,user118@contoso.example,ws-015,ds-0041,,,Dataset
act-003793,2026-06-28T14:43:00Z,ViewReport,key-3793,user129@contoso.example,ws-003,ds-0007,,,Dataset
act-003794,2026-06-26T20:27:00Z,ViewReport,key-3794,user091@contoso.example,ws-060,ds-0179,,,Dataset
act-003795,2026-06-15T09:59:00Z,ViewReport,key-3795,user096@contoso.example,ws-046,ds-0138,,,Dataset
act-003796,2026-06-27T19:28:00Z,ViewReport,key-3796,user082@contoso.example,ws-039,ds-0114,,,Dataset
act-003797,2026-06-20T14:31:00Z,View,key-3797,user130@contoso.example,ws-039,ds-0112,,,Dataset
act-003798,2026-06-01T01:57:00Z,View,key-3798,user106@contoso.example,ws-041,ds-0119,,,Dataset
act-003799,2026-06-17T04:12:00Z,ViewReport,key-3799,user122@contoso.example,ws-056,ds-0168,,,Dataset
act-003800,2026-06-08T07:36:00Z,View,key-3800,user073@contoso.example,ws-022,ds-0062,,,Dataset
act-003801,2026-06-23T02:59:00Z,ViewReport,key-3801,user112@contoso.example,ws-057,ds-0171,,,Dataset
act-003802,2026-06-16T17:32:00Z,ViewReport,key-3802,user115@contoso.example,ws-036,ds-0104,,,Dataset
act-003803,2026-06-02T14:15:00Z,ViewReport,key-3803,user095@contoso.example,ws-055,ds-0166,,,Dataset
act-003804,2026-06-09T12:00:00Z,View,key-3804,user118@contoso.example,ws-032,ds-0093,,,Dataset
act-003805,2026-06-29T06:08:00Z,View,key-3805,user001@contoso.example,ws-007,ds-0018,,,Dataset
act-003806,2026-06-21T10:32:00Z,ViewReport,key-3806,user150@contoso.example,ws-039,ds-0113,,,Dataset
act-003807,2026-06-06T20:32:00Z,Export,key-3807,user043@contoso.example,ws-045,ds-0135,,,Dataset
act-003808,2026-06-23T21:10:00Z,ViewReport,key-3808,user089@contoso.example,ws-050,ds-0151,,,Dataset
act-003809,2026-06-11T15:25:00Z,ViewReport,key-3809,user015@contoso.example,ws-053,ds-0159,,,Dataset
act-003810,2026-06-17T16:34:00Z,View,key-3810,user009@contoso.example,ws-020,ds-0056,,,Dataset
act-003811,2026-06-15T19:46:00Z,ViewReport,key-3811,user003@contoso.example,ws-050,ds-0150,,,Dataset
act-003812,2026-06-14T04:12:00Z,ViewReport,key-3812,user022@contoso.example,ws-058,ds-0176,,,Dataset
act-003813,2026-06-12T23:18:00Z,ViewReport,key-3813,user076@contoso.example,ws-021,ds-0058,,,Dataset
act-003814,2026-06-20T02:36:00Z,View,key-3814,user117@contoso.example,ws-043,ds-0126,,,Dataset
act-003815,2026-06-01T20:34:00Z,View,key-3815,user102@contoso.example,ws-026,ds-0074,,,Dataset
act-003816,2026-06-16T03:07:00Z,View,key-3816,user041@contoso.example,ws-060,ds-0181,,,Dataset
act-003817,2026-06-10T19:33:00Z,View,key-3817,user150@contoso.example,ws-054,ds-0162,,,Dataset
act-003818,2026-06-13T07:16:00Z,View,key-3818,user013@contoso.example,ws-019,ds-0052,,,Dataset
act-003819,2026-06-20T08:06:00Z,RefreshDataset,key-3819,user101@contoso.example,ws-037,ds-0107,,,Dataset
act-003820,2026-06-15T05:17:00Z,View,key-3820,user098@contoso.example,ws-001,ds-0003,,,Dataset
act-003821,2026-06-06T17:42:00Z,View,key-3821,user064@contoso.example,ws-043,ds-0127,,,Dataset
act-003822,2026-06-05T03:23:00Z,View,key-3822,user016@contoso.example,ws-035,ds-0102,,,Dataset
act-003823,2026-06-03T21:55:00Z,View,key-3823,user120@contoso.example,ws-053,ds-0159,,,Dataset
act-003824,2026-06-04T14:07:00Z,View,key-3824,user086@contoso.example,ws-001,ds-0002,,,Dataset
act-003825,2026-06-23T19:36:00Z,View,key-3825,user012@contoso.example,ws-051,ds-0154,,,Dataset
act-003826,2026-06-16T02:58:00Z,Export,key-3826,user141@contoso.example,ws-045,ds-0133,,,Dataset
act-003827,2026-06-30T21:01:00Z,View,key-3827,user063@contoso.example,ws-014,ds-0039,,,Dataset
act-003828,2026-06-04T17:37:00Z,View,key-3828,user081@contoso.example,ws-055,ds-0166,,,Dataset
act-003829,2026-06-02T06:58:00Z,View,key-3829,user024@contoso.example,ws-028,ds-0080,,,Dataset
act-003830,2026-06-16T07:18:00Z,RefreshDataset,key-3830,user124@contoso.example,ws-009,ds-0024,,,Dataset
act-003831,2026-06-29T22:16:00Z,View,key-3831,user089@contoso.example,ws-009,ds-0023,,,Dataset
act-003832,2026-06-12T09:20:00Z,ViewReport,key-3832,user047@contoso.example,ws-008,ds-0022,,,Dataset
act-003833,2026-06-08T06:59:00Z,View,key-3833,user020@contoso.example,ws-030,ds-0088,,,Dataset
act-003834,2026-06-14T09:47:00Z,View,key-3834,user106@contoso.example,ws-053,ds-0159,,,Dataset
act-003835,2026-06-13T06:01:00Z,View,key-3835,user052@contoso.example,ws-059,ds-0177,,,Dataset
act-003836,2026-06-08T16:26:00Z,View,key-3836,user103@contoso.example,ws-061,ds-0184,,,Dataset
act-003837,2026-06-11T00:03:00Z,RefreshDataset,key-3837,user068@contoso.example,ws-039,ds-0115,,,Dataset
act-003838,2026-06-07T10:11:00Z,ViewReport,key-3838,user001@contoso.example,ws-028,ds-0082,,,Dataset
act-003839,2026-06-03T18:05:00Z,View,key-3839,user102@contoso.example,ws-037,ds-0106,,,Dataset
act-003840,2026-06-09T14:01:00Z,ViewReport,key-3840,user110@contoso.example,ws-035,ds-0101,,,Dataset
act-003841,2026-06-28T20:49:00Z,View,key-3841,user130@contoso.example,ws-058,ds-0174,,,Dataset
act-003842,2026-06-21T03:52:00Z,View,key-3842,user080@contoso.example,ws-019,ds-0054,,,Dataset
act-003843,2026-06-26T10:09:00Z,RefreshDataset,key-3843,user071@contoso.example,ws-025,ds-0071,,,Dataset
act-003844,2026-06-18T13:17:00Z,View,key-3844,user081@contoso.example,ws-050,ds-0150,,,Dataset
act-003845,2026-06-07T11:58:00Z,View,key-3845,user068@contoso.example,ws-003,ds-0007,,,Dataset
act-003846,2026-06-07T11:47:00Z,ViewReport,key-3846,user071@contoso.example,ws-008,ds-0020,,,Dataset
act-003847,2026-06-02T12:13:00Z,View,key-3847,user066@contoso.example,ws-051,ds-0154,,,Dataset
act-003848,2026-06-21T23:25:00Z,View,key-3848,user053@contoso.example,ws-032,ds-0094,,,Dataset
act-003849,2026-06-05T14:05:00Z,View,key-3849,user150@contoso.example,ws-005,ds-0013,,,Dataset
act-003850,2026-06-04T05:27:00Z,ViewDashboard,key-3850,user061@contoso.example,ws-026,ds-0072,,,Dataset
act-003851,2026-06-17T08:48:00Z,ViewReport,key-3851,user144@contoso.example,ws-041,ds-0121,,,Dataset
act-003852,2026-06-04T18:51:00Z,ViewReport,key-3852,user093@contoso.example,ws-015,ds-0041,,,Dataset
act-003853,2026-06-02T19:06:00Z,Export,key-3853,user062@contoso.example,ws-034,ds-0099,,,Dataset
act-003854,2026-06-19T21:47:00Z,ViewReport,key-3854,user101@contoso.example,ws-014,ds-0039,,,Dataset
act-003855,2026-06-05T10:37:00Z,View,key-3855,user142@contoso.example,ws-020,ds-0057,,,Dataset
act-003856,2026-06-14T11:31:00Z,View,key-3856,user044@contoso.example,ws-011,ds-0031,,,Dataset
act-003857,2026-06-23T09:36:00Z,View,key-3857,user055@contoso.example,ws-010,ds-0028,,,Dataset
act-003858,2026-06-01T00:27:00Z,Export,key-3858,user137@contoso.example,ws-017,ds-0045,,,Dataset
act-003859,2026-06-04T16:13:00Z,ViewReport,key-3859,user069@contoso.example,ws-056,ds-0168,,,Dataset
act-003860,2026-06-12T03:26:00Z,View,key-3860,user127@contoso.example,ws-043,ds-0127,,,Dataset
act-003861,2026-06-15T12:07:00Z,ViewReport,key-3861,user112@contoso.example,ws-058,ds-0175,,,Dataset
act-003862,2026-06-01T15:39:00Z,View,key-3862,user037@contoso.example,ws-008,ds-0022,,,Dataset
act-003863,2026-06-20T04:15:00Z,RefreshDataset,key-3863,user084@contoso.example,ws-021,ds-0059,,,Dataset
act-003864,2026-06-19T03:15:00Z,View,key-3864,user053@contoso.example,ws-062,ds-0188,,,Dataset
act-003865,2026-06-03T11:15:00Z,View,key-3865,user140@contoso.example,ws-031,ds-0091,,,Dataset
act-003866,2026-06-28T14:46:00Z,ViewReport,key-3866,user091@contoso.example,ws-012,ds-0036,,,Dataset
act-003867,2026-06-23T20:01:00Z,ViewReport,key-3867,user008@contoso.example,ws-025,ds-0070,,,Dataset
act-003868,2026-06-19T08:06:00Z,ViewReport,key-3868,user128@contoso.example,ws-024,ds-0069,,,Dataset
act-003869,2026-06-03T13:35:00Z,View,key-3869,user138@contoso.example,ws-016,ds-0043,,,Dataset
act-003870,2026-06-06T02:34:00Z,View,key-3870,user074@contoso.example,ws-055,ds-0167,,,Dataset
act-003871,2026-06-13T17:10:00Z,View,key-3871,user097@contoso.example,ws-009,ds-0025,,,Dataset
act-003872,2026-06-05T19:31:00Z,View,key-3872,user111@contoso.example,ws-001,ds-0002,,,Dataset
act-003873,2026-06-28T20:18:00Z,Export,key-3873,user113@contoso.example,ws-055,ds-0165,,,Dataset
act-003874,2026-06-29T07:09:00Z,View,key-3874,user036@contoso.example,ws-061,ds-0184,,,Dataset
act-003875,2026-06-05T08:10:00Z,View,key-3875,user143@contoso.example,ws-038,ds-0111,,,Dataset
act-003876,2026-06-24T06:25:00Z,ViewReport,key-3876,user041@contoso.example,ws-045,ds-0132,,,Dataset
act-003877,2026-06-11T08:06:00Z,View,key-3877,user035@contoso.example,ws-027,ds-0076,,,Dataset
act-003878,2026-06-30T16:49:00Z,RefreshDataset,key-3878,user139@contoso.example,ws-042,ds-0125,,,Dataset
act-003879,2026-06-09T15:22:00Z,View,key-3879,user067@contoso.example,ws-052,ds-0157,,,Dataset
act-003880,2026-06-15T09:44:00Z,View,key-3880,user080@contoso.example,ws-009,ds-0024,,,Dataset
act-003881,2026-06-07T08:17:00Z,View,key-3881,user118@contoso.example,ws-008,ds-0020,,,Dataset
act-003882,2026-06-19T09:42:00Z,View,key-3882,user083@contoso.example,ws-062,ds-0188,,,Dataset
act-003883,2026-06-06T11:13:00Z,View,key-3883,user033@contoso.example,ws-017,ds-0046,,,Dataset
act-003884,2026-06-09T09:53:00Z,ViewReport,key-3884,user060@contoso.example,ws-024,ds-0069,,,Dataset
act-003885,2026-06-09T23:23:00Z,View,key-3885,user095@contoso.example,ws-011,ds-0031,,,Dataset
act-003886,2026-06-11T00:48:00Z,ViewReport,key-3886,user116@contoso.example,ws-047,ds-0141,,,Dataset
act-003887,2026-06-16T10:59:00Z,View,key-3887,user140@contoso.example,ws-024,ds-0068,,,Dataset
act-003888,2026-06-26T03:47:00Z,ViewReport,key-3888,user008@contoso.example,ws-029,ds-0083,,,Dataset
act-003889,2026-06-30T13:27:00Z,View,key-3889,user001@contoso.example,ws-017,ds-0046,,,Dataset
act-003890,2026-06-04T22:27:00Z,View,key-3890,user077@contoso.example,ws-017,ds-0045,,,Dataset
act-003891,2026-06-07T21:53:00Z,View,key-3891,user032@contoso.example,ws-039,ds-0115,,,Dataset
act-003892,2026-06-09T19:55:00Z,View,key-3892,user122@contoso.example,ws-026,ds-0074,,,Dataset
act-003893,2026-06-06T09:33:00Z,View,key-3893,user034@contoso.example,ws-023,ds-0065,,,Dataset
act-003894,2026-06-14T03:22:00Z,RefreshDataset,key-3894,user061@contoso.example,ws-017,ds-0045,,,Dataset
act-003895,2026-06-01T10:48:00Z,View,key-3895,user014@contoso.example,ws-038,ds-0109,,,Dataset
act-003896,2026-06-28T17:54:00Z,View,key-3896,user006@contoso.example,ws-005,ds-0013,,,Dataset
act-003897,2026-06-24T15:41:00Z,Export,key-3897,user129@contoso.example,ws-044,ds-0129,,,Dataset
act-003898,2026-06-17T05:10:00Z,View,key-3898,user034@contoso.example,ws-004,ds-0010,,,Dataset
act-003899,2026-06-12T05:40:00Z,View,key-3899,user071@contoso.example,ws-011,ds-0030,,,Dataset
act-003900,2026-06-25T04:12:00Z,View,key-3900,user067@contoso.example,ws-054,ds-0163,,,Dataset
act-003901,2026-06-16T18:05:00Z,View,key-3901,user041@contoso.example,ws-019,ds-0055,,,Dataset
act-003902,2026-06-16T18:08:00Z,ViewReport,key-3902,user149@contoso.example,ws-050,ds-0151,,,Dataset
act-003903,2026-06-01T05:20:00Z,View,key-3903,user043@contoso.example,ws-009,ds-0023,,,Dataset
act-003904,2026-06-06T15:38:00Z,RefreshDataset,key-3904,user035@contoso.example,ws-048,ds-0144,,,Dataset
act-003905,2026-06-28T11:53:00Z,View,key-3905,user147@contoso.example,ws-041,ds-0119,,,Dataset
act-003906,2026-06-27T16:57:00Z,View,key-3906,user065@contoso.example,ws-045,ds-0135,,,Dataset
act-003907,2026-06-30T06:10:00Z,ViewReport,key-3907,user060@contoso.example,ws-038,ds-0111,,,Dataset
act-003908,2026-06-06T05:19:00Z,View,key-3908,user120@contoso.example,ws-005,ds-0013,,,Dataset
act-003909,2026-06-16T20:02:00Z,View,key-3909,user137@contoso.example,ws-001,ds-0004,,,Dataset
act-003910,2026-06-04T15:06:00Z,View,key-3910,user098@contoso.example,ws-030,ds-0089,,,Dataset
act-003911,2026-06-18T10:09:00Z,View,key-3911,user130@contoso.example,ws-027,ds-0076,,,Dataset
act-003912,2026-06-17T17:50:00Z,View,key-3912,user148@contoso.example,ws-050,ds-0150,,,Dataset
act-003913,2026-06-06T21:03:00Z,View,key-3913,user092@contoso.example,ws-046,ds-0139,,,Dataset
act-003914,2026-06-03T05:08:00Z,Export,key-3914,user107@contoso.example,ws-055,ds-0166,,,Dataset
act-003915,2026-06-30T12:02:00Z,ViewDashboard,key-3915,user150@contoso.example,ws-002,ds-0006,,,Dataset
act-003916,2026-06-20T22:29:00Z,View,key-3916,user072@contoso.example,ws-059,ds-0177,,,Dataset
act-003917,2026-06-30T03:06:00Z,View,key-3917,user150@contoso.example,ws-039,ds-0114,,,Dataset
act-003918,2026-06-29T01:15:00Z,View,key-3918,user129@contoso.example,ws-036,ds-0104,,,Dataset
act-003919,2026-06-24T15:15:00Z,View,key-3919,user089@contoso.example,ws-041,ds-0121,,,Dataset
act-003920,2026-06-20T21:51:00Z,ViewReport,key-3920,user028@contoso.example,ws-056,ds-0170,,,Dataset
act-003921,2026-06-05T10:38:00Z,View,key-3921,user072@contoso.example,ws-049,ds-0148,,,Dataset
act-003922,2026-06-17T22:13:00Z,ViewReport,key-3922,user035@contoso.example,ws-024,ds-0069,,,Dataset
act-003923,2026-06-19T21:44:00Z,View,key-3923,user110@contoso.example,ws-039,ds-0114,,,Dataset
act-003924,2026-06-21T15:04:00Z,View,key-3924,user048@contoso.example,ws-029,ds-0086,,,Dataset
act-003925,2026-06-26T23:52:00Z,ViewReport,key-3925,user087@contoso.example,ws-049,ds-0146,,,Dataset
act-003926,2026-06-22T19:59:00Z,ViewReport,key-3926,user083@contoso.example,ws-051,ds-0153,,,Dataset
act-003927,2026-06-26T15:05:00Z,View,key-3927,user128@contoso.example,ws-050,ds-0149,,,Dataset
act-003928,2026-06-02T01:29:00Z,ViewReport,key-3928,user022@contoso.example,ws-009,ds-0023,,,Dataset
act-003929,2026-06-24T20:45:00Z,View,key-3929,user049@contoso.example,ws-005,ds-0013,,,Dataset
act-003930,2026-06-08T12:52:00Z,RefreshDataset,key-3930,user039@contoso.example,ws-021,ds-0058,,,Dataset
act-003931,2026-06-04T20:59:00Z,View,key-3931,user069@contoso.example,ws-041,ds-0121,,,Dataset
act-003932,2026-06-01T10:48:00Z,View,key-3932,user083@contoso.example,ws-054,ds-0162,,,Dataset
act-003933,2026-06-18T23:59:00Z,ViewReport,key-3933,user112@contoso.example,ws-047,ds-0140,,,Dataset
act-003934,2026-06-14T07:52:00Z,ViewDashboard,key-3934,user070@contoso.example,ws-010,ds-0029,,,Dataset
act-003935,2026-06-22T07:34:00Z,View,key-3935,user029@contoso.example,ws-041,ds-0120,,,Dataset
act-003936,2026-06-03T10:19:00Z,Export,key-3936,user030@contoso.example,ws-013,ds-0038,,,Dataset
act-003937,2026-06-04T22:33:00Z,ViewReport,key-3937,user087@contoso.example,ws-044,ds-0129,,,Dataset
act-003938,2026-06-20T08:38:00Z,Export,key-3938,user038@contoso.example,ws-061,ds-0182,,,Dataset
act-003939,2026-06-24T22:24:00Z,ViewReport,key-3939,user086@contoso.example,ws-029,ds-0084,,,Dataset
act-003940,2026-06-04T15:13:00Z,View,key-3940,user100@contoso.example,ws-021,ds-0060,,,Dataset
act-003941,2026-06-14T09:35:00Z,View,key-3941,user023@contoso.example,ws-011,ds-0031,,,Dataset
act-003942,2026-06-07T14:57:00Z,View,key-3942,user001@contoso.example,ws-024,ds-0068,,,Dataset
act-003943,2026-06-23T02:36:00Z,View,key-3943,user030@contoso.example,ws-047,ds-0140,,,Dataset
act-003944,2026-06-27T03:00:00Z,View,key-3944,user043@contoso.example,ws-036,ds-0105,,,Dataset
act-003945,2026-06-06T08:53:00Z,View,key-3945,user099@contoso.example,ws-025,ds-0070,,,Dataset
act-003946,2026-06-12T08:58:00Z,ViewReport,key-3946,user081@contoso.example,ws-049,ds-0146,,,Dataset
act-003947,2026-06-03T21:32:00Z,ViewReport,key-3947,user129@contoso.example,ws-051,ds-0156,,,Dataset
act-003948,2026-06-04T20:37:00Z,View,key-3948,user085@contoso.example,ws-042,ds-0125,,,Dataset
act-003949,2026-06-28T10:04:00Z,View,key-3949,user089@contoso.example,ws-040,ds-0116,,,Dataset
act-003950,2026-06-10T07:25:00Z,View,key-3950,user011@contoso.example,ws-050,ds-0149,,,Dataset
act-003951,2026-06-29T20:57:00Z,View,key-3951,user066@contoso.example,ws-019,ds-0055,,,Dataset
act-003952,2026-06-18T19:13:00Z,ViewDashboard,key-3952,user073@contoso.example,ws-003,ds-0008,,,Dataset
act-003953,2026-06-20T08:03:00Z,View,key-3953,user018@contoso.example,ws-045,ds-0135,,,Dataset
act-003954,2026-06-02T00:26:00Z,View,key-3954,user139@contoso.example,ws-050,ds-0151,,,Dataset
act-003955,2026-06-03T19:34:00Z,View,key-3955,user049@contoso.example,ws-060,ds-0180,,,Dataset
act-003956,2026-06-03T12:30:00Z,ViewDashboard,key-3956,user044@contoso.example,ws-050,ds-0151,,,Dataset
act-003957,2026-06-13T12:18:00Z,ViewReport,key-3957,user061@contoso.example,ws-002,ds-0005,,,Dataset
act-003958,2026-06-23T01:28:00Z,View,key-3958,user145@contoso.example,ws-030,ds-0089,,,Dataset
act-003959,2026-06-27T18:36:00Z,ViewReport,key-3959,user111@contoso.example,ws-003,ds-0007,,,Dataset
act-003960,2026-06-09T00:33:00Z,View,key-3960,user115@contoso.example,ws-011,ds-0030,,,Dataset
act-003961,2026-06-04T01:36:00Z,View,key-3961,user097@contoso.example,ws-010,ds-0027,,,Dataset
act-003962,2026-06-12T03:01:00Z,ViewReport,key-3962,user007@contoso.example,ws-029,ds-0084,,,Dataset
act-003963,2026-06-18T12:21:00Z,ViewReport,key-3963,user075@contoso.example,ws-020,ds-0056,,,Dataset
act-003964,2026-06-19T08:22:00Z,View,key-3964,user137@contoso.example,ws-059,ds-0177,,,Dataset
act-003965,2026-06-07T19:12:00Z,View,key-3965,user112@contoso.example,ws-008,ds-0022,,,Dataset
act-003966,2026-06-13T23:45:00Z,View,key-3966,user145@contoso.example,ws-029,ds-0086,,,Dataset
act-003967,2026-06-08T08:58:00Z,ViewDashboard,key-3967,user028@contoso.example,ws-041,ds-0119,,,Dataset
act-003968,2026-06-26T04:49:00Z,View,key-3968,user132@contoso.example,ws-037,ds-0106,,,Dataset
act-003969,2026-06-24T03:00:00Z,ViewReport,key-3969,user143@contoso.example,ws-041,ds-0121,,,Dataset
act-003970,2026-06-28T12:45:00Z,ViewReport,key-3970,user046@contoso.example,ws-053,ds-0161,,,Dataset
act-003971,2026-06-02T02:38:00Z,View,key-3971,user056@contoso.example,ws-041,ds-0119,,,Dataset
act-003972,2026-06-01T15:40:00Z,View,key-3972,user109@contoso.example,ws-045,ds-0135,,,Dataset
act-003973,2026-06-05T07:45:00Z,View,key-3973,user136@contoso.example,ws-017,ds-0045,,,Dataset
act-003974,2026-06-18T03:05:00Z,ViewReport,key-3974,user030@contoso.example,ws-055,ds-0166,,,Dataset
act-003975,2026-06-06T23:28:00Z,View,key-3975,user093@contoso.example,ws-041,ds-0119,,,Dataset
act-003976,2026-06-28T03:34:00Z,View,key-3976,user129@contoso.example,ws-003,ds-0008,,,Dataset
act-003977,2026-06-28T08:19:00Z,View,key-3977,user120@contoso.example,ws-011,ds-0033,,,Dataset
act-003978,2026-06-14T22:50:00Z,View,key-3978,user036@contoso.example,ws-002,ds-0005,,,Dataset
act-003979,2026-06-26T11:38:00Z,Export,key-3979,user081@contoso.example,ws-039,ds-0114,,,Dataset
act-003980,2026-06-16T02:11:00Z,View,key-3980,user090@contoso.example,ws-030,ds-0087,,,Dataset
act-003981,2026-06-18T09:51:00Z,View,key-3981,user091@contoso.example,ws-039,ds-0113,,,Dataset
act-003982,2026-06-03T19:25:00Z,View,key-3982,user005@contoso.example,ws-006,ds-0017,,,Dataset
act-003983,2026-06-28T02:53:00Z,ViewReport,key-3983,user008@contoso.example,ws-056,ds-0169,,,Dataset
act-003984,2026-06-23T18:01:00Z,View,key-3984,user077@contoso.example,ws-029,ds-0086,,,Dataset
act-003985,2026-06-10T18:27:00Z,ViewReport,key-3985,user096@contoso.example,ws-016,ds-0044,,,Dataset
act-003986,2026-06-05T03:26:00Z,View,key-3986,user117@contoso.example,ws-031,ds-0090,,,Dataset
act-003987,2026-06-27T23:13:00Z,ViewDashboard,key-3987,user013@contoso.example,ws-050,ds-0150,,,Dataset
act-003988,2026-06-15T12:24:00Z,View,key-3988,user039@contoso.example,ws-036,ds-0103,,,Dataset
act-003989,2026-06-28T08:41:00Z,View,key-3989,user062@contoso.example,ws-027,ds-0077,,,Dataset
act-003990,2026-06-04T10:30:00Z,View,key-3990,user003@contoso.example,ws-050,ds-0151,,,Dataset
act-003991,2026-06-13T11:50:00Z,View,key-3991,user034@contoso.example,ws-048,ds-0143,,,Dataset
act-003992,2026-06-09T11:48:00Z,ViewReport,key-3992,user113@contoso.example,ws-006,ds-0015,,,Dataset
act-003993,2026-06-18T07:27:00Z,View,key-3993,user108@contoso.example,ws-021,ds-0058,,,Dataset
act-003994,2026-06-24T16:03:00Z,View,key-3994,user038@contoso.example,ws-010,ds-0027,,,Dataset
act-003995,2026-06-15T03:48:00Z,View,key-3995,user053@contoso.example,ws-037,ds-0108,,,Dataset
act-003996,2026-06-28T19:41:00Z,View,key-3996,user108@contoso.example,ws-021,ds-0059,,,Dataset
act-003997,2026-06-01T02:29:00Z,ViewDashboard,key-3997,user045@contoso.example,ws-054,ds-0162,,,Dataset
act-003998,2026-06-28T13:21:00Z,View,key-3998,user053@contoso.example,ws-029,ds-0086,,,Dataset
act-003999,2026-06-05T13:06:00Z,View,key-3999,user067@contoso.example,ws-018,ds-0049,,,Dataset
act-004000,2026-06-05T14:58:00Z,View,key-4000,user142@contoso.example,ws-001,ds-0002,,,Dataset
act-004001,2026-06-05T06:12:00Z,ViewReport,key-4001,user034@contoso.example,ws-055,ds-0166,,,Dataset
act-004002,2026-06-21T20:58:00Z,View,key-4002,user084@contoso.example,ws-006,ds-0015,,,Dataset
act-004003,2026-06-28T21:14:00Z,View,key-4003,user103@contoso.example,ws-004,ds-0012,,,Dataset
act-004004,2026-06-16T23:19:00Z,ViewReport,key-4004,user025@contoso.example,ws-002,ds-0005,,,Dataset
act-004005,2026-06-18T22:50:00Z,View,key-4005,user029@contoso.example,ws-033,ds-0096,,,Dataset
act-004006,2026-06-25T02:21:00Z,View,key-4006,user130@contoso.example,ws-036,ds-0104,,,Dataset
act-004007,2026-06-08T10:54:00Z,View,key-4007,user143@contoso.example,ws-037,ds-0107,,,Dataset
act-004008,2026-06-29T14:21:00Z,ViewReport,key-4008,user131@contoso.example,ws-018,ds-0050,,,Dataset
act-004009,2026-06-09T17:59:00Z,View,key-4009,user074@contoso.example,ws-021,ds-0061,,,Dataset
act-004010,2026-06-19T04:07:00Z,View,key-4010,user107@contoso.example,ws-030,ds-0089,,,Dataset
act-004011,2026-06-09T11:33:00Z,ViewReport,key-4011,user097@contoso.example,ws-041,ds-0120,,,Dataset
act-004012,2026-06-13T06:41:00Z,View,key-4012,user013@contoso.example,ws-052,ds-0157,,,Dataset
act-004013,2026-06-07T04:10:00Z,View,key-4013,user142@contoso.example,ws-009,ds-0025,,,Dataset
act-004014,2026-06-23T16:02:00Z,View,key-4014,user132@contoso.example,ws-041,ds-0120,,,Dataset
act-004015,2026-06-05T02:53:00Z,ViewReport,key-4015,user086@contoso.example,ws-060,ds-0180,,,Dataset
act-004016,2026-06-11T15:16:00Z,View,key-4016,user035@contoso.example,ws-058,ds-0173,,,Dataset
act-004017,2026-06-26T11:06:00Z,View,key-4017,user140@contoso.example,ws-017,ds-0046,,,Dataset
act-004018,2026-06-07T22:12:00Z,View,key-4018,user020@contoso.example,ws-027,ds-0075,,,Dataset
act-004019,2026-06-16T18:45:00Z,View,key-4019,user078@contoso.example,ws-007,ds-0019,,,Dataset
act-004020,2026-06-09T22:45:00Z,ViewReport,key-4020,user122@contoso.example,ws-030,ds-0088,,,Dataset
act-004021,2026-06-29T13:47:00Z,RefreshDataset,key-4021,user097@contoso.example,ws-034,ds-0100,,,Dataset
act-004022,2026-06-05T11:12:00Z,View,key-4022,user027@contoso.example,ws-037,ds-0106,,,Dataset
act-004023,2026-06-04T15:07:00Z,View,key-4023,user079@contoso.example,ws-012,ds-0035,,,Dataset
act-004024,2026-06-12T22:30:00Z,View,key-4024,user114@contoso.example,ws-059,ds-0178,,,Dataset
act-004025,2026-06-11T12:22:00Z,ViewReport,key-4025,user045@contoso.example,ws-053,ds-0159,,,Dataset
act-004026,2026-06-07T00:03:00Z,View,key-4026,user046@contoso.example,ws-012,ds-0034,,,Dataset
act-004027,2026-06-05T07:28:00Z,View,key-4027,user099@contoso.example,ws-009,ds-0024,,,Dataset
act-004028,2026-06-10T07:13:00Z,ViewReport,key-4028,user092@contoso.example,ws-056,ds-0170,,,Dataset
act-004029,2026-06-30T02:51:00Z,ViewReport,key-4029,user116@contoso.example,ws-051,ds-0154,,,Dataset
act-004030,2026-06-21T23:10:00Z,View,key-4030,user082@contoso.example,ws-006,ds-0017,,,Dataset
act-004031,2026-06-05T19:10:00Z,ViewReport,key-4031,user003@contoso.example,ws-039,ds-0114,,,Dataset
act-004032,2026-06-27T19:59:00Z,View,key-4032,user015@contoso.example,ws-058,ds-0175,,,Dataset
act-004033,2026-06-14T15:27:00Z,View,key-4033,user013@contoso.example,ws-054,ds-0162,,,Dataset
act-004034,2026-06-21T22:44:00Z,ViewReport,key-4034,user024@contoso.example,ws-011,ds-0030,,,Dataset
act-004035,2026-06-16T22:55:00Z,View,key-4035,user020@contoso.example,ws-022,ds-0063,,,Dataset
act-004036,2026-06-02T19:55:00Z,View,key-4036,user068@contoso.example,ws-011,ds-0030,,,Dataset
act-004037,2026-06-13T01:03:00Z,View,key-4037,user012@contoso.example,ws-029,ds-0085,,,Dataset
act-004038,2026-06-10T18:21:00Z,Export,key-4038,user137@contoso.example,ws-034,ds-0100,,,Dataset
act-004039,2026-06-26T12:45:00Z,View,key-4039,user052@contoso.example,ws-030,ds-0089,,,Dataset
act-004040,2026-06-18T19:22:00Z,View,key-4040,user047@contoso.example,ws-019,ds-0054,,,Dataset
act-004041,2026-06-05T14:49:00Z,ViewReport,key-4041,user059@contoso.example,ws-060,ds-0181,,,Dataset
act-004042,2026-06-27T18:57:00Z,ViewReport,key-4042,user003@contoso.example,ws-017,ds-0047,,,Dataset
act-004043,2026-06-06T10:50:00Z,View,key-4043,user069@contoso.example,ws-019,ds-0055,,,Dataset
act-004044,2026-06-17T17:34:00Z,View,key-4044,user105@contoso.example,ws-002,ds-0006,,,Dataset
act-004045,2026-06-20T23:45:00Z,View,key-4045,user122@contoso.example,ws-039,ds-0112,,,Dataset
act-004046,2026-06-26T12:20:00Z,View,key-4046,user091@contoso.example,ws-028,ds-0080,,,Dataset
act-004047,2026-06-20T05:35:00Z,View,key-4047,user109@contoso.example,ws-049,ds-0146,,,Dataset
act-004048,2026-06-08T02:10:00Z,ViewReport,key-4048,user088@contoso.example,ws-056,ds-0168,,,Dataset
act-004049,2026-06-22T07:16:00Z,View,key-4049,user017@contoso.example,ws-040,ds-0117,,,Dataset
act-004050,2026-06-03T12:02:00Z,View,key-4050,user120@contoso.example,ws-062,ds-0187,,,Dataset
act-004051,2026-06-18T21:07:00Z,View,key-4051,user042@contoso.example,ws-048,ds-0143,,,Dataset
act-004052,2026-06-07T20:45:00Z,ViewReport,key-4052,user147@contoso.example,ws-024,ds-0069,,,Dataset
act-004053,2026-06-26T09:17:00Z,ViewReport,key-4053,user078@contoso.example,ws-040,ds-0117,,,Dataset
act-004054,2026-06-18T09:33:00Z,ViewReport,key-4054,user102@contoso.example,ws-031,ds-0091,,,Dataset
act-004055,2026-06-25T19:50:00Z,View,key-4055,user085@contoso.example,ws-062,ds-0189,,,Dataset
act-004056,2026-06-03T22:16:00Z,View,key-4056,user095@contoso.example,ws-017,ds-0046,,,Dataset
act-004057,2026-06-15T04:39:00Z,View,key-4057,user034@contoso.example,ws-050,ds-0151,,,Dataset
act-004058,2026-06-13T22:03:00Z,View,key-4058,user052@contoso.example,ws-042,ds-0123,,,Dataset
act-004059,2026-06-26T18:05:00Z,View,key-4059,user137@contoso.example,ws-025,ds-0070,,,Dataset
act-004060,2026-06-05T14:25:00Z,ViewReport,key-4060,user030@contoso.example,ws-026,ds-0073,,,Dataset
act-004061,2026-06-25T04:13:00Z,ViewReport,key-4061,user083@contoso.example,ws-062,ds-0188,,,Dataset
act-004062,2026-06-09T11:47:00Z,RefreshDataset,key-4062,user086@contoso.example,ws-055,ds-0164,,,Dataset
act-004063,2026-06-24T18:49:00Z,ViewReport,key-4063,user114@contoso.example,ws-010,ds-0029,,,Dataset
act-004064,2026-06-06T00:52:00Z,ViewReport,key-4064,user113@contoso.example,ws-037,ds-0106,,,Dataset
act-004065,2026-06-21T21:13:00Z,RefreshDataset,key-4065,user118@contoso.example,ws-006,ds-0016,,,Dataset
act-004066,2026-06-18T00:15:00Z,ViewReport,key-4066,user055@contoso.example,ws-052,ds-0157,,,Dataset
act-004067,2026-06-09T12:35:00Z,View,key-4067,user123@contoso.example,ws-035,ds-0102,,,Dataset
act-004068,2026-06-11T06:36:00Z,ViewReport,key-4068,user023@contoso.example,ws-011,ds-0030,,,Dataset
act-004069,2026-06-25T21:50:00Z,View,key-4069,user049@contoso.example,ws-055,ds-0164,,,Dataset
act-004070,2026-06-18T05:33:00Z,View,key-4070,user022@contoso.example,ws-058,ds-0176,,,Dataset
act-004071,2026-06-17T23:13:00Z,View,key-4071,user114@contoso.example,ws-062,ds-0186,,,Dataset
act-004072,2026-06-08T19:32:00Z,View,key-4072,user083@contoso.example,ws-027,ds-0078,,,Dataset
act-004073,2026-06-11T00:23:00Z,View,key-4073,user031@contoso.example,ws-004,ds-0010,,,Dataset
act-004074,2026-06-12T03:43:00Z,View,key-4074,user035@contoso.example,ws-009,ds-0023,,,Dataset
act-004075,2026-06-15T16:21:00Z,ViewReport,key-4075,user105@contoso.example,ws-035,ds-0102,,,Dataset
act-004076,2026-06-06T02:30:00Z,ViewReport,key-4076,user042@contoso.example,ws-060,ds-0181,,,Dataset
act-004077,2026-06-22T14:56:00Z,View,key-4077,user059@contoso.example,ws-061,ds-0184,,,Dataset
act-004078,2026-06-27T16:53:00Z,ViewDashboard,key-4078,user079@contoso.example,ws-011,ds-0032,,,Dataset
act-004079,2026-06-09T11:26:00Z,View,key-4079,user069@contoso.example,ws-031,ds-0090,,,Dataset
act-004080,2026-06-19T19:28:00Z,View,key-4080,user009@contoso.example,ws-030,ds-0088,,,Dataset
act-004081,2026-06-03T09:16:00Z,ViewReport,key-4081,user063@contoso.example,ws-034,ds-0099,,,Dataset
act-004082,2026-06-18T08:20:00Z,View,key-4082,user001@contoso.example,ws-029,ds-0084,,,Dataset
act-004083,2026-06-03T04:41:00Z,View,key-4083,user134@contoso.example,ws-013,ds-0037,,,Dataset
act-004084,2026-06-21T16:19:00Z,View,key-4084,user021@contoso.example,ws-048,ds-0144,,,Dataset
act-004085,2026-06-05T01:22:00Z,View,key-4085,user142@contoso.example,ws-051,ds-0156,,,Dataset
act-004086,2026-06-19T16:39:00Z,View,key-4086,user145@contoso.example,ws-061,ds-0183,,,Dataset
act-004087,2026-06-23T04:41:00Z,View,key-4087,user011@contoso.example,ws-018,ds-0048,,,Dataset
act-004088,2026-06-06T22:59:00Z,Export,key-4088,user128@contoso.example,ws-028,ds-0080,,,Dataset
act-004089,2026-06-14T13:58:00Z,View,key-4089,user104@contoso.example,ws-050,ds-0152,,,Dataset
act-004090,2026-06-28T16:12:00Z,View,key-4090,user142@contoso.example,ws-060,ds-0179,,,Dataset
act-004091,2026-06-06T12:45:00Z,View,key-4091,user016@contoso.example,ws-036,ds-0105,,,Dataset
act-004092,2026-06-22T00:42:00Z,View,key-4092,user124@contoso.example,ws-001,ds-0002,,,Dataset
act-004093,2026-06-16T07:20:00Z,Export,key-4093,user149@contoso.example,ws-059,ds-0177,,,Dataset
act-004094,2026-06-22T13:11:00Z,ViewReport,key-4094,user090@contoso.example,ws-032,ds-0094,,,Dataset
act-004095,2026-06-19T00:46:00Z,View,key-4095,user056@contoso.example,ws-011,ds-0030,,,Dataset
act-004096,2026-06-12T10:58:00Z,View,key-4096,user042@contoso.example,ws-018,ds-0049,,,Dataset
act-004097,2026-06-11T07:16:00Z,ViewDashboard,key-4097,user111@contoso.example,ws-058,ds-0176,,,Dataset
act-004098,2026-06-24T08:24:00Z,View,key-4098,user120@contoso.example,ws-038,ds-0110,,,Dataset
act-004099,2026-06-02T13:30:00Z,View,key-4099,user112@contoso.example,ws-054,ds-0163,,,Dataset
act-004100,2026-06-10T09:01:00Z,ViewReport,key-4100,user069@contoso.example,ws-019,ds-0054,,,Dataset
act-004101,2026-06-17T05:11:00Z,View,key-4101,user067@contoso.example,ws-011,ds-0031,,,Dataset
act-004102,2026-06-30T10:48:00Z,View,key-4102,user005@contoso.example,ws-060,ds-0179,,,Dataset
act-004103,2026-06-29T11:23:00Z,ViewDashboard,key-4103,user042@contoso.example,ws-028,ds-0082,,,Dataset
act-004104,2026-06-04T12:51:00Z,ViewReport,key-4104,user142@contoso.example,ws-062,ds-0189,,,Dataset
act-004105,2026-06-27T10:56:00Z,View,key-4105,user040@contoso.example,ws-031,ds-0091,,,Dataset
act-004106,2026-06-13T19:18:00Z,View,key-4106,user134@contoso.example,ws-033,ds-0095,,,Dataset
act-004107,2026-06-27T06:46:00Z,View,key-4107,user041@contoso.example,ws-035,ds-0101,,,Dataset
act-004108,2026-06-05T17:32:00Z,ViewReport,key-4108,user148@contoso.example,ws-026,ds-0073,,,Dataset
act-004109,2026-06-07T18:09:00Z,ViewReport,key-4109,user144@contoso.example,ws-062,ds-0187,,,Dataset
act-004110,2026-06-24T22:45:00Z,Export,key-4110,user130@contoso.example,ws-036,ds-0105,,,Dataset
act-004111,2026-06-19T16:00:00Z,View,key-4111,user088@contoso.example,ws-009,ds-0026,,,Dataset
act-004112,2026-06-25T23:11:00Z,View,key-4112,user080@contoso.example,ws-046,ds-0136,,,Dataset
act-004113,2026-06-24T06:02:00Z,View,key-4113,user055@contoso.example,ws-028,ds-0081,,,Dataset
act-004114,2026-06-24T13:06:00Z,Export,key-4114,user025@contoso.example,ws-023,ds-0066,,,Dataset
act-004115,2026-06-14T07:41:00Z,View,key-4115,user042@contoso.example,ws-039,ds-0114,,,Dataset
act-004116,2026-06-16T08:45:00Z,Export,key-4116,user012@contoso.example,ws-012,ds-0036,,,Dataset
act-004117,2026-06-28T21:56:00Z,Export,key-4117,user014@contoso.example,ws-055,ds-0164,,,Dataset
act-004118,2026-06-06T20:39:00Z,ViewReport,key-4118,user002@contoso.example,ws-027,ds-0076,,,Dataset
act-004119,2026-06-29T14:36:00Z,ViewDashboard,key-4119,user114@contoso.example,ws-052,ds-0158,,,Dataset
act-004120,2026-06-16T23:35:00Z,ViewReport,key-4120,user013@contoso.example,ws-045,ds-0132,,,Dataset
act-004121,2026-06-30T08:32:00Z,View,key-4121,user090@contoso.example,ws-033,ds-0095,,,Dataset
act-004122,2026-06-25T19:01:00Z,Export,key-4122,user044@contoso.example,ws-032,ds-0092,,,Dataset
act-004123,2026-06-29T09:35:00Z,View,key-4123,user012@contoso.example,ws-039,ds-0115,,,Dataset
act-004124,2026-06-10T03:49:00Z,View,key-4124,user027@contoso.example,ws-028,ds-0079,,,Dataset
act-004125,2026-06-09T00:43:00Z,Export,key-4125,user133@contoso.example,ws-045,ds-0132,,,Dataset
act-004126,2026-06-15T15:52:00Z,ViewReport,key-4126,user020@contoso.example,ws-049,ds-0148,,,Dataset
act-004127,2026-06-11T22:25:00Z,View,key-4127,user042@contoso.example,ws-052,ds-0157,,,Dataset
act-004128,2026-06-05T18:07:00Z,View,key-4128,user150@contoso.example,ws-055,ds-0166,,,Dataset
act-004129,2026-06-02T20:04:00Z,View,key-4129,user073@contoso.example,ws-035,ds-0102,,,Dataset
act-004130,2026-06-22T00:19:00Z,View,key-4130,user104@contoso.example,ws-060,ds-0179,,,Dataset
act-004131,2026-06-23T07:14:00Z,ViewReport,key-4131,user149@contoso.example,ws-001,ds-0003,,,Dataset
act-004132,2026-06-10T15:49:00Z,View,key-4132,user079@contoso.example,ws-055,ds-0165,,,Dataset
act-004133,2026-06-04T10:41:00Z,View,key-4133,user129@contoso.example,ws-049,ds-0148,,,Dataset
act-004134,2026-06-10T04:29:00Z,View,key-4134,user117@contoso.example,ws-034,ds-0098,,,Dataset
act-004135,2026-06-09T03:27:00Z,View,key-4135,user114@contoso.example,ws-030,ds-0087,,,Dataset
act-004136,2026-06-09T13:47:00Z,ViewReport,key-4136,user113@contoso.example,ws-034,ds-0097,,,Dataset
act-004137,2026-06-18T10:52:00Z,View,key-4137,user114@contoso.example,ws-037,ds-0108,,,Dataset
act-004138,2026-06-04T12:18:00Z,View,key-4138,user030@contoso.example,ws-021,ds-0061,,,Dataset
act-004139,2026-06-04T12:51:00Z,View,key-4139,user096@contoso.example,ws-045,ds-0133,,,Dataset
act-004140,2026-06-29T04:19:00Z,RefreshDataset,key-4140,user031@contoso.example,ws-007,ds-0019,,,Dataset
act-004141,2026-06-14T16:31:00Z,View,key-4141,user042@contoso.example,ws-027,ds-0078,,,Dataset
act-004142,2026-06-11T13:40:00Z,View,key-4142,user053@contoso.example,ws-022,ds-0064,,,Dataset
act-004143,2026-06-06T10:05:00Z,View,key-4143,user021@contoso.example,ws-001,ds-0003,,,Dataset
act-004144,2026-06-01T05:42:00Z,View,key-4144,user031@contoso.example,ws-048,ds-0143,,,Dataset
act-004145,2026-06-26T08:36:00Z,ViewReport,key-4145,user070@contoso.example,ws-057,ds-0171,,,Dataset
act-004146,2026-06-03T01:05:00Z,ViewReport,key-4146,user012@contoso.example,ws-009,ds-0023,,,Dataset
act-004147,2026-06-26T02:41:00Z,ViewReport,key-4147,user120@contoso.example,ws-040,ds-0117,,,Dataset
act-004148,2026-06-09T22:35:00Z,ViewDashboard,key-4148,user122@contoso.example,ws-009,ds-0024,,,Dataset
act-004149,2026-06-19T13:06:00Z,Export,key-4149,user071@contoso.example,ws-050,ds-0151,,,Dataset
act-004150,2026-06-29T04:12:00Z,View,key-4150,user018@contoso.example,ws-044,ds-0129,,,Dataset
act-004151,2026-06-06T08:20:00Z,View,key-4151,user068@contoso.example,ws-059,ds-0178,,,Dataset
act-004152,2026-06-28T15:47:00Z,View,key-4152,user007@contoso.example,ws-001,ds-0003,,,Dataset
act-004153,2026-06-24T15:02:00Z,View,key-4153,user133@contoso.example,ws-050,ds-0150,,,Dataset
act-004154,2026-06-21T11:28:00Z,ViewReport,key-4154,user105@contoso.example,ws-024,ds-0069,,,Dataset
act-004155,2026-06-23T09:10:00Z,View,key-4155,user080@contoso.example,ws-029,ds-0085,,,Dataset
act-004156,2026-06-22T14:03:00Z,View,key-4156,user028@contoso.example,ws-017,ds-0045,,,Dataset
act-004157,2026-06-21T10:52:00Z,View,key-4157,user104@contoso.example,ws-056,ds-0170,,,Dataset
act-004158,2026-06-14T19:40:00Z,RefreshDataset,key-4158,user001@contoso.example,ws-012,ds-0034,,,Dataset
act-004159,2026-06-16T22:11:00Z,View,key-4159,user034@contoso.example,ws-049,ds-0147,,,Dataset
act-004160,2026-06-26T07:44:00Z,ViewReport,key-4160,user134@contoso.example,ws-011,ds-0030,,,Dataset
act-004161,2026-06-21T14:01:00Z,Export,key-4161,user062@contoso.example,ws-044,ds-0131,,,Dataset
act-004162,2026-06-07T09:48:00Z,View,key-4162,user060@contoso.example,ws-062,ds-0188,,,Dataset
act-004163,2026-06-19T14:23:00Z,View,key-4163,user146@contoso.example,ws-004,ds-0012,,,Dataset
act-004164,2026-06-29T20:01:00Z,View,key-4164,user132@contoso.example,ws-059,ds-0177,,,Dataset
act-004165,2026-06-24T10:24:00Z,Export,key-4165,user129@contoso.example,ws-060,ds-0180,,,Dataset
act-004166,2026-06-02T04:35:00Z,View,key-4166,user040@contoso.example,ws-027,ds-0078,,,Dataset
act-004167,2026-06-15T16:12:00Z,ViewReport,key-4167,user097@contoso.example,ws-037,ds-0108,,,Dataset
act-004168,2026-06-18T22:58:00Z,ViewReport,key-4168,user076@contoso.example,ws-025,ds-0071,,,Dataset
act-004169,2026-06-04T21:56:00Z,Export,key-4169,user118@contoso.example,ws-058,ds-0174,,,Dataset
act-004170,2026-06-20T01:16:00Z,View,key-4170,user021@contoso.example,ws-026,ds-0074,,,Dataset
act-004171,2026-06-12T07:57:00Z,ViewReport,key-4171,user043@contoso.example,ws-043,ds-0126,,,Dataset
act-004172,2026-06-13T20:01:00Z,View,key-4172,user139@contoso.example,ws-038,ds-0111,,,Dataset
act-004173,2026-06-25T04:15:00Z,View,key-4173,user003@contoso.example,ws-058,ds-0175,,,Dataset
act-004174,2026-06-22T00:00:00Z,ViewReport,key-4174,user121@contoso.example,ws-058,ds-0175,,,Dataset
act-004175,2026-06-18T00:26:00Z,View,key-4175,user142@contoso.example,ws-055,ds-0164,,,Dataset
act-004176,2026-06-05T20:17:00Z,View,key-4176,user081@contoso.example,ws-038,ds-0109,,,Dataset
act-004177,2026-06-07T00:39:00Z,View,key-4177,user044@contoso.example,ws-013,ds-0038,,,Dataset
act-004178,2026-06-04T04:32:00Z,View,key-4178,user006@contoso.example,ws-047,ds-0141,,,Dataset
act-004179,2026-06-07T10:52:00Z,ViewReport,key-4179,user045@contoso.example,ws-046,ds-0138,,,Dataset
act-004180,2026-06-23T04:14:00Z,View,key-4180,user058@contoso.example,ws-016,ds-0043,,,Dataset
act-004181,2026-06-10T08:08:00Z,View,key-4181,user101@contoso.example,ws-024,ds-0069,,,Dataset
act-004182,2026-06-28T01:33:00Z,View,key-4182,user021@contoso.example,ws-019,ds-0055,,,Dataset
act-004183,2026-06-09T17:37:00Z,View,key-4183,user139@contoso.example,ws-055,ds-0166,,,Dataset
act-004184,2026-06-22T05:42:00Z,View,key-4184,user050@contoso.example,ws-016,ds-0043,,,Dataset
act-004185,2026-06-05T05:32:00Z,View,key-4185,user102@contoso.example,ws-062,ds-0187,,,Dataset
act-004186,2026-06-04T19:37:00Z,View,key-4186,user012@contoso.example,ws-049,ds-0146,,,Dataset
act-004187,2026-06-17T22:06:00Z,View,key-4187,user038@contoso.example,ws-044,ds-0131,,,Dataset
act-004188,2026-06-30T03:15:00Z,View,key-4188,user082@contoso.example,ws-055,ds-0165,,,Dataset
act-004189,2026-06-23T21:54:00Z,View,key-4189,user067@contoso.example,ws-017,ds-0046,,,Dataset
act-004190,2026-06-12T21:22:00Z,View,key-4190,user034@contoso.example,ws-027,ds-0078,,,Dataset
act-004191,2026-06-05T15:01:00Z,View,key-4191,user068@contoso.example,ws-061,ds-0183,,,Dataset
act-004192,2026-06-17T19:58:00Z,ViewReport,key-4192,user127@contoso.example,ws-058,ds-0175,,,Dataset
act-004193,2026-06-26T08:49:00Z,View,key-4193,user045@contoso.example,ws-023,ds-0066,,,Dataset
act-004194,2026-06-22T10:39:00Z,Export,key-4194,user052@contoso.example,ws-058,ds-0175,,,Dataset
act-004195,2026-06-02T06:31:00Z,View,key-4195,user094@contoso.example,ws-023,ds-0065,,,Dataset
act-004196,2026-06-21T01:33:00Z,ViewReport,key-4196,user113@contoso.example,ws-019,ds-0055,,,Dataset
act-004197,2026-06-27T08:54:00Z,View,key-4197,user013@contoso.example,ws-020,ds-0057,,,Dataset
act-004198,2026-06-25T01:25:00Z,View,key-4198,user141@contoso.example,ws-056,ds-0169,,,Dataset
act-004199,2026-06-08T00:40:00Z,View,key-4199,user112@contoso.example,ws-040,ds-0117,,,Dataset
act-004200,2026-06-24T21:24:00Z,ViewReport,key-4200,user130@contoso.example,ws-042,ds-0124,,,Dataset
act-004201,2026-06-12T18:33:00Z,RefreshDataset,key-4201,user024@contoso.example,ws-039,ds-0114,,,Dataset
act-004202,2026-06-24T23:58:00Z,View,key-4202,user060@contoso.example,ws-062,ds-0189,,,Dataset
act-004203,2026-06-08T07:21:00Z,View,key-4203,user128@contoso.example,ws-020,ds-0057,,,Dataset
act-004204,2026-06-25T18:02:00Z,View,key-4204,user075@contoso.example,ws-018,ds-0048,,,Dataset
act-004205,2026-06-26T21:03:00Z,View,key-4205,user075@contoso.example,ws-029,ds-0084,,,Dataset
act-004206,2026-06-22T14:24:00Z,ViewDashboard,key-4206,user044@contoso.example,ws-010,ds-0027,,,Dataset
act-004207,2026-06-15T23:56:00Z,View,key-4207,user012@contoso.example,ws-045,ds-0135,,,Dataset
act-004208,2026-06-15T19:40:00Z,View,key-4208,user139@contoso.example,ws-036,ds-0103,,,Dataset
act-004209,2026-06-02T18:51:00Z,View,key-4209,user041@contoso.example,ws-052,ds-0158,,,Dataset
act-004210,2026-06-09T21:08:00Z,View,key-4210,user030@contoso.example,ws-040,ds-0117,,,Dataset
act-004211,2026-06-28T14:45:00Z,Export,key-4211,user115@contoso.example,ws-022,ds-0063,,,Dataset
act-004212,2026-06-05T01:05:00Z,Export,key-4212,user006@contoso.example,ws-041,ds-0122,,,Dataset
act-004213,2026-06-03T03:28:00Z,ViewReport,key-4213,user086@contoso.example,ws-029,ds-0083,,,Dataset
act-004214,2026-06-23T12:29:00Z,Export,key-4214,user123@contoso.example,ws-040,ds-0118,,,Dataset
act-004215,2026-06-08T11:07:00Z,Export,key-4215,user117@contoso.example,ws-004,ds-0012,,,Dataset
act-004216,2026-06-23T09:55:00Z,View,key-4216,user131@contoso.example,ws-027,ds-0077,,,Dataset
act-004217,2026-06-19T01:50:00Z,View,key-4217,user032@contoso.example,ws-061,ds-0182,,,Dataset
act-004218,2026-06-23T12:31:00Z,View,key-4218,user132@contoso.example,ws-053,ds-0161,,,Dataset
act-004219,2026-06-02T07:01:00Z,ViewDashboard,key-4219,user148@contoso.example,ws-016,ds-0043,,,Dataset
act-004220,2026-06-28T04:14:00Z,ViewReport,key-4220,user001@contoso.example,ws-058,ds-0173,,,Dataset
act-004221,2026-06-30T00:35:00Z,View,key-4221,user031@contoso.example,ws-019,ds-0055,,,Dataset
act-004222,2026-06-29T17:30:00Z,ViewReport,key-4222,user081@contoso.example,ws-011,ds-0031,,,Dataset
act-004223,2026-06-26T21:01:00Z,ViewReport,key-4223,user050@contoso.example,ws-018,ds-0051,,,Dataset
act-004224,2026-06-02T07:32:00Z,View,key-4224,user095@contoso.example,ws-001,ds-0003,,,Dataset
act-004225,2026-06-09T06:06:00Z,View,key-4225,user057@contoso.example,ws-022,ds-0064,,,Dataset
act-004226,2026-06-04T04:59:00Z,View,key-4226,user008@contoso.example,ws-061,ds-0183,,,Dataset
act-004227,2026-06-26T08:35:00Z,ViewReport,key-4227,user140@contoso.example,ws-045,ds-0132,,,Dataset
act-004228,2026-06-04T19:34:00Z,ViewReport,key-4228,user145@contoso.example,ws-044,ds-0128,,,Dataset
act-004229,2026-06-28T18:29:00Z,View,key-4229,user046@contoso.example,ws-021,ds-0059,,,Dataset
act-004230,2026-06-21T18:08:00Z,View,key-4230,user037@contoso.example,ws-042,ds-0124,,,Dataset
act-004231,2026-06-30T16:15:00Z,ViewReport,key-4231,user139@contoso.example,ws-060,ds-0180,,,Dataset
act-004232,2026-06-13T06:55:00Z,View,key-4232,user010@contoso.example,ws-049,ds-0148,,,Dataset
act-004233,2026-06-14T05:01:00Z,ViewDashboard,key-4233,user118@contoso.example,ws-025,ds-0071,,,Dataset
act-004234,2026-06-18T13:58:00Z,RefreshDataset,key-4234,user057@contoso.example,ws-018,ds-0051,,,Dataset
act-004235,2026-06-18T02:54:00Z,View,key-4235,user147@contoso.example,ws-034,ds-0100,,,Dataset
act-004236,2026-06-25T08:34:00Z,View,key-4236,user120@contoso.example,ws-035,ds-0101,,,Dataset
act-004237,2026-06-21T12:44:00Z,RefreshDataset,key-4237,user105@contoso.example,ws-052,ds-0157,,,Dataset
act-004238,2026-06-28T08:17:00Z,View,key-4238,user031@contoso.example,ws-025,ds-0071,,,Dataset
act-004239,2026-06-18T11:05:00Z,View,key-4239,user068@contoso.example,ws-004,ds-0011,,,Dataset
act-004240,2026-06-22T05:28:00Z,View,key-4240,user118@contoso.example,ws-017,ds-0045,,,Dataset
act-004241,2026-06-08T00:47:00Z,ViewDashboard,key-4241,user012@contoso.example,ws-010,ds-0027,,,Dataset
act-004242,2026-06-17T15:08:00Z,View,key-4242,user045@contoso.example,ws-030,ds-0087,,,Dataset
act-004243,2026-06-28T07:01:00Z,View,key-4243,user122@contoso.example,ws-012,ds-0034,,,Dataset
act-004244,2026-06-30T05:31:00Z,RefreshDataset,key-4244,user096@contoso.example,ws-059,ds-0177,,,Dataset
act-004245,2026-06-06T03:43:00Z,ViewReport,key-4245,user044@contoso.example,ws-030,ds-0089,,,Dataset
act-004246,2026-06-16T23:59:00Z,View,key-4246,user018@contoso.example,ws-057,ds-0171,,,Dataset
act-004247,2026-06-28T03:44:00Z,View,key-4247,user018@contoso.example,ws-024,ds-0069,,,Dataset
act-004248,2026-06-24T12:24:00Z,View,key-4248,user107@contoso.example,ws-021,ds-0060,,,Dataset
act-004249,2026-06-15T14:48:00Z,ViewReport,key-4249,user113@contoso.example,ws-032,ds-0094,,,Dataset
act-004250,2026-06-05T14:28:00Z,View,key-4250,user147@contoso.example,ws-041,ds-0120,,,Dataset
act-004251,2026-06-17T22:17:00Z,View,key-4251,user049@contoso.example,ws-036,ds-0105,,,Dataset
act-004252,2026-06-23T09:25:00Z,View,key-4252,user113@contoso.example,ws-062,ds-0188,,,Dataset
act-004253,2026-06-10T01:39:00Z,ViewReport,key-4253,user060@contoso.example,ws-034,ds-0098,,,Dataset
act-004254,2026-06-09T22:41:00Z,ViewDashboard,key-4254,user130@contoso.example,ws-046,ds-0137,,,Dataset
act-004255,2026-06-16T03:27:00Z,View,key-4255,user103@contoso.example,ws-059,ds-0178,,,Dataset
act-004256,2026-06-26T05:39:00Z,View,key-4256,user128@contoso.example,ws-011,ds-0033,,,Dataset
act-004257,2026-06-16T06:24:00Z,View,key-4257,user001@contoso.example,ws-002,ds-0005,,,Dataset
act-004258,2026-06-30T17:58:00Z,View,key-4258,user004@contoso.example,ws-006,ds-0017,,,Dataset
act-004259,2026-06-01T01:30:00Z,View,key-4259,user061@contoso.example,ws-060,ds-0180,,,Dataset
act-004260,2026-06-29T03:53:00Z,ViewReport,key-4260,user041@contoso.example,ws-045,ds-0133,,,Dataset
act-004261,2026-06-24T13:13:00Z,ViewReport,key-4261,user019@contoso.example,ws-042,ds-0123,,,Dataset
act-004262,2026-06-19T17:31:00Z,ViewReport,key-4262,user054@contoso.example,ws-058,ds-0174,,,Dataset
act-004263,2026-06-30T05:11:00Z,View,key-4263,user132@contoso.example,ws-028,ds-0082,,,Dataset
act-004264,2026-06-03T19:12:00Z,ViewReport,key-4264,user039@contoso.example,ws-021,ds-0060,,,Dataset
act-004265,2026-06-06T15:55:00Z,ViewReport,key-4265,user095@contoso.example,ws-024,ds-0067,,,Dataset
act-004266,2026-06-09T21:44:00Z,ViewReport,key-4266,user073@contoso.example,ws-031,ds-0090,,,Dataset
act-004267,2026-06-25T09:58:00Z,RefreshDataset,key-4267,user114@contoso.example,ws-042,ds-0124,,,Dataset
act-004268,2026-06-17T15:45:00Z,ViewReport,key-4268,user075@contoso.example,ws-051,ds-0154,,,Dataset
act-004269,2026-06-10T14:52:00Z,ViewReport,key-4269,user118@contoso.example,ws-058,ds-0174,,,Dataset
act-004270,2026-06-30T02:29:00Z,View,key-4270,user101@contoso.example,ws-028,ds-0080,,,Dataset
act-004271,2026-06-18T12:28:00Z,ViewReport,key-4271,user067@contoso.example,ws-049,ds-0146,,,Dataset
act-004272,2026-06-05T00:43:00Z,View,key-4272,user121@contoso.example,ws-034,ds-0097,,,Dataset
act-004273,2026-06-14T19:34:00Z,View,key-4273,user097@contoso.example,ws-016,ds-0043,,,Dataset
act-004274,2026-06-03T17:08:00Z,ViewDashboard,key-4274,user053@contoso.example,ws-028,ds-0082,,,Dataset
act-004275,2026-06-30T00:34:00Z,View,key-4275,user127@contoso.example,ws-043,ds-0127,,,Dataset
act-004276,2026-06-19T00:38:00Z,View,key-4276,user020@contoso.example,ws-007,ds-0018,,,Dataset
act-004277,2026-06-06T02:10:00Z,View,key-4277,user143@contoso.example,ws-036,ds-0104,,,Dataset
act-004278,2026-06-04T11:27:00Z,View,key-4278,user045@contoso.example,ws-042,ds-0123,,,Dataset
act-004279,2026-06-29T12:10:00Z,ViewReport,key-4279,user027@contoso.example,ws-016,ds-0044,,,Dataset
act-004280,2026-06-20T06:12:00Z,View,key-4280,user130@contoso.example,ws-028,ds-0082,,,Dataset
act-004281,2026-06-28T09:18:00Z,View,key-4281,user047@contoso.example,ws-021,ds-0059,,,Dataset
act-004282,2026-06-26T17:11:00Z,View,key-4282,user026@contoso.example,ws-044,ds-0129,,,Dataset
act-004283,2026-06-28T05:22:00Z,View,key-4283,user012@contoso.example,ws-060,ds-0179,,,Dataset
act-004284,2026-06-09T07:11:00Z,View,key-4284,user018@contoso.example,ws-004,ds-0012,,,Dataset
act-004285,2026-06-18T05:32:00Z,View,key-4285,user075@contoso.example,ws-055,ds-0167,,,Dataset
act-004286,2026-06-16T19:25:00Z,View,key-4286,user120@contoso.example,ws-056,ds-0169,,,Dataset
act-004287,2026-06-17T06:01:00Z,ViewDashboard,key-4287,user126@contoso.example,ws-018,ds-0050,,,Dataset
act-004288,2026-06-06T19:47:00Z,View,key-4288,user056@contoso.example,ws-024,ds-0069,,,Dataset
act-004289,2026-06-29T15:22:00Z,View,key-4289,user107@contoso.example,ws-008,ds-0021,,,Dataset
act-004290,2026-06-29T21:34:00Z,View,key-4290,user078@contoso.example,ws-024,ds-0067,,,Dataset
act-004291,2026-06-24T20:06:00Z,View,key-4291,user098@contoso.example,ws-061,ds-0183,,,Dataset
act-004292,2026-06-16T18:39:00Z,View,key-4292,user084@contoso.example,ws-009,ds-0026,,,Dataset
act-004293,2026-06-03T19:09:00Z,View,key-4293,user070@contoso.example,ws-001,ds-0001,,,Dataset
act-004294,2026-06-20T23:27:00Z,View,key-4294,user132@contoso.example,ws-031,ds-0090,,,Dataset
act-004295,2026-06-11T02:58:00Z,View,key-4295,user096@contoso.example,ws-049,ds-0146,,,Dataset
act-004296,2026-06-30T12:34:00Z,ViewReport,key-4296,user089@contoso.example,ws-027,ds-0075,,,Dataset
act-004297,2026-06-21T18:54:00Z,ViewReport,key-4297,user014@contoso.example,ws-019,ds-0055,,,Dataset
act-004298,2026-06-30T03:03:00Z,View,key-4298,user045@contoso.example,ws-041,ds-0119,,,Dataset
act-004299,2026-06-18T14:45:00Z,ViewReport,key-4299,user043@contoso.example,ws-051,ds-0156,,,Dataset
act-004300,2026-06-05T10:30:00Z,ViewReport,key-4300,user083@contoso.example,ws-062,ds-0187,,,Dataset
act-004301,2026-06-02T04:58:00Z,View,key-4301,user064@contoso.example,ws-017,ds-0045,,,Dataset
act-004302,2026-06-29T22:51:00Z,ViewReport,key-4302,user048@contoso.example,ws-011,ds-0031,,,Dataset
act-004303,2026-06-16T05:23:00Z,Export,key-4303,user146@contoso.example,ws-024,ds-0069,,,Dataset
act-004304,2026-06-26T11:59:00Z,ViewReport,key-4304,user064@contoso.example,ws-028,ds-0081,,,Dataset
act-004305,2026-06-22T00:28:00Z,View,key-4305,user034@contoso.example,ws-049,ds-0148,,,Dataset
act-004306,2026-06-11T08:50:00Z,View,key-4306,user113@contoso.example,ws-038,ds-0110,,,Dataset
act-004307,2026-06-05T07:39:00Z,View,key-4307,user125@contoso.example,ws-034,ds-0097,,,Dataset
act-004308,2026-06-17T06:36:00Z,ViewDashboard,key-4308,user082@contoso.example,ws-001,ds-0003,,,Dataset
act-004309,2026-06-29T02:26:00Z,View,key-4309,user103@contoso.example,ws-019,ds-0052,,,Dataset
act-004310,2026-06-14T05:25:00Z,ViewReport,key-4310,user077@contoso.example,ws-042,ds-0124,,,Dataset
act-004311,2026-06-01T19:44:00Z,ViewReport,key-4311,user010@contoso.example,ws-050,ds-0149,,,Dataset
act-004312,2026-06-15T06:29:00Z,View,key-4312,user029@contoso.example,ws-061,ds-0185,,,Dataset
act-004313,2026-06-16T12:17:00Z,View,key-4313,user103@contoso.example,ws-046,ds-0137,,,Dataset
act-004314,2026-06-03T09:40:00Z,ViewReport,key-4314,user078@contoso.example,ws-057,ds-0171,,,Dataset
act-004315,2026-06-09T00:43:00Z,View,key-4315,user021@contoso.example,ws-061,ds-0184,,,Dataset
act-004316,2026-06-30T19:23:00Z,View,key-4316,user084@contoso.example,ws-034,ds-0098,,,Dataset
act-004317,2026-06-24T16:17:00Z,View,key-4317,user070@contoso.example,ws-048,ds-0144,,,Dataset
act-004318,2026-06-19T05:51:00Z,View,key-4318,user084@contoso.example,ws-011,ds-0033,,,Dataset
act-004319,2026-06-23T12:02:00Z,View,key-4319,user060@contoso.example,ws-061,ds-0182,,,Dataset
act-004320,2026-06-12T02:05:00Z,View,key-4320,user077@contoso.example,ws-056,ds-0170,,,Dataset
act-004321,2026-06-29T16:40:00Z,View,key-4321,user063@contoso.example,ws-036,ds-0104,,,Dataset
act-004322,2026-06-30T17:47:00Z,View,key-4322,user065@contoso.example,ws-004,ds-0012,,,Dataset
act-004323,2026-06-13T01:30:00Z,ViewReport,key-4323,user068@contoso.example,ws-001,ds-0002,,,Dataset
act-004324,2026-06-08T10:42:00Z,View,key-4324,user096@contoso.example,ws-060,ds-0179,,,Dataset
act-004325,2026-06-20T06:05:00Z,View,key-4325,user017@contoso.example,ws-039,ds-0113,,,Dataset
act-004326,2026-06-29T01:34:00Z,ViewReport,key-4326,user084@contoso.example,ws-058,ds-0173,,,Dataset
act-004327,2026-06-13T06:59:00Z,View,key-4327,user065@contoso.example,ws-055,ds-0166,,,Dataset
act-004328,2026-06-15T21:37:00Z,View,key-4328,user046@contoso.example,ws-035,ds-0102,,,Dataset
act-004329,2026-06-14T10:03:00Z,View,key-4329,user125@contoso.example,ws-046,ds-0136,,,Dataset
act-004330,2026-06-12T10:32:00Z,View,key-4330,user122@contoso.example,ws-028,ds-0082,,,Dataset
act-004331,2026-06-19T19:42:00Z,ViewDashboard,key-4331,user131@contoso.example,ws-042,ds-0123,,,Dataset
act-004332,2026-06-27T02:27:00Z,View,key-4332,user012@contoso.example,ws-061,ds-0183,,,Dataset
act-004333,2026-06-20T12:21:00Z,View,key-4333,user141@contoso.example,ws-008,ds-0020,,,Dataset
act-004334,2026-06-25T16:35:00Z,View,key-4334,user078@contoso.example,ws-039,ds-0115,,,Dataset
act-004335,2026-06-23T15:12:00Z,View,key-4335,user116@contoso.example,ws-017,ds-0047,,,Dataset
act-004336,2026-06-17T10:18:00Z,View,key-4336,user123@contoso.example,ws-028,ds-0082,,,Dataset
act-004337,2026-06-30T21:29:00Z,View,key-4337,user134@contoso.example,ws-002,ds-0006,,,Dataset
act-004338,2026-06-25T20:50:00Z,ViewReport,key-4338,user142@contoso.example,ws-030,ds-0088,,,Dataset
act-004339,2026-06-24T16:42:00Z,View,key-4339,user096@contoso.example,ws-018,ds-0049,,,Dataset
act-004340,2026-06-28T13:18:00Z,View,key-4340,user043@contoso.example,ws-061,ds-0185,,,Dataset
act-004341,2026-06-28T14:45:00Z,View,key-4341,user019@contoso.example,ws-032,ds-0094,,,Dataset
act-004342,2026-06-24T10:27:00Z,View,key-4342,user117@contoso.example,ws-032,ds-0094,,,Dataset
act-004343,2026-06-02T02:59:00Z,View,key-4343,user099@contoso.example,ws-055,ds-0165,,,Dataset
act-004344,2026-06-06T12:25:00Z,View,key-4344,user021@contoso.example,ws-053,ds-0160,,,Dataset
act-004345,2026-06-18T01:52:00Z,View,key-4345,user039@contoso.example,ws-033,ds-0095,,,Dataset
act-004346,2026-06-01T01:35:00Z,View,key-4346,user061@contoso.example,ws-029,ds-0084,,,Dataset
act-004347,2026-06-27T03:27:00Z,ViewReport,key-4347,user072@contoso.example,ws-061,ds-0185,,,Dataset
act-004348,2026-06-30T22:59:00Z,View,key-4348,user103@contoso.example,ws-036,ds-0105,,,Dataset
act-004349,2026-06-21T09:36:00Z,Export,key-4349,user062@contoso.example,ws-019,ds-0052,,,Dataset
act-004350,2026-06-16T10:21:00Z,ViewReport,key-4350,user054@contoso.example,ws-059,ds-0178,,,Dataset
act-004351,2026-06-17T16:12:00Z,ViewReport,key-4351,user059@contoso.example,ws-062,ds-0186,,,Dataset
act-004352,2026-06-21T02:16:00Z,View,key-4352,user040@contoso.example,ws-050,ds-0149,,,Dataset
act-004353,2026-06-12T09:32:00Z,RefreshDataset,key-4353,user043@contoso.example,ws-029,ds-0084,,,Dataset
act-004354,2026-06-17T20:11:00Z,RefreshDataset,key-4354,user101@contoso.example,ws-001,ds-0003,,,Dataset
act-004355,2026-06-14T13:20:00Z,View,key-4355,user115@contoso.example,ws-019,ds-0054,,,Dataset
act-004356,2026-06-30T22:49:00Z,View,key-4356,user006@contoso.example,ws-009,ds-0023,,,Dataset
act-004357,2026-06-01T04:54:00Z,RefreshDataset,key-4357,user001@contoso.example,ws-046,ds-0138,,,Dataset
act-004358,2026-06-02T00:13:00Z,ViewReport,key-4358,user103@contoso.example,ws-016,ds-0043,,,Dataset
act-004359,2026-06-14T02:29:00Z,View,key-4359,user131@contoso.example,ws-048,ds-0144,,,Dataset
act-004360,2026-06-27T12:50:00Z,View,key-4360,user149@contoso.example,ws-023,ds-0066,,,Dataset
act-004361,2026-06-29T02:25:00Z,ViewDashboard,key-4361,user125@contoso.example,ws-013,ds-0037,,,Dataset
act-004362,2026-06-25T13:22:00Z,View,key-4362,user076@contoso.example,ws-001,ds-0001,,,Dataset
act-004363,2026-06-30T05:22:00Z,ViewReport,key-4363,user040@contoso.example,ws-006,ds-0016,,,Dataset
act-004364,2026-06-05T18:07:00Z,ViewDashboard,key-4364,user095@contoso.example,ws-032,ds-0093,,,Dataset
act-004365,2026-06-07T14:20:00Z,ViewDashboard,key-4365,user041@contoso.example,ws-050,ds-0150,,,Dataset
act-004366,2026-06-16T02:37:00Z,Export,key-4366,user101@contoso.example,ws-041,ds-0119,,,Dataset
act-004367,2026-06-30T03:24:00Z,View,key-4367,user049@contoso.example,ws-016,ds-0043,,,Dataset
act-004368,2026-06-07T16:01:00Z,ViewReport,key-4368,user013@contoso.example,ws-010,ds-0029,,,Dataset
act-004369,2026-06-25T15:56:00Z,View,key-4369,user113@contoso.example,ws-058,ds-0175,,,Dataset
act-004370,2026-06-15T09:19:00Z,View,key-4370,user057@contoso.example,ws-035,ds-0102,,,Dataset
act-004371,2026-06-10T17:58:00Z,View,key-4371,user030@contoso.example,ws-034,ds-0097,,,Dataset
act-004372,2026-06-16T23:20:00Z,View,key-4372,user052@contoso.example,ws-001,ds-0003,,,Dataset
act-004373,2026-06-04T04:13:00Z,View,key-4373,user082@contoso.example,ws-020,ds-0057,,,Dataset
act-004374,2026-06-28T21:14:00Z,View,key-4374,user097@contoso.example,ws-025,ds-0070,,,Dataset
act-004375,2026-06-06T03:53:00Z,View,key-4375,user008@contoso.example,ws-043,ds-0126,,,Dataset
act-004376,2026-06-27T20:14:00Z,View,key-4376,user077@contoso.example,ws-040,ds-0116,,,Dataset
act-004377,2026-06-04T12:17:00Z,ViewReport,key-4377,user105@contoso.example,ws-048,ds-0144,,,Dataset
act-004378,2026-06-23T12:33:00Z,View,key-4378,user048@contoso.example,ws-058,ds-0176,,,Dataset
act-004379,2026-06-30T06:39:00Z,View,key-4379,user050@contoso.example,ws-061,ds-0184,,,Dataset
act-004380,2026-06-21T04:28:00Z,View,key-4380,user041@contoso.example,ws-046,ds-0136,,,Dataset
act-004381,2026-06-26T16:18:00Z,ViewReport,key-4381,user106@contoso.example,ws-060,ds-0179,,,Dataset
act-004382,2026-06-07T11:23:00Z,ViewReport,key-4382,user005@contoso.example,ws-032,ds-0092,,,Dataset
act-004383,2026-06-03T04:04:00Z,ViewReport,key-4383,user146@contoso.example,ws-056,ds-0169,,,Dataset
act-004384,2026-06-26T02:16:00Z,View,key-4384,user090@contoso.example,ws-058,ds-0174,,,Dataset
act-004385,2026-06-05T10:12:00Z,View,key-4385,user061@contoso.example,ws-030,ds-0087,,,Dataset
act-004386,2026-06-01T02:49:00Z,View,key-4386,user070@contoso.example,ws-049,ds-0147,,,Dataset
act-004387,2026-06-19T23:31:00Z,View,key-4387,user075@contoso.example,ws-006,ds-0015,,,Dataset
act-004388,2026-06-09T11:43:00Z,View,key-4388,user026@contoso.example,ws-056,ds-0170,,,Dataset
act-004389,2026-06-09T10:09:00Z,View,key-4389,user010@contoso.example,ws-007,ds-0019,,,Dataset
act-004390,2026-06-21T06:32:00Z,ViewReport,key-4390,user001@contoso.example,ws-047,ds-0140,,,Dataset
act-004391,2026-06-21T14:04:00Z,ViewReport,key-4391,user110@contoso.example,ws-022,ds-0064,,,Dataset
act-004392,2026-06-01T09:08:00Z,View,key-4392,user026@contoso.example,ws-007,ds-0018,,,Dataset
act-004393,2026-06-26T00:02:00Z,View,key-4393,user125@contoso.example,ws-026,ds-0074,,,Dataset
act-004394,2026-06-20T15:22:00Z,View,key-4394,user016@contoso.example,ws-013,ds-0037,,,Dataset
act-004395,2026-06-17T09:35:00Z,View,key-4395,user045@contoso.example,ws-038,ds-0111,,,Dataset
act-004396,2026-06-12T21:21:00Z,View,key-4396,user133@contoso.example,ws-061,ds-0182,,,Dataset
act-004397,2026-06-13T04:11:00Z,ViewReport,key-4397,user083@contoso.example,ws-016,ds-0043,,,Dataset
act-004398,2026-06-26T08:18:00Z,View,key-4398,user005@contoso.example,ws-009,ds-0025,,,Dataset
act-004399,2026-06-12T12:31:00Z,ViewReport,key-4399,user037@contoso.example,ws-019,ds-0055,,,Dataset
act-004400,2026-06-20T06:44:00Z,View,key-4400,user147@contoso.example,ws-055,ds-0166,,,Dataset
act-004401,2026-06-27T01:29:00Z,ViewReport,key-4401,user065@contoso.example,ws-001,ds-0003,,,Dataset
act-004402,2026-06-22T16:41:00Z,View,key-4402,user062@contoso.example,ws-043,ds-0127,,,Dataset
act-004403,2026-06-11T16:49:00Z,View,key-4403,user144@contoso.example,ws-062,ds-0187,,,Dataset
act-004404,2026-06-21T18:42:00Z,Export,key-4404,user022@contoso.example,ws-056,ds-0169,,,Dataset
act-004405,2026-06-15T11:40:00Z,View,key-4405,user119@contoso.example,ws-012,ds-0036,,,Dataset
act-004406,2026-06-16T00:02:00Z,View,key-4406,user002@contoso.example,ws-028,ds-0079,,,Dataset
act-004407,2026-06-22T14:25:00Z,View,key-4407,user064@contoso.example,ws-012,ds-0034,,,Dataset
act-004408,2026-06-29T05:23:00Z,View,key-4408,user041@contoso.example,ws-030,ds-0088,,,Dataset
act-004409,2026-06-15T23:19:00Z,View,key-4409,user040@contoso.example,ws-020,ds-0056,,,Dataset
act-004410,2026-06-23T12:48:00Z,Export,key-4410,user087@contoso.example,ws-015,ds-0042,,,Dataset
act-004411,2026-06-02T13:55:00Z,View,key-4411,user054@contoso.example,ws-019,ds-0054,,,Dataset
act-004412,2026-06-15T07:57:00Z,ViewReport,key-4412,user060@contoso.example,ws-058,ds-0175,,,Dataset
act-004413,2026-06-28T00:04:00Z,Export,key-4413,user106@contoso.example,ws-024,ds-0067,,,Dataset
act-004414,2026-06-09T13:30:00Z,RefreshDataset,key-4414,user008@contoso.example,ws-032,ds-0094,,,Dataset
act-004415,2026-06-08T16:03:00Z,ViewDashboard,key-4415,user076@contoso.example,ws-051,ds-0155,,,Dataset
act-004416,2026-06-29T02:34:00Z,ViewReport,key-4416,user016@contoso.example,ws-028,ds-0081,,,Dataset
act-004417,2026-06-07T18:31:00Z,ViewReport,key-4417,user031@contoso.example,ws-010,ds-0027,,,Dataset
act-004418,2026-06-23T00:17:00Z,View,key-4418,user010@contoso.example,ws-025,ds-0070,,,Dataset
act-004419,2026-06-12T01:37:00Z,View,key-4419,user149@contoso.example,ws-046,ds-0139,,,Dataset
act-004420,2026-06-19T07:52:00Z,View,key-4420,user149@contoso.example,ws-023,ds-0066,,,Dataset
act-004421,2026-06-27T13:44:00Z,View,key-4421,user136@contoso.example,ws-002,ds-0006,,,Dataset
act-004422,2026-06-30T15:56:00Z,View,key-4422,user135@contoso.example,ws-036,ds-0104,,,Dataset
act-004423,2026-06-13T11:20:00Z,ViewReport,key-4423,user040@contoso.example,ws-045,ds-0134,,,Dataset
act-004424,2026-06-06T11:11:00Z,View,key-4424,user134@contoso.example,ws-041,ds-0119,,,Dataset
act-004425,2026-06-12T14:21:00Z,ViewReport,key-4425,user076@contoso.example,ws-032,ds-0094,,,Dataset
act-004426,2026-06-10T04:37:00Z,View,key-4426,user088@contoso.example,ws-017,ds-0045,,,Dataset
act-004427,2026-06-01T02:38:00Z,View,key-4427,user093@contoso.example,ws-019,ds-0054,,,Dataset
act-004428,2026-06-05T22:26:00Z,View,key-4428,user072@contoso.example,ws-039,ds-0113,,,Dataset
act-004429,2026-06-05T05:48:00Z,View,key-4429,user099@contoso.example,ws-017,ds-0045,,,Dataset
act-004430,2026-06-02T19:57:00Z,View,key-4430,user131@contoso.example,ws-031,ds-0091,,,Dataset
act-004431,2026-06-26T03:17:00Z,View,key-4431,user020@contoso.example,ws-051,ds-0156,,,Dataset
act-004432,2026-06-23T09:11:00Z,ViewReport,key-4432,user057@contoso.example,ws-002,ds-0006,,,Dataset
act-004433,2026-06-22T10:29:00Z,View,key-4433,user057@contoso.example,ws-044,ds-0128,,,Dataset
act-004434,2026-06-04T05:16:00Z,View,key-4434,user063@contoso.example,ws-005,ds-0013,,,Dataset
act-004435,2026-06-17T12:45:00Z,View,key-4435,user059@contoso.example,ws-019,ds-0055,,,Dataset
act-004436,2026-06-03T15:21:00Z,View,key-4436,user056@contoso.example,ws-055,ds-0164,,,Dataset
act-004437,2026-06-24T14:12:00Z,View,key-4437,user124@contoso.example,ws-054,ds-0162,,,Dataset
act-004438,2026-06-15T20:27:00Z,View,key-4438,user112@contoso.example,ws-020,ds-0056,,,Dataset
act-004439,2026-06-11T17:22:00Z,View,key-4439,user111@contoso.example,ws-044,ds-0131,,,Dataset
act-004440,2026-06-12T09:59:00Z,ViewReport,key-4440,user018@contoso.example,ws-054,ds-0162,,,Dataset
act-004441,2026-06-12T21:40:00Z,View,key-4441,user057@contoso.example,ws-048,ds-0142,,,Dataset
act-004442,2026-06-21T00:40:00Z,ViewReport,key-4442,user131@contoso.example,ws-022,ds-0063,,,Dataset
act-004443,2026-06-30T10:33:00Z,RefreshDataset,key-4443,user080@contoso.example,ws-010,ds-0027,,,Dataset
act-004444,2026-06-21T04:36:00Z,Export,key-4444,user052@contoso.example,ws-045,ds-0135,,,Dataset
act-004445,2026-06-14T17:29:00Z,View,key-4445,user006@contoso.example,ws-036,ds-0105,,,Dataset
act-004446,2026-06-15T10:01:00Z,View,key-4446,user026@contoso.example,ws-028,ds-0082,,,Dataset
act-004447,2026-06-30T22:22:00Z,View,key-4447,user025@contoso.example,ws-031,ds-0091,,,Dataset
act-004448,2026-06-02T15:59:00Z,ViewReport,key-4448,user140@contoso.example,ws-027,ds-0077,,,Dataset
act-004449,2026-06-04T17:33:00Z,ViewReport,key-4449,user098@contoso.example,ws-036,ds-0103,,,Dataset
act-004450,2026-06-29T03:05:00Z,View,key-4450,user008@contoso.example,ws-033,ds-0096,,,Dataset
act-004451,2026-06-03T15:04:00Z,View,key-4451,user033@contoso.example,ws-062,ds-0188,,,Dataset
act-004452,2026-06-19T14:57:00Z,ViewReport,key-4452,user048@contoso.example,ws-001,ds-0003,,,Dataset
act-004453,2026-06-29T13:32:00Z,ViewReport,key-4453,user092@contoso.example,ws-019,ds-0055,,,Dataset
act-004454,2026-06-25T12:10:00Z,Export,key-4454,user048@contoso.example,ws-055,ds-0166,,,Dataset
act-004455,2026-06-02T12:03:00Z,ViewReport,key-4455,user018@contoso.example,ws-033,ds-0096,,,Dataset
act-004456,2026-06-25T03:25:00Z,ViewReport,key-4456,user124@contoso.example,ws-053,ds-0160,,,Dataset
act-004457,2026-06-14T19:00:00Z,View,key-4457,user086@contoso.example,ws-030,ds-0088,,,Dataset
act-004458,2026-06-25T04:54:00Z,Export,key-4458,user033@contoso.example,ws-036,ds-0104,,,Dataset
act-004459,2026-06-24T02:38:00Z,ViewReport,key-4459,user022@contoso.example,ws-027,ds-0077,,,Dataset
act-004460,2026-06-19T23:00:00Z,View,key-4460,user064@contoso.example,ws-059,ds-0178,,,Dataset
act-004461,2026-06-06T15:45:00Z,View,key-4461,user122@contoso.example,ws-010,ds-0027,,,Dataset
act-004462,2026-06-26T07:08:00Z,ViewDashboard,key-4462,user094@contoso.example,ws-030,ds-0088,,,Dataset
act-004463,2026-06-20T04:07:00Z,View,key-4463,user010@contoso.example,ws-017,ds-0047,,,Dataset
act-004464,2026-06-26T06:55:00Z,View,key-4464,user145@contoso.example,ws-027,ds-0077,,,Dataset
act-004465,2026-06-25T20:03:00Z,View,key-4465,user065@contoso.example,ws-029,ds-0084,,,Dataset
act-004466,2026-06-26T06:56:00Z,View,key-4466,user021@contoso.example,ws-008,ds-0021,,,Dataset
act-004467,2026-06-24T01:41:00Z,View,key-4467,user102@contoso.example,ws-056,ds-0168,,,Dataset
act-004468,2026-06-07T02:50:00Z,View,key-4468,user099@contoso.example,ws-007,ds-0019,,,Dataset
act-004469,2026-06-25T23:29:00Z,ViewReport,key-4469,user145@contoso.example,ws-002,ds-0005,,,Dataset
act-004470,2026-06-18T15:34:00Z,View,key-4470,user082@contoso.example,ws-019,ds-0054,,,Dataset
act-004471,2026-06-10T09:23:00Z,View,key-4471,user141@contoso.example,ws-053,ds-0159,,,Dataset
act-004472,2026-06-04T07:06:00Z,View,key-4472,user114@contoso.example,ws-014,ds-0039,,,Dataset
act-004473,2026-06-01T18:37:00Z,View,key-4473,user027@contoso.example,ws-044,ds-0128,,,Dataset
act-004474,2026-06-08T11:41:00Z,RefreshDataset,key-4474,user072@contoso.example,ws-002,ds-0006,,,Dataset
act-004475,2026-06-23T00:28:00Z,View,key-4475,user124@contoso.example,ws-037,ds-0106,,,Dataset
act-004476,2026-06-04T20:35:00Z,View,key-4476,user034@contoso.example,ws-058,ds-0175,,,Dataset
act-004477,2026-06-21T18:17:00Z,View,key-4477,user029@contoso.example,ws-018,ds-0050,,,Dataset
act-004478,2026-06-07T02:18:00Z,RefreshDataset,key-4478,user060@contoso.example,ws-029,ds-0086,,,Dataset
act-004479,2026-06-25T19:18:00Z,ViewReport,key-4479,user120@contoso.example,ws-048,ds-0142,,,Dataset
act-004480,2026-06-27T04:49:00Z,ViewReport,key-4480,user113@contoso.example,ws-002,ds-0006,,,Dataset
act-004481,2026-06-25T17:54:00Z,ViewReport,key-4481,user089@contoso.example,ws-023,ds-0065,,,Dataset
act-004482,2026-06-22T16:17:00Z,View,key-4482,user014@contoso.example,ws-029,ds-0085,,,Dataset
act-004483,2026-06-06T04:10:00Z,ViewReport,key-4483,user097@contoso.example,ws-039,ds-0114,,,Dataset
act-004484,2026-06-22T00:08:00Z,View,key-4484,user014@contoso.example,ws-009,ds-0025,,,Dataset
act-004485,2026-06-14T13:55:00Z,View,key-4485,user046@contoso.example,ws-042,ds-0125,,,Dataset
act-004486,2026-06-15T18:12:00Z,ViewReport,key-4486,user073@contoso.example,ws-062,ds-0187,,,Dataset
act-004487,2026-06-09T08:22:00Z,ViewReport,key-4487,user010@contoso.example,ws-011,ds-0032,,,Dataset
act-004488,2026-06-13T14:31:00Z,ViewReport,key-4488,user017@contoso.example,ws-027,ds-0077,,,Dataset
act-004489,2026-06-24T00:54:00Z,View,key-4489,user107@contoso.example,ws-048,ds-0143,,,Dataset
act-004490,2026-06-07T23:17:00Z,View,key-4490,user126@contoso.example,ws-027,ds-0076,,,Dataset
act-004491,2026-06-04T00:43:00Z,View,key-4491,user043@contoso.example,ws-057,ds-0172,,,Dataset
act-004492,2026-06-11T14:56:00Z,ViewDashboard,key-4492,user070@contoso.example,ws-062,ds-0187,,,Dataset
act-004493,2026-06-06T07:29:00Z,View,key-4493,user067@contoso.example,ws-022,ds-0062,,,Dataset
act-004494,2026-06-19T14:08:00Z,ViewDashboard,key-4494,user108@contoso.example,ws-028,ds-0080,,,Dataset
act-004495,2026-06-17T19:32:00Z,ViewReport,key-4495,user050@contoso.example,ws-055,ds-0167,,,Dataset
act-004496,2026-06-06T05:57:00Z,ViewReport,key-4496,user057@contoso.example,ws-029,ds-0086,,,Dataset
act-004497,2026-06-11T00:11:00Z,View,key-4497,user115@contoso.example,ws-017,ds-0047,,,Dataset
act-004498,2026-06-09T20:25:00Z,View,key-4498,user050@contoso.example,ws-055,ds-0164,,,Dataset
act-004499,2026-06-08T16:16:00Z,Export,key-4499,user057@contoso.example,ws-043,ds-0126,,,Dataset
act-004500,2026-06-30T15:56:00Z,View,key-4500,user127@contoso.example,ws-001,ds-0003,,,Dataset
act-004501,2026-06-29T21:45:00Z,ViewReport,key-4501,user036@contoso.example,ws-043,ds-0126,,,Dataset
act-004502,2026-06-06T05:50:00Z,ViewReport,key-4502,user042@contoso.example,ws-008,ds-0022,,,Dataset
act-004503,2026-06-24T01:02:00Z,View,key-4503,user039@contoso.example,ws-062,ds-0188,,,Dataset
act-004504,2026-06-07T21:17:00Z,ViewDashboard,key-4504,user013@contoso.example,ws-012,ds-0035,,,Dataset
act-004505,2026-06-07T07:43:00Z,View,key-4505,user054@contoso.example,ws-047,ds-0140,,,Dataset
act-004506,2026-06-18T09:23:00Z,View,key-4506,user009@contoso.example,ws-019,ds-0054,,,Dataset
act-004507,2026-06-26T01:08:00Z,View,key-4507,user106@contoso.example,ws-009,ds-0025,,,Dataset
act-004508,2026-06-08T17:12:00Z,View,key-4508,user145@contoso.example,ws-036,ds-0104,,,Dataset
act-004509,2026-06-09T20:48:00Z,View,key-4509,user087@contoso.example,ws-018,ds-0049,,,Dataset
act-004510,2026-06-17T12:46:00Z,RefreshDataset,key-4510,user019@contoso.example,ws-053,ds-0160,,,Dataset
act-004511,2026-06-20T18:30:00Z,ViewReport,key-4511,user083@contoso.example,ws-046,ds-0139,,,Dataset
act-004512,2026-06-28T22:07:00Z,ViewReport,key-4512,user080@contoso.example,ws-020,ds-0057,,,Dataset
act-004513,2026-06-10T10:46:00Z,View,key-4513,user042@contoso.example,ws-029,ds-0083,,,Dataset
act-004514,2026-06-20T12:31:00Z,View,key-4514,user081@contoso.example,ws-044,ds-0128,,,Dataset
act-004515,2026-06-19T09:55:00Z,View,key-4515,user023@contoso.example,ws-014,ds-0040,,,Dataset
act-004516,2026-06-17T20:34:00Z,ViewReport,key-4516,user028@contoso.example,ws-045,ds-0135,,,Dataset
act-004517,2026-06-13T13:25:00Z,View,key-4517,user077@contoso.example,ws-021,ds-0059,,,Dataset
act-004518,2026-06-06T16:51:00Z,ViewReport,key-4518,user025@contoso.example,ws-003,ds-0009,,,Dataset
act-004519,2026-06-11T08:46:00Z,View,key-4519,user045@contoso.example,ws-010,ds-0029,,,Dataset
act-004520,2026-06-10T19:50:00Z,View,key-4520,user092@contoso.example,ws-041,ds-0119,,,Dataset
act-004521,2026-06-22T08:42:00Z,View,key-4521,user067@contoso.example,ws-049,ds-0147,,,Dataset
act-004522,2026-06-29T01:55:00Z,View,key-4522,user070@contoso.example,ws-038,ds-0110,,,Dataset
act-004523,2026-06-16T12:22:00Z,ViewDashboard,key-4523,user109@contoso.example,ws-009,ds-0025,,,Dataset
act-004524,2026-06-16T21:40:00Z,ViewReport,key-4524,user005@contoso.example,ws-055,ds-0167,,,Dataset
act-004525,2026-06-15T11:51:00Z,View,key-4525,user052@contoso.example,ws-021,ds-0058,,,Dataset
act-004526,2026-06-17T07:16:00Z,View,key-4526,user145@contoso.example,ws-032,ds-0094,,,Dataset
act-004527,2026-06-07T07:19:00Z,ViewReport,key-4527,user109@contoso.example,ws-057,ds-0171,,,Dataset
act-004528,2026-06-28T10:06:00Z,ViewReport,key-4528,user040@contoso.example,ws-029,ds-0086,,,Dataset
act-004529,2026-06-05T22:56:00Z,ViewReport,key-4529,user077@contoso.example,ws-019,ds-0055,,,Dataset
act-004530,2026-06-16T12:02:00Z,View,key-4530,user115@contoso.example,ws-030,ds-0088,,,Dataset
act-004531,2026-06-14T23:52:00Z,ViewReport,key-4531,user111@contoso.example,ws-032,ds-0094,,,Dataset
act-004532,2026-06-03T05:17:00Z,RefreshDataset,key-4532,user056@contoso.example,ws-049,ds-0145,,,Dataset
act-004533,2026-06-08T09:16:00Z,View,key-4533,user125@contoso.example,ws-009,ds-0025,,,Dataset
act-004534,2026-06-26T18:53:00Z,View,key-4534,user053@contoso.example,ws-034,ds-0099,,,Dataset
act-004535,2026-06-17T18:09:00Z,ViewReport,key-4535,user026@contoso.example,ws-033,ds-0096,,,Dataset
act-004536,2026-06-26T09:41:00Z,View,key-4536,user122@contoso.example,ws-051,ds-0153,,,Dataset
act-004537,2026-06-07T10:40:00Z,ViewReport,key-4537,user013@contoso.example,ws-055,ds-0167,,,Dataset
act-004538,2026-06-17T07:05:00Z,View,key-4538,user101@contoso.example,ws-062,ds-0188,,,Dataset
act-004539,2026-06-23T21:32:00Z,View,key-4539,user068@contoso.example,ws-037,ds-0108,,,Dataset
act-004540,2026-06-29T08:49:00Z,View,key-4540,user112@contoso.example,ws-039,ds-0115,,,Dataset
act-004541,2026-06-27T16:58:00Z,View,key-4541,user001@contoso.example,ws-040,ds-0116,,,Dataset
act-004542,2026-06-15T02:34:00Z,ViewDashboard,key-4542,user104@contoso.example,ws-009,ds-0023,,,Dataset
act-004543,2026-06-20T08:16:00Z,ViewReport,key-4543,user037@contoso.example,ws-011,ds-0030,,,Dataset
act-004544,2026-06-13T19:31:00Z,View,key-4544,user120@contoso.example,ws-057,ds-0172,,,Dataset
act-004545,2026-06-22T01:45:00Z,View,key-4545,user147@contoso.example,ws-011,ds-0030,,,Dataset
act-004546,2026-06-18T21:29:00Z,ViewDashboard,key-4546,user006@contoso.example,ws-024,ds-0069,,,Dataset
act-004547,2026-06-12T08:04:00Z,View,key-4547,user150@contoso.example,ws-049,ds-0148,,,Dataset
act-004548,2026-06-19T09:45:00Z,ViewReport,key-4548,user082@contoso.example,ws-060,ds-0179,,,Dataset
act-004549,2026-06-22T03:54:00Z,RefreshDataset,key-4549,user074@contoso.example,ws-011,ds-0032,,,Dataset
act-004550,2026-06-06T12:05:00Z,View,key-4550,user114@contoso.example,ws-028,ds-0080,,,Dataset
act-004551,2026-06-10T00:18:00Z,View,key-4551,user043@contoso.example,ws-032,ds-0092,,,Dataset
act-004552,2026-06-27T05:33:00Z,View,key-4552,user129@contoso.example,ws-058,ds-0175,,,Dataset
act-004553,2026-06-19T20:49:00Z,ViewReport,key-4553,user008@contoso.example,ws-020,ds-0056,,,Dataset
act-004554,2026-06-18T03:03:00Z,View,key-4554,user071@contoso.example,ws-021,ds-0061,,,Dataset
act-004555,2026-06-08T02:35:00Z,ViewDashboard,key-4555,user010@contoso.example,ws-049,ds-0146,,,Dataset
act-004556,2026-06-01T09:41:00Z,RefreshDataset,key-4556,user066@contoso.example,ws-050,ds-0150,,,Dataset
act-004557,2026-06-13T01:53:00Z,Export,key-4557,user039@contoso.example,ws-011,ds-0031,,,Dataset
act-004558,2026-06-18T20:22:00Z,ViewReport,key-4558,user146@contoso.example,ws-024,ds-0067,,,Dataset
act-004559,2026-06-19T23:51:00Z,View,key-4559,user046@contoso.example,ws-055,ds-0164,,,Dataset
act-004560,2026-06-13T07:06:00Z,View,key-4560,user132@contoso.example,ws-055,ds-0167,,,Dataset
act-004561,2026-06-03T00:35:00Z,View,key-4561,user014@contoso.example,ws-039,ds-0112,,,Dataset
act-004562,2026-06-09T21:49:00Z,ViewReport,key-4562,user092@contoso.example,ws-012,ds-0034,,,Dataset
act-004563,2026-06-27T21:28:00Z,View,key-4563,user055@contoso.example,ws-051,ds-0154,,,Dataset
act-004564,2026-06-11T08:42:00Z,ViewReport,key-4564,user100@contoso.example,ws-004,ds-0012,,,Dataset
act-004565,2026-06-09T04:47:00Z,View,key-4565,user057@contoso.example,ws-056,ds-0168,,,Dataset
act-004566,2026-06-28T11:36:00Z,View,key-4566,user137@contoso.example,ws-044,ds-0129,,,Dataset
act-004567,2026-06-17T15:25:00Z,ViewReport,key-4567,user138@contoso.example,ws-053,ds-0160,,,Dataset
act-004568,2026-06-23T13:18:00Z,ViewReport,key-4568,user073@contoso.example,ws-045,ds-0133,,,Dataset
act-004569,2026-06-03T05:05:00Z,View,key-4569,user146@contoso.example,ws-014,ds-0039,,,Dataset
act-004570,2026-06-13T01:22:00Z,Export,key-4570,user053@contoso.example,ws-051,ds-0155,,,Dataset
act-004571,2026-06-25T15:02:00Z,View,key-4571,user119@contoso.example,ws-060,ds-0181,,,Dataset
act-004572,2026-06-05T07:21:00Z,View,key-4572,user054@contoso.example,ws-012,ds-0036,,,Dataset
act-004573,2026-06-13T02:07:00Z,ViewReport,key-4573,user133@contoso.example,ws-022,ds-0063,,,Dataset
act-004574,2026-06-26T17:30:00Z,ViewReport,key-4574,user121@contoso.example,ws-006,ds-0015,,,Dataset
act-004575,2026-06-04T13:10:00Z,View,key-4575,user128@contoso.example,ws-053,ds-0159,,,Dataset
act-004576,2026-06-24T11:58:00Z,View,key-4576,user012@contoso.example,ws-027,ds-0078,,,Dataset
act-004577,2026-06-24T01:36:00Z,View,key-4577,user031@contoso.example,ws-038,ds-0111,,,Dataset
act-004578,2026-06-09T12:36:00Z,View,key-4578,user063@contoso.example,ws-052,ds-0157,,,Dataset
act-004579,2026-06-26T16:55:00Z,View,key-4579,user012@contoso.example,ws-054,ds-0162,,,Dataset
act-004580,2026-06-04T13:51:00Z,View,key-4580,user142@contoso.example,ws-038,ds-0109,,,Dataset
act-004581,2026-06-30T13:29:00Z,View,key-4581,user086@contoso.example,ws-039,ds-0113,,,Dataset
act-004582,2026-06-08T23:08:00Z,ViewReport,key-4582,user087@contoso.example,ws-028,ds-0079,,,Dataset
act-004583,2026-06-26T06:39:00Z,View,key-4583,user101@contoso.example,ws-019,ds-0054,,,Dataset
act-004584,2026-06-30T02:55:00Z,View,key-4584,user054@contoso.example,ws-052,ds-0157,,,Dataset
act-004585,2026-06-05T12:46:00Z,View,key-4585,user139@contoso.example,ws-002,ds-0006,,,Dataset
act-004586,2026-06-30T22:47:00Z,ViewDashboard,key-4586,user096@contoso.example,ws-035,ds-0102,,,Dataset
act-004587,2026-06-24T14:56:00Z,ViewReport,key-4587,user074@contoso.example,ws-055,ds-0165,,,Dataset
act-004588,2026-06-05T23:12:00Z,View,key-4588,user116@contoso.example,ws-035,ds-0101,,,Dataset
act-004589,2026-06-24T16:00:00Z,View,key-4589,user021@contoso.example,ws-058,ds-0173,,,Dataset
act-004590,2026-06-15T02:35:00Z,View,key-4590,user140@contoso.example,ws-038,ds-0111,,,Dataset
act-004591,2026-06-01T14:18:00Z,ViewReport,key-4591,user038@contoso.example,ws-036,ds-0104,,,Dataset
act-004592,2026-06-02T08:53:00Z,View,key-4592,user084@contoso.example,ws-037,ds-0106,,,Dataset
act-004593,2026-06-13T10:27:00Z,View,key-4593,user099@contoso.example,ws-034,ds-0100,,,Dataset
act-004594,2026-06-24T06:25:00Z,ViewDashboard,key-4594,user142@contoso.example,ws-018,ds-0050,,,Dataset
act-004595,2026-06-22T03:13:00Z,View,key-4595,user036@contoso.example,ws-053,ds-0159,,,Dataset
act-004596,2026-06-29T05:13:00Z,RefreshDataset,key-4596,user047@contoso.example,ws-006,ds-0015,,,Dataset
act-004597,2026-06-04T01:14:00Z,View,key-4597,user147@contoso.example,ws-043,ds-0126,,,Dataset
act-004598,2026-06-18T05:57:00Z,View,key-4598,user138@contoso.example,ws-003,ds-0008,,,Dataset
act-004599,2026-06-15T18:45:00Z,View,key-4599,user012@contoso.example,ws-062,ds-0189,,,Dataset
act-004600,2026-06-30T02:11:00Z,View,key-4600,user115@contoso.example,ws-021,ds-0060,,,Dataset
act-004601,2026-06-27T22:36:00Z,ViewReport,key-4601,user121@contoso.example,ws-020,ds-0056,,,Dataset
act-004602,2026-06-23T23:22:00Z,View,key-4602,user046@contoso.example,ws-051,ds-0153,,,Dataset
act-004603,2026-06-20T04:37:00Z,ViewReport,key-4603,user040@contoso.example,ws-058,ds-0175,,,Dataset
act-004604,2026-06-29T00:04:00Z,View,key-4604,user004@contoso.example,ws-021,ds-0060,,,Dataset
act-004605,2026-06-24T09:20:00Z,Export,key-4605,user002@contoso.example,ws-041,ds-0122,,,Dataset
act-004606,2026-06-22T17:56:00Z,View,key-4606,user121@contoso.example,ws-029,ds-0083,,,Dataset
act-004607,2026-06-23T09:38:00Z,View,key-4607,user021@contoso.example,ws-055,ds-0164,,,Dataset
act-004608,2026-06-08T19:09:00Z,View,key-4608,user106@contoso.example,ws-046,ds-0138,,,Dataset
act-004609,2026-06-19T13:47:00Z,ViewReport,key-4609,user140@contoso.example,ws-028,ds-0080,,,Dataset
act-004610,2026-06-27T04:49:00Z,View,key-4610,user023@contoso.example,ws-038,ds-0111,,,Dataset
act-004611,2026-06-08T17:00:00Z,View,key-4611,user056@contoso.example,ws-059,ds-0177,,,Dataset
act-004612,2026-06-08T17:12:00Z,RefreshDataset,key-4612,user117@contoso.example,ws-021,ds-0061,,,Dataset
act-004613,2026-06-24T06:44:00Z,View,key-4613,user016@contoso.example,ws-036,ds-0104,,,Dataset
act-004614,2026-06-10T15:43:00Z,View,key-4614,user074@contoso.example,ws-037,ds-0106,,,Dataset
act-004615,2026-06-29T11:56:00Z,View,key-4615,user082@contoso.example,ws-037,ds-0108,,,Dataset
act-004616,2026-06-18T03:32:00Z,ViewReport,key-4616,user003@contoso.example,ws-010,ds-0029,,,Dataset
act-004617,2026-06-13T22:39:00Z,View,key-4617,user039@contoso.example,ws-051,ds-0155,,,Dataset
act-004618,2026-06-26T18:11:00Z,RefreshDataset,key-4618,user017@contoso.example,ws-016,ds-0043,,,Dataset
act-004619,2026-06-24T19:31:00Z,View,key-4619,user088@contoso.example,ws-044,ds-0130,,,Dataset
act-004620,2026-06-23T21:33:00Z,View,key-4620,user038@contoso.example,ws-050,ds-0149,,,Dataset
act-004621,2026-06-02T02:58:00Z,ViewDashboard,key-4621,user144@contoso.example,ws-004,ds-0010,,,Dataset
act-004622,2026-06-20T16:44:00Z,RefreshDataset,key-4622,user124@contoso.example,ws-008,ds-0020,,,Dataset
act-004623,2026-06-06T07:09:00Z,ViewReport,key-4623,user128@contoso.example,ws-062,ds-0187,,,Dataset
act-004624,2026-06-10T23:28:00Z,View,key-4624,user009@contoso.example,ws-045,ds-0133,,,Dataset
act-004625,2026-06-03T19:56:00Z,View,key-4625,user002@contoso.example,ws-028,ds-0080,,,Dataset
act-004626,2026-06-17T17:13:00Z,ViewReport,key-4626,user069@contoso.example,ws-028,ds-0079,,,Dataset
act-004627,2026-06-09T04:21:00Z,View,key-4627,user036@contoso.example,ws-022,ds-0064,,,Dataset
act-004628,2026-06-09T19:48:00Z,View,key-4628,user127@contoso.example,ws-027,ds-0077,,,Dataset
act-004629,2026-06-17T10:35:00Z,View,key-4629,user128@contoso.example,ws-024,ds-0068,,,Dataset
act-004630,2026-06-02T04:13:00Z,View,key-4630,user049@contoso.example,ws-050,ds-0150,,,Dataset
act-004631,2026-06-03T01:38:00Z,View,key-4631,user018@contoso.example,ws-006,ds-0017,,,Dataset
act-004632,2026-06-20T02:00:00Z,ViewReport,key-4632,user114@contoso.example,ws-027,ds-0075,,,Dataset
act-004633,2026-06-25T18:45:00Z,RefreshDataset,key-4633,user062@contoso.example,ws-017,ds-0045,,,Dataset
act-004634,2026-06-10T02:01:00Z,ViewReport,key-4634,user040@contoso.example,ws-057,ds-0172,,,Dataset
act-004635,2026-06-28T09:09:00Z,View,key-4635,user100@contoso.example,ws-031,ds-0090,,,Dataset
act-004636,2026-06-07T03:03:00Z,ViewReport,key-4636,user109@contoso.example,ws-034,ds-0097,,,Dataset
act-004637,2026-06-27T17:18:00Z,Export,key-4637,user141@contoso.example,ws-026,ds-0073,,,Dataset
act-004638,2026-06-15T14:50:00Z,ViewReport,key-4638,user139@contoso.example,ws-038,ds-0111,,,Dataset
act-004639,2026-06-20T13:05:00Z,View,key-4639,user110@contoso.example,ws-059,ds-0177,,,Dataset
act-004640,2026-06-21T17:28:00Z,View,key-4640,user107@contoso.example,ws-060,ds-0180,,,Dataset
act-004641,2026-06-05T23:55:00Z,View,key-4641,user127@contoso.example,ws-002,ds-0006,,,Dataset
act-004642,2026-06-12T22:34:00Z,View,key-4642,user024@contoso.example,ws-053,ds-0161,,,Dataset
act-004643,2026-06-23T09:04:00Z,ViewReport,key-4643,user135@contoso.example,ws-005,ds-0013,,,Dataset
act-004644,2026-06-24T04:22:00Z,ViewReport,key-4644,user055@contoso.example,ws-050,ds-0152,,,Dataset
act-004645,2026-06-02T12:22:00Z,View,key-4645,user106@contoso.example,ws-009,ds-0025,,,Dataset
act-004646,2026-06-18T05:54:00Z,Export,key-4646,user082@contoso.example,ws-029,ds-0084,,,Dataset
act-004647,2026-06-29T04:57:00Z,View,key-4647,user011@contoso.example,ws-044,ds-0130,,,Dataset
act-004648,2026-06-10T19:58:00Z,RefreshDataset,key-4648,user094@contoso.example,ws-037,ds-0107,,,Dataset
act-004649,2026-06-09T13:36:00Z,View,key-4649,user012@contoso.example,ws-003,ds-0007,,,Dataset
act-004650,2026-06-17T09:41:00Z,View,key-4650,user086@contoso.example,ws-055,ds-0165,,,Dataset
act-004651,2026-06-22T02:30:00Z,RefreshDataset,key-4651,user033@contoso.example,ws-001,ds-0004,,,Dataset
act-004652,2026-06-26T01:48:00Z,View,key-4652,user006@contoso.example,ws-026,ds-0073,,,Dataset
act-004653,2026-06-29T16:53:00Z,View,key-4653,user113@contoso.example,ws-039,ds-0113,,,Dataset
act-004654,2026-06-11T04:24:00Z,View,key-4654,user134@contoso.example,ws-021,ds-0058,,,Dataset
act-004655,2026-06-28T08:18:00Z,View,key-4655,user050@contoso.example,ws-011,ds-0030,,,Dataset
act-004656,2026-06-11T17:41:00Z,Export,key-4656,user019@contoso.example,ws-005,ds-0014,,,Dataset
act-004657,2026-06-02T06:30:00Z,View,key-4657,user037@contoso.example,ws-042,ds-0123,,,Dataset
act-004658,2026-06-08T06:20:00Z,View,key-4658,user085@contoso.example,ws-046,ds-0139,,,Dataset
act-004659,2026-06-26T00:27:00Z,View,key-4659,user022@contoso.example,ws-017,ds-0045,,,Dataset
act-004660,2026-06-24T11:30:00Z,Export,key-4660,user136@contoso.example,ws-005,ds-0014,,,Dataset
act-004661,2026-06-07T05:32:00Z,Export,key-4661,user068@contoso.example,ws-035,ds-0101,,,Dataset
act-004662,2026-06-04T12:06:00Z,View,key-4662,user072@contoso.example,ws-028,ds-0080,,,Dataset
act-004663,2026-06-08T22:19:00Z,RefreshDataset,key-4663,user129@contoso.example,ws-050,ds-0150,,,Dataset
act-004664,2026-06-19T04:53:00Z,ViewReport,key-4664,user081@contoso.example,ws-028,ds-0079,,,Dataset
act-004665,2026-06-15T23:18:00Z,View,key-4665,user076@contoso.example,ws-055,ds-0167,,,Dataset
act-004666,2026-06-24T07:12:00Z,View,key-4666,user005@contoso.example,ws-021,ds-0060,,,Dataset
act-004667,2026-06-07T01:42:00Z,ViewReport,key-4667,user087@contoso.example,ws-057,ds-0171,,,Dataset
act-004668,2026-06-18T02:32:00Z,View,key-4668,user132@contoso.example,ws-011,ds-0031,,,Dataset
act-004669,2026-06-12T07:21:00Z,Export,key-4669,user111@contoso.example,ws-001,ds-0001,,,Dataset
act-004670,2026-06-05T19:09:00Z,ViewDashboard,key-4670,user138@contoso.example,ws-032,ds-0093,,,Dataset
act-004671,2026-06-22T01:46:00Z,ViewReport,key-4671,user071@contoso.example,ws-051,ds-0153,,,Dataset
act-004672,2026-06-20T02:36:00Z,Export,key-4672,user065@contoso.example,ws-056,ds-0168,,,Dataset
act-004673,2026-06-25T07:28:00Z,View,key-4673,user018@contoso.example,ws-018,ds-0051,,,Dataset
act-004674,2026-06-06T19:55:00Z,ViewReport,key-4674,user098@contoso.example,ws-019,ds-0053,,,Dataset
act-004675,2026-06-24T11:21:00Z,ViewReport,key-4675,user088@contoso.example,ws-036,ds-0104,,,Dataset
act-004676,2026-06-28T21:03:00Z,Export,key-4676,user003@contoso.example,ws-015,ds-0041,,,Dataset
act-004677,2026-06-21T17:01:00Z,View,key-4677,user077@contoso.example,ws-033,ds-0096,,,Dataset
act-004678,2026-06-25T15:52:00Z,ViewReport,key-4678,user040@contoso.example,ws-058,ds-0173,,,Dataset
act-004679,2026-06-15T19:23:00Z,View,key-4679,user048@contoso.example,ws-006,ds-0017,,,Dataset
act-004680,2026-06-25T23:17:00Z,View,key-4680,user140@contoso.example,ws-035,ds-0102,,,Dataset
act-004681,2026-06-07T21:23:00Z,View,key-4681,user112@contoso.example,ws-051,ds-0153,,,Dataset
act-004682,2026-06-04T20:10:00Z,View,key-4682,user068@contoso.example,ws-004,ds-0012,,,Dataset
act-004683,2026-06-02T23:29:00Z,RefreshDataset,key-4683,user058@contoso.example,ws-050,ds-0151,,,Dataset
act-004684,2026-06-09T00:00:00Z,ViewReport,key-4684,user020@contoso.example,ws-040,ds-0116,,,Dataset
act-004685,2026-06-26T21:41:00Z,ViewReport,key-4685,user026@contoso.example,ws-037,ds-0108,,,Dataset
act-004686,2026-06-24T00:35:00Z,ViewReport,key-4686,user057@contoso.example,ws-062,ds-0186,,,Dataset
act-004687,2026-06-25T03:54:00Z,ViewReport,key-4687,user080@contoso.example,ws-039,ds-0113,,,Dataset
act-004688,2026-06-27T19:46:00Z,View,key-4688,user045@contoso.example,ws-049,ds-0145,,,Dataset
act-004689,2026-06-04T11:23:00Z,ViewReport,key-4689,user062@contoso.example,ws-020,ds-0057,,,Dataset
act-004690,2026-06-28T19:50:00Z,Export,key-4690,user083@contoso.example,ws-041,ds-0119,,,Dataset
act-004691,2026-06-07T03:31:00Z,View,key-4691,user140@contoso.example,ws-029,ds-0084,,,Dataset
act-004692,2026-06-13T03:50:00Z,RefreshDataset,key-4692,user041@contoso.example,ws-018,ds-0048,,,Dataset
act-004693,2026-06-09T00:57:00Z,ViewReport,key-4693,user009@contoso.example,ws-055,ds-0165,,,Dataset
act-004694,2026-06-05T10:36:00Z,View,key-4694,user086@contoso.example,ws-018,ds-0051,,,Dataset
act-004695,2026-06-28T17:05:00Z,View,key-4695,user010@contoso.example,ws-046,ds-0137,,,Dataset
act-004696,2026-06-21T01:11:00Z,View,key-4696,user069@contoso.example,ws-013,ds-0038,,,Dataset
act-004697,2026-06-01T21:33:00Z,View,key-4697,user125@contoso.example,ws-050,ds-0152,,,Dataset
act-004698,2026-06-23T16:46:00Z,Export,key-4698,user059@contoso.example,ws-024,ds-0067,,,Dataset
act-004699,2026-06-12T02:40:00Z,RefreshDataset,key-4699,user010@contoso.example,ws-048,ds-0144,,,Dataset
act-004700,2026-06-23T05:51:00Z,View,key-4700,user029@contoso.example,ws-039,ds-0112,,,Dataset
act-004701,2026-06-21T09:37:00Z,Export,key-4701,user131@contoso.example,ws-012,ds-0036,,,Dataset
act-004702,2026-06-10T02:24:00Z,View,key-4702,user072@contoso.example,ws-061,ds-0185,,,Dataset
act-004703,2026-06-29T09:31:00Z,ViewReport,key-4703,user048@contoso.example,ws-041,ds-0120,,,Dataset
act-004704,2026-06-16T20:39:00Z,ViewReport,key-4704,user051@contoso.example,ws-037,ds-0107,,,Dataset
act-004705,2026-06-20T21:54:00Z,View,key-4705,user095@contoso.example,ws-014,ds-0039,,,Dataset
act-004706,2026-06-27T02:53:00Z,ViewReport,key-4706,user120@contoso.example,ws-032,ds-0094,,,Dataset
act-004707,2026-06-01T08:52:00Z,Export,key-4707,user049@contoso.example,ws-031,ds-0091,,,Dataset
act-004708,2026-06-24T23:14:00Z,View,key-4708,user065@contoso.example,ws-001,ds-0003,,,Dataset
act-004709,2026-06-20T08:35:00Z,View,key-4709,user146@contoso.example,ws-010,ds-0029,,,Dataset
act-004710,2026-06-18T16:53:00Z,ViewReport,key-4710,user133@contoso.example,ws-013,ds-0037,,,Dataset
act-004711,2026-06-16T09:18:00Z,View,key-4711,user127@contoso.example,ws-020,ds-0057,,,Dataset
act-004712,2026-06-30T06:07:00Z,ViewReport,key-4712,user003@contoso.example,ws-024,ds-0068,,,Dataset
act-004713,2026-06-05T19:01:00Z,ViewDashboard,key-4713,user013@contoso.example,ws-021,ds-0059,,,Dataset
act-004714,2026-06-18T03:50:00Z,ViewReport,key-4714,user057@contoso.example,ws-058,ds-0176,,,Dataset
act-004715,2026-06-20T02:04:00Z,ViewReport,key-4715,user004@contoso.example,ws-011,ds-0030,,,Dataset
act-004716,2026-06-16T11:23:00Z,View,key-4716,user112@contoso.example,ws-049,ds-0147,,,Dataset
act-004717,2026-06-06T02:54:00Z,RefreshDataset,key-4717,user065@contoso.example,ws-037,ds-0107,,,Dataset
act-004718,2026-06-17T09:47:00Z,RefreshDataset,key-4718,user060@contoso.example,ws-062,ds-0189,,,Dataset
act-004719,2026-06-02T10:13:00Z,RefreshDataset,key-4719,user123@contoso.example,ws-027,ds-0078,,,Dataset
act-004720,2026-06-11T11:01:00Z,View,key-4720,user059@contoso.example,ws-045,ds-0132,,,Dataset
act-004721,2026-06-18T04:33:00Z,View,key-4721,user025@contoso.example,ws-054,ds-0163,,,Dataset
act-004722,2026-06-30T12:05:00Z,RefreshDataset,key-4722,user022@contoso.example,ws-021,ds-0060,,,Dataset
act-004723,2026-06-19T10:43:00Z,View,key-4723,user008@contoso.example,ws-045,ds-0132,,,Dataset
act-004724,2026-06-16T07:50:00Z,RefreshDataset,key-4724,user032@contoso.example,ws-013,ds-0037,,,Dataset
act-004725,2026-06-10T12:14:00Z,View,key-4725,user037@contoso.example,ws-031,ds-0090,,,Dataset
act-004726,2026-06-18T09:27:00Z,ViewReport,key-4726,user055@contoso.example,ws-045,ds-0134,,,Dataset
act-004727,2026-06-25T20:45:00Z,View,key-4727,user014@contoso.example,ws-047,ds-0140,,,Dataset
act-004728,2026-06-07T05:12:00Z,View,key-4728,user040@contoso.example,ws-045,ds-0135,,,Dataset
act-004729,2026-06-25T04:30:00Z,View,key-4729,user067@contoso.example,ws-006,ds-0016,,,Dataset
act-004730,2026-06-08T04:30:00Z,View,key-4730,user041@contoso.example,ws-059,ds-0178,,,Dataset
act-004731,2026-06-13T11:21:00Z,View,key-4731,user047@contoso.example,ws-047,ds-0141,,,Dataset
act-004732,2026-06-09T11:35:00Z,View,key-4732,user064@contoso.example,ws-005,ds-0013,,,Dataset
act-004733,2026-06-04T00:32:00Z,View,key-4733,user072@contoso.example,ws-009,ds-0026,,,Dataset
act-004734,2026-06-24T17:46:00Z,ViewReport,key-4734,user024@contoso.example,ws-003,ds-0007,,,Dataset
act-004735,2026-06-09T07:42:00Z,View,key-4735,user046@contoso.example,ws-045,ds-0133,,,Dataset
act-004736,2026-06-16T07:31:00Z,ViewReport,key-4736,user069@contoso.example,ws-054,ds-0163,,,Dataset
act-004737,2026-06-29T18:02:00Z,View,key-4737,user072@contoso.example,ws-050,ds-0151,,,Dataset
act-004738,2026-06-16T02:34:00Z,ViewReport,key-4738,user017@contoso.example,ws-055,ds-0165,,,Dataset
act-004739,2026-06-24T06:52:00Z,View,key-4739,user010@contoso.example,ws-013,ds-0037,,,Dataset
act-004740,2026-06-14T04:56:00Z,ViewReport,key-4740,user105@contoso.example,ws-007,ds-0019,,,Dataset
act-004741,2026-06-04T07:13:00Z,View,key-4741,user049@contoso.example,ws-031,ds-0090,,,Dataset
act-004742,2026-06-26T23:15:00Z,View,key-4742,user083@contoso.example,ws-041,ds-0121,,,Dataset
act-004743,2026-06-11T11:48:00Z,View,key-4743,user075@contoso.example,ws-059,ds-0177,,,Dataset
act-004744,2026-06-21T17:07:00Z,View,key-4744,user091@contoso.example,ws-024,ds-0068,,,Dataset
act-004745,2026-06-15T14:42:00Z,ViewDashboard,key-4745,user015@contoso.example,ws-010,ds-0029,,,Dataset
act-004746,2026-06-24T14:58:00Z,View,key-4746,user037@contoso.example,ws-023,ds-0065,,,Dataset
act-004747,2026-06-25T21:41:00Z,ViewReport,key-4747,user110@contoso.example,ws-018,ds-0049,,,Dataset
act-004748,2026-06-14T11:08:00Z,ViewReport,key-4748,user027@contoso.example,ws-046,ds-0137,,,Dataset
act-004749,2026-06-21T08:06:00Z,View,key-4749,user047@contoso.example,ws-050,ds-0152,,,Dataset
act-004750,2026-06-25T14:17:00Z,ViewReport,key-4750,user071@contoso.example,ws-028,ds-0082,,,Dataset
act-004751,2026-06-12T13:22:00Z,ViewReport,key-4751,user039@contoso.example,ws-050,ds-0149,,,Dataset
act-004752,2026-06-12T00:31:00Z,Export,key-4752,user059@contoso.example,ws-038,ds-0110,,,Dataset
act-004753,2026-06-16T22:51:00Z,View,key-4753,user052@contoso.example,ws-021,ds-0060,,,Dataset
act-004754,2026-06-12T07:31:00Z,View,key-4754,user075@contoso.example,ws-010,ds-0029,,,Dataset
act-004755,2026-06-13T07:03:00Z,View,key-4755,user015@contoso.example,ws-044,ds-0128,,,Dataset
act-004756,2026-06-20T10:33:00Z,ViewReport,key-4756,user066@contoso.example,ws-019,ds-0053,,,Dataset
act-004757,2026-06-06T17:59:00Z,View,key-4757,user062@contoso.example,ws-035,ds-0101,,,Dataset
act-004758,2026-06-03T01:11:00Z,View,key-4758,user082@contoso.example,ws-036,ds-0104,,,Dataset
act-004759,2026-06-16T09:30:00Z,ViewReport,key-4759,user052@contoso.example,ws-024,ds-0068,,,Dataset
act-004760,2026-06-13T12:31:00Z,View,key-4760,user037@contoso.example,ws-021,ds-0059,,,Dataset
act-004761,2026-06-04T12:01:00Z,View,key-4761,user012@contoso.example,ws-045,ds-0134,,,Dataset
act-004762,2026-06-06T16:37:00Z,ViewReport,key-4762,user001@contoso.example,ws-040,ds-0117,,,Dataset
act-004763,2026-06-20T06:48:00Z,View,key-4763,user069@contoso.example,ws-058,ds-0176,,,Dataset
act-004764,2026-06-30T19:44:00Z,View,key-4764,user122@contoso.example,ws-059,ds-0177,,,Dataset
act-004765,2026-06-26T19:59:00Z,View,key-4765,user087@contoso.example,ws-018,ds-0051,,,Dataset
act-004766,2026-06-28T12:10:00Z,ViewReport,key-4766,user075@contoso.example,ws-010,ds-0027,,,Dataset
act-004767,2026-06-05T22:51:00Z,View,key-4767,user106@contoso.example,ws-037,ds-0107,,,Dataset
act-004768,2026-06-15T02:33:00Z,ViewReport,key-4768,user041@contoso.example,ws-046,ds-0138,,,Dataset
act-004769,2026-06-30T13:47:00Z,View,key-4769,user054@contoso.example,ws-042,ds-0123,,,Dataset
act-004770,2026-06-14T02:37:00Z,View,key-4770,user113@contoso.example,ws-009,ds-0024,,,Dataset
act-004771,2026-06-08T05:50:00Z,View,key-4771,user118@contoso.example,ws-013,ds-0037,,,Dataset
act-004772,2026-06-21T14:22:00Z,View,key-4772,user018@contoso.example,ws-050,ds-0151,,,Dataset
act-004773,2026-06-10T08:31:00Z,ViewReport,key-4773,user007@contoso.example,ws-042,ds-0123,,,Dataset
act-004774,2026-06-25T08:21:00Z,Export,key-4774,user114@contoso.example,ws-021,ds-0058,,,Dataset
act-004775,2026-06-24T12:37:00Z,View,key-4775,user112@contoso.example,ws-040,ds-0117,,,Dataset
act-004776,2026-06-05T14:25:00Z,ViewReport,key-4776,user070@contoso.example,ws-014,ds-0039,,,Dataset
act-004777,2026-06-08T18:26:00Z,RefreshDataset,key-4777,user103@contoso.example,ws-056,ds-0169,,,Dataset
act-004778,2026-06-08T01:02:00Z,View,key-4778,user045@contoso.example,ws-041,ds-0120,,,Dataset
act-004779,2026-06-07T22:13:00Z,ViewReport,key-4779,user143@contoso.example,ws-055,ds-0164,,,Dataset
act-004780,2026-06-19T02:30:00Z,View,key-4780,user053@contoso.example,ws-044,ds-0129,,,Dataset
act-004781,2026-06-22T20:23:00Z,View,key-4781,user048@contoso.example,ws-037,ds-0108,,,Dataset
act-004782,2026-06-03T03:32:00Z,View,key-4782,user027@contoso.example,ws-040,ds-0117,,,Dataset
act-004783,2026-06-24T12:09:00Z,ViewReport,key-4783,user147@contoso.example,ws-034,ds-0099,,,Dataset
act-004784,2026-06-17T15:28:00Z,View,key-4784,user030@contoso.example,ws-020,ds-0057,,,Dataset
act-004785,2026-06-30T01:22:00Z,ViewReport,key-4785,user119@contoso.example,ws-058,ds-0176,,,Dataset
act-004786,2026-06-07T09:19:00Z,View,key-4786,user001@contoso.example,ws-037,ds-0106,,,Dataset
act-004787,2026-06-02T19:18:00Z,ViewReport,key-4787,user067@contoso.example,ws-039,ds-0115,,,Dataset
act-004788,2026-06-15T21:48:00Z,View,key-4788,user060@contoso.example,ws-050,ds-0152,,,Dataset
act-004789,2026-06-28T20:25:00Z,View,key-4789,user106@contoso.example,ws-055,ds-0167,,,Dataset
act-004790,2026-06-28T04:58:00Z,ViewReport,key-4790,user011@contoso.example,ws-062,ds-0188,,,Dataset
act-004791,2026-06-18T14:36:00Z,View,key-4791,user139@contoso.example,ws-012,ds-0034,,,Dataset
act-004792,2026-06-29T12:14:00Z,ViewReport,key-4792,user110@contoso.example,ws-055,ds-0166,,,Dataset
act-004793,2026-06-24T23:31:00Z,ViewReport,key-4793,user060@contoso.example,ws-040,ds-0116,,,Dataset
act-004794,2026-06-20T12:24:00Z,Export,key-4794,user033@contoso.example,ws-021,ds-0059,,,Dataset
act-004795,2026-06-16T07:25:00Z,View,key-4795,user116@contoso.example,ws-001,ds-0003,,,Dataset
act-004796,2026-06-12T11:00:00Z,View,key-4796,user144@contoso.example,ws-023,ds-0066,,,Dataset
act-004797,2026-06-09T03:45:00Z,ViewDashboard,key-4797,user060@contoso.example,ws-018,ds-0051,,,Dataset
act-004798,2026-06-25T16:36:00Z,View,key-4798,user118@contoso.example,ws-005,ds-0014,,,Dataset
act-004799,2026-06-11T04:50:00Z,ViewReport,key-4799,user002@contoso.example,ws-047,ds-0140,,,Dataset
act-004800,2026-06-26T20:30:00Z,View,key-4800,user128@contoso.example,ws-051,ds-0153,,,Dataset
act-004801,2026-06-16T20:58:00Z,ViewReport,key-4801,user138@contoso.example,ws-050,ds-0149,,,Dataset
act-004802,2026-06-22T12:07:00Z,View,key-4802,user107@contoso.example,ws-045,ds-0133,,,Dataset
act-004803,2026-06-23T02:26:00Z,View,key-4803,user044@contoso.example,ws-038,ds-0110,,,Dataset
act-004804,2026-06-18T20:00:00Z,Export,key-4804,user144@contoso.example,ws-012,ds-0034,,,Dataset
act-004805,2026-06-01T04:10:00Z,ViewReport,key-4805,user076@contoso.example,ws-017,ds-0046,,,Dataset
act-004806,2026-06-27T12:27:00Z,ViewDashboard,key-4806,user106@contoso.example,ws-008,ds-0022,,,Dataset
act-004807,2026-06-11T02:30:00Z,ViewReport,key-4807,user144@contoso.example,ws-060,ds-0179,,,Dataset
act-004808,2026-06-14T12:26:00Z,ViewReport,key-4808,user091@contoso.example,ws-017,ds-0047,,,Dataset
act-004809,2026-06-16T01:19:00Z,View,key-4809,user136@contoso.example,ws-020,ds-0056,,,Dataset
act-004810,2026-06-07T06:48:00Z,View,key-4810,user134@contoso.example,ws-049,ds-0147,,,Dataset
act-004811,2026-06-09T00:39:00Z,ViewReport,key-4811,user048@contoso.example,ws-049,ds-0148,,,Dataset
act-004812,2026-06-25T12:56:00Z,View,key-4812,user104@contoso.example,ws-051,ds-0154,,,Dataset
act-004813,2026-06-25T08:36:00Z,View,key-4813,user114@contoso.example,ws-048,ds-0143,,,Dataset
act-004814,2026-06-29T09:10:00Z,View,key-4814,user081@contoso.example,ws-039,ds-0114,,,Dataset
act-004815,2026-06-19T17:16:00Z,ViewReport,key-4815,user117@contoso.example,ws-006,ds-0015,,,Dataset
act-004816,2026-06-01T23:52:00Z,View,key-4816,user040@contoso.example,ws-029,ds-0083,,,Dataset
act-004817,2026-06-02T19:08:00Z,View,key-4817,user100@contoso.example,ws-038,ds-0111,,,Dataset
act-004818,2026-06-23T10:51:00Z,View,key-4818,user106@contoso.example,ws-013,ds-0037,,,Dataset
act-004819,2026-06-15T22:38:00Z,RefreshDataset,key-4819,user029@contoso.example,ws-023,ds-0065,,,Dataset
act-004820,2026-06-17T19:53:00Z,ViewReport,key-4820,user105@contoso.example,ws-008,ds-0020,,,Dataset
act-004821,2026-06-18T01:31:00Z,Export,key-4821,user030@contoso.example,ws-021,ds-0060,,,Dataset
act-004822,2026-06-24T01:01:00Z,RefreshDataset,key-4822,user146@contoso.example,ws-008,ds-0021,,,Dataset
act-004823,2026-06-16T15:25:00Z,RefreshDataset,key-4823,user012@contoso.example,ws-034,ds-0099,,,Dataset
act-004824,2026-06-02T05:10:00Z,View,key-4824,user064@contoso.example,ws-001,ds-0004,,,Dataset
act-004825,2026-06-23T22:27:00Z,ViewReport,key-4825,user056@contoso.example,ws-028,ds-0079,,,Dataset
act-004826,2026-06-17T05:08:00Z,View,key-4826,user047@contoso.example,ws-022,ds-0064,,,Dataset
act-004827,2026-06-05T00:38:00Z,View,key-4827,user067@contoso.example,ws-028,ds-0080,,,Dataset
act-004828,2026-06-11T20:45:00Z,View,key-4828,user028@contoso.example,ws-036,ds-0103,,,Dataset
act-004829,2026-06-05T23:56:00Z,View,key-4829,user067@contoso.example,ws-002,ds-0006,,,Dataset
act-004830,2026-06-27T20:52:00Z,View,key-4830,user028@contoso.example,ws-003,ds-0007,,,Dataset
act-004831,2026-06-03T06:36:00Z,View,key-4831,user090@contoso.example,ws-036,ds-0104,,,Dataset
act-004832,2026-06-06T10:44:00Z,View,key-4832,user100@contoso.example,ws-028,ds-0081,,,Dataset
act-004833,2026-06-11T13:45:00Z,View,key-4833,user108@contoso.example,ws-052,ds-0158,,,Dataset
act-004834,2026-06-10T19:20:00Z,ViewReport,key-4834,user046@contoso.example,ws-003,ds-0007,,,Dataset
act-004835,2026-06-14T04:32:00Z,ViewReport,key-4835,user095@contoso.example,ws-052,ds-0158,,,Dataset
act-004836,2026-06-22T15:09:00Z,ViewDashboard,key-4836,user050@contoso.example,ws-006,ds-0016,,,Dataset
act-004837,2026-06-23T03:18:00Z,View,key-4837,user003@contoso.example,ws-059,ds-0178,,,Dataset
act-004838,2026-06-13T03:19:00Z,ViewReport,key-4838,user131@contoso.example,ws-021,ds-0061,,,Dataset
act-004839,2026-06-17T11:33:00Z,ViewReport,key-4839,user116@contoso.example,ws-049,ds-0148,,,Dataset
act-004840,2026-06-02T19:42:00Z,ViewReport,key-4840,user006@contoso.example,ws-050,ds-0150,,,Dataset
act-004841,2026-06-14T19:36:00Z,ViewReport,key-4841,user030@contoso.example,ws-062,ds-0187,,,Dataset
act-004842,2026-06-18T18:08:00Z,ViewReport,key-4842,user121@contoso.example,ws-021,ds-0058,,,Dataset
act-004843,2026-06-03T01:16:00Z,View,key-4843,user127@contoso.example,ws-027,ds-0078,,,Dataset
act-004844,2026-06-04T21:06:00Z,ViewReport,key-4844,user065@contoso.example,ws-021,ds-0058,,,Dataset
act-004845,2026-06-14T17:39:00Z,Export,key-4845,user099@contoso.example,ws-005,ds-0014,,,Dataset
act-004846,2026-06-23T17:57:00Z,View,key-4846,user081@contoso.example,ws-046,ds-0136,,,Dataset
act-004847,2026-06-18T00:12:00Z,View,key-4847,user118@contoso.example,ws-051,ds-0154,,,Dataset
act-004848,2026-06-26T15:39:00Z,View,key-4848,user139@contoso.example,ws-004,ds-0010,,,Dataset
act-004849,2026-06-24T15:21:00Z,ViewReport,key-4849,user130@contoso.example,ws-008,ds-0020,,,Dataset
act-004850,2026-06-23T19:21:00Z,ViewReport,key-4850,user065@contoso.example,ws-019,ds-0055,,,Dataset
act-004851,2026-06-06T18:28:00Z,ViewDashboard,key-4851,user059@contoso.example,ws-055,ds-0165,,,Dataset
act-004852,2026-06-19T23:57:00Z,ViewReport,key-4852,user127@contoso.example,ws-041,ds-0119,,,Dataset
act-004853,2026-06-07T07:32:00Z,Export,key-4853,user065@contoso.example,ws-001,ds-0001,,,Dataset
act-004854,2026-06-29T02:16:00Z,ViewDashboard,key-4854,user050@contoso.example,ws-057,ds-0171,,,Dataset
act-004855,2026-06-06T20:58:00Z,View,key-4855,user080@contoso.example,ws-059,ds-0178,,,Dataset
act-004856,2026-06-21T09:07:00Z,ViewReport,key-4856,user035@contoso.example,ws-001,ds-0003,,,Dataset
act-004857,2026-06-07T04:59:00Z,View,key-4857,user142@contoso.example,ws-001,ds-0004,,,Dataset
act-004858,2026-06-13T11:34:00Z,View,key-4858,user049@contoso.example,ws-034,ds-0097,,,Dataset
act-004859,2026-06-08T08:35:00Z,View,key-4859,user059@contoso.example,ws-042,ds-0125,,,Dataset
act-004860,2026-06-10T05:57:00Z,View,key-4860,user073@contoso.example,ws-009,ds-0024,,,Dataset
act-004861,2026-06-15T20:18:00Z,View,key-4861,user125@contoso.example,ws-035,ds-0102,,,Dataset
act-004862,2026-06-08T05:44:00Z,View,key-4862,user065@contoso.example,ws-028,ds-0082,,,Dataset
act-004863,2026-06-04T10:56:00Z,View,key-4863,user049@contoso.example,ws-037,ds-0108,,,Dataset
act-004864,2026-06-28T02:11:00Z,View,key-4864,user030@contoso.example,ws-026,ds-0072,,,Dataset
act-004865,2026-06-24T18:29:00Z,ViewDashboard,key-4865,user065@contoso.example,ws-049,ds-0147,,,Dataset
act-004866,2026-06-16T22:44:00Z,ViewDashboard,key-4866,user119@contoso.example,ws-036,ds-0103,,,Dataset
act-004867,2026-06-09T01:14:00Z,ViewReport,key-4867,user053@contoso.example,ws-029,ds-0084,,,Dataset
act-004868,2026-06-23T01:02:00Z,RefreshDataset,key-4868,user134@contoso.example,ws-029,ds-0086,,,Dataset
act-004869,2026-06-09T03:54:00Z,View,key-4869,user054@contoso.example,ws-039,ds-0115,,,Dataset
act-004870,2026-06-09T01:25:00Z,ViewReport,key-4870,user126@contoso.example,ws-049,ds-0145,,,Dataset
act-004871,2026-06-26T10:16:00Z,View,key-4871,user047@contoso.example,ws-011,ds-0030,,,Dataset
act-004872,2026-06-13T06:45:00Z,View,key-4872,user027@contoso.example,ws-061,ds-0182,,,Dataset
act-004873,2026-06-26T10:59:00Z,RefreshDataset,key-4873,user142@contoso.example,ws-006,ds-0015,,,Dataset
act-004874,2026-06-21T18:08:00Z,ViewReport,key-4874,user052@contoso.example,ws-012,ds-0034,,,Dataset
act-004875,2026-06-02T18:09:00Z,View,key-4875,user058@contoso.example,ws-013,ds-0038,,,Dataset
act-004876,2026-06-07T14:01:00Z,ViewReport,key-4876,user011@contoso.example,ws-023,ds-0065,,,Dataset
act-004877,2026-06-07T20:32:00Z,ViewDashboard,key-4877,user128@contoso.example,ws-036,ds-0105,,,Dataset
act-004878,2026-06-06T19:19:00Z,View,key-4878,user036@contoso.example,ws-018,ds-0050,,,Dataset
act-004879,2026-06-17T14:12:00Z,View,key-4879,user036@contoso.example,ws-025,ds-0071,,,Dataset
act-004880,2026-06-19T11:52:00Z,ViewReport,key-4880,user038@contoso.example,ws-011,ds-0030,,,Dataset
act-004881,2026-06-18T23:21:00Z,View,key-4881,user128@contoso.example,ws-029,ds-0086,,,Dataset
act-004882,2026-06-20T23:15:00Z,View,key-4882,user011@contoso.example,ws-011,ds-0031,,,Dataset
act-004883,2026-06-21T04:30:00Z,View,key-4883,user076@contoso.example,ws-045,ds-0132,,,Dataset
act-004884,2026-06-18T14:52:00Z,ViewReport,key-4884,user093@contoso.example,ws-037,ds-0108,,,Dataset
act-004885,2026-06-24T12:58:00Z,View,key-4885,user015@contoso.example,ws-009,ds-0025,,,Dataset
act-004886,2026-06-30T13:38:00Z,RefreshDataset,key-4886,user041@contoso.example,ws-031,ds-0090,,,Dataset
act-004887,2026-06-29T03:06:00Z,ViewReport,key-4887,user085@contoso.example,ws-004,ds-0010,,,Dataset
act-004888,2026-06-07T02:25:00Z,View,key-4888,user101@contoso.example,ws-010,ds-0029,,,Dataset
act-004889,2026-06-16T22:35:00Z,View,key-4889,user114@contoso.example,ws-058,ds-0176,,,Dataset
act-004890,2026-06-25T03:13:00Z,View,key-4890,user034@contoso.example,ws-024,ds-0069,,,Dataset
act-004891,2026-06-20T04:40:00Z,ViewReport,key-4891,user134@contoso.example,ws-046,ds-0138,,,Dataset
act-004892,2026-06-03T00:17:00Z,Export,key-4892,user142@contoso.example,ws-016,ds-0044,,,Dataset
act-004893,2026-06-21T21:20:00Z,View,key-4893,user116@contoso.example,ws-053,ds-0161,,,Dataset
act-004894,2026-06-20T12:20:00Z,ViewReport,key-4894,user075@contoso.example,ws-059,ds-0177,,,Dataset
act-004895,2026-06-12T01:51:00Z,View,key-4895,user067@contoso.example,ws-044,ds-0129,,,Dataset
act-004896,2026-06-18T16:56:00Z,ViewReport,key-4896,user012@contoso.example,ws-029,ds-0086,,,Dataset
act-004897,2026-06-13T18:03:00Z,View,key-4897,user141@contoso.example,ws-028,ds-0079,,,Dataset
act-004898,2026-06-16T16:33:00Z,ViewDashboard,key-4898,user149@contoso.example,ws-046,ds-0139,,,Dataset
act-004899,2026-06-19T09:39:00Z,ViewReport,key-4899,user078@contoso.example,ws-055,ds-0164,,,Dataset
act-004900,2026-06-25T08:54:00Z,View,key-4900,user038@contoso.example,ws-001,ds-0001,,,Dataset
act-004901,2026-06-26T12:37:00Z,View,key-4901,user094@contoso.example,ws-003,ds-0009,,,Dataset
act-004902,2026-06-20T09:03:00Z,ViewReport,key-4902,user034@contoso.example,ws-030,ds-0089,,,Dataset
act-004903,2026-06-04T18:33:00Z,ViewReport,key-4903,user048@contoso.example,ws-049,ds-0147,,,Dataset
act-004904,2026-06-30T00:50:00Z,View,key-4904,user050@contoso.example,ws-044,ds-0128,,,Dataset
act-004905,2026-06-02T17:57:00Z,Export,key-4905,user085@contoso.example,ws-044,ds-0129,,,Dataset
act-004906,2026-06-08T00:10:00Z,View,key-4906,user052@contoso.example,ws-050,ds-0149,,,Dataset
act-004907,2026-06-13T14:28:00Z,View,key-4907,user145@contoso.example,ws-006,ds-0016,,,Dataset
act-004908,2026-06-16T18:08:00Z,View,key-4908,user079@contoso.example,ws-031,ds-0091,,,Dataset
act-004909,2026-06-04T22:49:00Z,RefreshDataset,key-4909,user115@contoso.example,ws-013,ds-0037,,,Dataset
act-004910,2026-06-19T20:06:00Z,View,key-4910,user057@contoso.example,ws-021,ds-0058,,,Dataset
act-004911,2026-06-30T07:08:00Z,View,key-4911,user144@contoso.example,ws-060,ds-0180,,,Dataset
act-004912,2026-06-17T08:49:00Z,ViewReport,key-4912,user005@contoso.example,ws-055,ds-0166,,,Dataset
act-004913,2026-06-10T02:27:00Z,View,key-4913,user046@contoso.example,ws-017,ds-0045,,,Dataset
act-004914,2026-06-05T03:08:00Z,ViewReport,key-4914,user023@contoso.example,ws-057,ds-0172,,,Dataset
act-004915,2026-06-24T10:19:00Z,View,key-4915,user132@contoso.example,ws-055,ds-0167,,,Dataset
act-004916,2026-06-25T11:00:00Z,ViewReport,key-4916,user105@contoso.example,ws-013,ds-0038,,,Dataset
act-004917,2026-06-23T02:01:00Z,ViewReport,key-4917,user100@contoso.example,ws-058,ds-0174,,,Dataset
act-004918,2026-06-27T17:05:00Z,View,key-4918,user064@contoso.example,ws-001,ds-0001,,,Dataset
act-004919,2026-06-29T15:31:00Z,View,key-4919,user126@contoso.example,ws-058,ds-0174,,,Dataset
act-004920,2026-06-08T00:39:00Z,ViewReport,key-4920,user025@contoso.example,ws-054,ds-0163,,,Dataset
act-004921,2026-06-23T09:40:00Z,View,key-4921,user049@contoso.example,ws-035,ds-0101,,,Dataset
act-004922,2026-06-28T15:11:00Z,View,key-4922,user063@contoso.example,ws-006,ds-0015,,,Dataset
act-004923,2026-06-21T05:43:00Z,View,key-4923,user078@contoso.example,ws-027,ds-0077,,,Dataset
act-004924,2026-06-30T00:06:00Z,View,key-4924,user143@contoso.example,ws-015,ds-0041,,,Dataset
act-004925,2026-06-11T13:45:00Z,Export,key-4925,user053@contoso.example,ws-055,ds-0164,,,Dataset
act-004926,2026-06-29T20:48:00Z,View,key-4926,user018@contoso.example,ws-028,ds-0080,,,Dataset
act-004927,2026-06-09T10:23:00Z,View,key-4927,user005@contoso.example,ws-003,ds-0009,,,Dataset
act-004928,2026-06-09T07:05:00Z,View,key-4928,user112@contoso.example,ws-015,ds-0041,,,Dataset
act-004929,2026-06-18T13:27:00Z,View,key-4929,user099@contoso.example,ws-040,ds-0118,,,Dataset
act-004930,2026-06-10T12:57:00Z,ViewDashboard,key-4930,user129@contoso.example,ws-052,ds-0157,,,Dataset
act-004931,2026-06-25T21:12:00Z,View,key-4931,user039@contoso.example,ws-034,ds-0098,,,Dataset
act-004932,2026-06-02T18:18:00Z,ViewReport,key-4932,user105@contoso.example,ws-045,ds-0134,,,Dataset
act-004933,2026-06-17T11:12:00Z,Export,key-4933,user149@contoso.example,ws-008,ds-0022,,,Dataset
act-004934,2026-06-22T19:00:00Z,View,key-4934,user009@contoso.example,ws-059,ds-0177,,,Dataset
act-004935,2026-06-03T09:24:00Z,RefreshDataset,key-4935,user121@contoso.example,ws-010,ds-0029,,,Dataset
act-004936,2026-06-29T01:50:00Z,ViewReport,key-4936,user122@contoso.example,ws-053,ds-0161,,,Dataset
act-004937,2026-06-23T07:56:00Z,View,key-4937,user100@contoso.example,ws-053,ds-0160,,,Dataset
act-004938,2026-06-15T17:49:00Z,View,key-4938,user100@contoso.example,ws-021,ds-0060,,,Dataset
act-004939,2026-06-09T05:21:00Z,View,key-4939,user133@contoso.example,ws-003,ds-0008,,,Dataset
act-004940,2026-06-24T05:15:00Z,ViewReport,key-4940,user051@contoso.example,ws-013,ds-0037,,,Dataset
act-004941,2026-06-20T13:53:00Z,View,key-4941,user079@contoso.example,ws-049,ds-0147,,,Dataset
act-004942,2026-06-23T21:28:00Z,ViewReport,key-4942,user055@contoso.example,ws-058,ds-0174,,,Dataset
act-004943,2026-06-05T07:31:00Z,View,key-4943,user043@contoso.example,ws-015,ds-0041,,,Dataset
act-004944,2026-06-20T05:41:00Z,View,key-4944,user036@contoso.example,ws-009,ds-0023,,,Dataset
act-004945,2026-06-10T00:59:00Z,View,key-4945,user104@contoso.example,ws-035,ds-0101,,,Dataset
act-004946,2026-06-22T19:41:00Z,View,key-4946,user092@contoso.example,ws-026,ds-0074,,,Dataset
act-004947,2026-06-13T18:52:00Z,RefreshDataset,key-4947,user065@contoso.example,ws-014,ds-0039,,,Dataset
act-004948,2026-06-30T11:01:00Z,ViewReport,key-4948,user105@contoso.example,ws-032,ds-0094,,,Dataset
act-004949,2026-06-20T11:42:00Z,View,key-4949,user022@contoso.example,ws-045,ds-0135,,,Dataset
act-004950,2026-06-30T13:47:00Z,View,key-4950,user071@contoso.example,ws-050,ds-0150,,,Dataset
act-004951,2026-06-08T20:48:00Z,ViewReport,key-4951,user019@contoso.example,ws-045,ds-0134,,,Dataset
act-004952,2026-06-05T10:35:00Z,View,key-4952,user101@contoso.example,ws-005,ds-0013,,,Dataset
act-004953,2026-06-06T02:38:00Z,View,key-4953,user112@contoso.example,ws-039,ds-0114,,,Dataset
act-004954,2026-06-02T09:46:00Z,View,key-4954,user038@contoso.example,ws-027,ds-0077,,,Dataset
act-004955,2026-06-09T03:18:00Z,ViewReport,key-4955,user107@contoso.example,ws-013,ds-0038,,,Dataset
act-004956,2026-06-11T12:09:00Z,View,key-4956,user102@contoso.example,ws-038,ds-0109,,,Dataset
act-004957,2026-06-02T08:25:00Z,View,key-4957,user007@contoso.example,ws-027,ds-0077,,,Dataset
act-004958,2026-06-15T05:19:00Z,Export,key-4958,user100@contoso.example,ws-041,ds-0119,,,Dataset
act-004959,2026-06-23T00:58:00Z,ViewReport,key-4959,user056@contoso.example,ws-032,ds-0092,,,Dataset
act-004960,2026-06-03T06:39:00Z,View,key-4960,user136@contoso.example,ws-060,ds-0181,,,Dataset
act-004961,2026-06-07T14:18:00Z,View,key-4961,user058@contoso.example,ws-042,ds-0123,,,Dataset
act-004962,2026-06-16T15:46:00Z,RefreshDataset,key-4962,user048@contoso.example,ws-042,ds-0124,,,Dataset
act-004963,2026-06-10T23:11:00Z,View,key-4963,user131@contoso.example,ws-023,ds-0066,,,Dataset
act-004964,2026-06-10T22:04:00Z,ViewReport,key-4964,user126@contoso.example,ws-017,ds-0046,,,Dataset
act-004965,2026-06-21T13:49:00Z,View,key-4965,user130@contoso.example,ws-010,ds-0028,,,Dataset
act-004966,2026-06-05T13:06:00Z,View,key-4966,user150@contoso.example,ws-015,ds-0041,,,Dataset
act-004967,2026-06-20T17:29:00Z,ViewReport,key-4967,user074@contoso.example,ws-039,ds-0115,,,Dataset
act-004968,2026-06-22T16:04:00Z,View,key-4968,user010@contoso.example,ws-050,ds-0150,,,Dataset
act-004969,2026-06-14T22:35:00Z,View,key-4969,user118@contoso.example,ws-011,ds-0032,,,Dataset
act-004970,2026-06-12T12:05:00Z,View,key-4970,user010@contoso.example,ws-062,ds-0186,,,Dataset
act-004971,2026-06-18T13:30:00Z,View,key-4971,user134@contoso.example,ws-018,ds-0049,,,Dataset
act-004972,2026-06-30T12:32:00Z,View,key-4972,user008@contoso.example,ws-024,ds-0069,,,Dataset
act-004973,2026-06-13T05:17:00Z,View,key-4973,user100@contoso.example,ws-040,ds-0118,,,Dataset
act-004974,2026-06-12T12:39:00Z,ViewReport,key-4974,user138@contoso.example,ws-018,ds-0050,,,Dataset
act-004975,2026-06-24T13:57:00Z,View,key-4975,user047@contoso.example,ws-028,ds-0082,,,Dataset
act-004976,2026-06-01T10:16:00Z,View,key-4976,user033@contoso.example,ws-010,ds-0029,,,Dataset
act-004977,2026-06-17T00:46:00Z,View,key-4977,user077@contoso.example,ws-042,ds-0124,,,Dataset
act-004978,2026-06-15T15:00:00Z,View,key-4978,user149@contoso.example,ws-011,ds-0030,,,Dataset
act-004979,2026-06-13T04:58:00Z,Export,key-4979,user039@contoso.example,ws-002,ds-0005,,,Dataset
act-004980,2026-06-22T07:12:00Z,View,key-4980,user008@contoso.example,ws-034,ds-0098,,,Dataset
act-004981,2026-06-13T11:49:00Z,ViewReport,key-4981,user019@contoso.example,ws-022,ds-0063,,,Dataset
act-004982,2026-06-07T15:34:00Z,View,key-4982,user100@contoso.example,ws-050,ds-0152,,,Dataset
act-004983,2026-06-23T04:59:00Z,View,key-4983,user058@contoso.example,ws-019,ds-0052,,,Dataset
act-004984,2026-06-12T20:59:00Z,View,key-4984,user005@contoso.example,ws-007,ds-0018,,,Dataset
act-004985,2026-06-10T11:34:00Z,ViewReport,key-4985,user057@contoso.example,ws-049,ds-0145,,,Dataset
act-004986,2026-06-23T17:22:00Z,RefreshDataset,key-4986,user036@contoso.example,ws-051,ds-0155,,,Dataset
act-004987,2026-06-10T01:21:00Z,View,key-4987,user081@contoso.example,ws-004,ds-0011,,,Dataset
act-004988,2026-06-26T02:47:00Z,ViewReport,key-4988,user098@contoso.example,ws-002,ds-0006,,,Dataset
act-004989,2026-06-25T13:00:00Z,View,key-4989,user012@contoso.example,ws-033,ds-0096,,,Dataset
act-004990,2026-06-19T10:36:00Z,ViewReport,key-4990,user055@contoso.example,ws-015,ds-0041,,,Dataset
act-004991,2026-06-19T20:41:00Z,View,key-4991,user135@contoso.example,ws-044,ds-0129,,,Dataset
act-004992,2026-06-21T16:15:00Z,View,key-4992,user096@contoso.example,ws-015,ds-0042,,,Dataset
act-004993,2026-06-27T15:03:00Z,View,key-4993,user106@contoso.example,ws-016,ds-0044,,,Dataset
act-004994,2026-06-18T23:24:00Z,ViewDashboard,key-4994,user012@contoso.example,ws-036,ds-0104,,,Dataset
act-004995,2026-06-06T17:38:00Z,RefreshDataset,key-4995,user047@contoso.example,ws-057,ds-0171,,,Dataset
act-004996,2026-06-17T02:16:00Z,View,key-4996,user101@contoso.example,ws-052,ds-0158,,,Dataset
act-004997,2026-06-30T11:56:00Z,Export,key-4997,user025@contoso.example,ws-039,ds-0112,,,Dataset
act-004998,2026-06-27T22:30:00Z,View,key-4998,user094@contoso.example,ws-048,ds-0142,,,Dataset
act-004999,2026-06-09T21:48:00Z,ViewReport,key-4999,user099@contoso.example,ws-048,ds-0142,,,Dataset
act-005000,2026-06-26T02:47:00Z,View,key-5000,user143@contoso.example,ws-007,ds-0018,,,Dataset
